round_start_unix,slug,slot_s_remaining,snap_utc,clock_remaining_s,ui_countdown_s,ui_clock_drift_s,ui_current_price,price_to_beat,gap_bps,gap_bucket,ui_up_cents,ui_down_cents,api_twap60,api_spot,book_up_bid,book_up_ask,book_down_bid,book_down_ask,leader_side,market_favourite_side,page_leader_agrees_with_market,data_source,ui_read_latency_ms,outcome_official,leader_won
1790522100,btc-updown-5m-1790522100,90,2026-09-27T15:18:30.584Z,89.4,,,84554.57,84486.98,7.9991,4-8,,,84554.57,84548.23,0.99,,,0.01,Up,Up,yes,api_fallback(ui_unavailable),,Up,1
1790522100,btc-updown-5m-1790522100,75,2026-09-27T15:18:45.833Z,74.2,,,84554.09,84486.98,7.9428,4-8,,,84554.09,84553.04,0.99,,,0.01,Up,Up,yes,api_fallback(ui_unavailable),,Up,1
1790522100,btc-updown-5m-1790522100,60,2026-09-27T15:19:00.809Z,59.2,,,84553.77,84486.98,7.9055,4-8,,,84553.77,84555.97,0.99,,,0.01,Up,Up,yes,api_fallback(ui_unavailable),,Up,1
1790522100,btc-updown-5m-1790522100,45,2026-09-27T15:19:15.789Z,44.2,49,4.8,84553.68,84470.55,9.8413,8+,,0.01,84553.53,84545.31,0.99,,,0.01,Up,Up,yes,ui,755,Up,1
1790522100,btc-updown-5m-1790522100,30,2026-09-27T15:19:30.554Z,29.4,34,4.5,84552.76,84470.55,9.7324,8+,,0.01,84552.77,84547.02,0.99,,,0.01,Up,Up,yes,ui,188,Up,1
1790522100,btc-updown-5m-1790522100,15,2026-09-27T15:19:45.577Z,14.4,19,4.5,84549.99,84470.55,9.4045,8+,,0.01,84549.66,84539.51,0.99,,,0.01,Up,Up,yes,ui,187,Up,1
1790522400,btc-updown-5m-1790522400,240,2026-09-27T15:21:05.529Z,234.5,,,84542.71,84544.55,-0.2175,0-0.5,,,84542.71,84531.7,0.68,0.69,0.31,0.32,Down,Up,no,api_fallback(ui_unavailable),,Up,0
1790522400,btc-updown-5m-1790522400,210,2026-09-27T15:21:35.336Z,204.7,,,84531.17,84544.55,-1.582,1-2,,,84531.17,84507.19,0.71,0.72,0.28,0.29,Down,Up,no,api_fallback(ui_unavailable),,Up,0
1790522400,btc-updown-5m-1790522400,180,2026-09-27T15:22:04.527Z,175.5,,,84535.24,84544.55,-1.1011,1-2,,,84535.24,84563.33,0.91,0.92,0.08,0.09,Down,Up,no,api_fallback(ui_unavailable),,Up,0
1790522400,btc-updown-5m-1790522400,150,2026-09-27T15:22:34.550Z,145.4,,,84549.52,84544.55,0.5878,0.5-1,,,84549.52,84540.87,0.8,0.81,0.19,0.2,Up,Up,yes,api_fallback(ui_unavailable),,Up,1
1790522400,btc-updown-5m-1790522400,120,2026-09-27T15:23:04.266Z,115.7,,,84553.37,84544.55,1.0435,1-2,,,84553.37,84561.38,0.89,0.9,0.1,0.11,Up,Up,yes,api_fallback(ui_unavailable),,Up,1
1790522400,btc-updown-5m-1790522400,90,2026-09-27T15:23:35.775Z,84.2,,,84559.12,84544.55,1.723,1-2,,,84559.12,84575.0,0.94,0.95,0.05,0.06,Up,Up,yes,api_fallback(ui_unavailable),,Up,1
1790522400,btc-updown-5m-1790522400,75,2026-09-27T15:23:50.479Z,69.5,,,84567.31,84544.55,2.6924,2-4,,,84567.31,84581.42,0.97,0.98,0.02,0.03,Up,Up,yes,api_fallback(ui_unavailable),,Up,1
1790522400,btc-updown-5m-1790522400,60,2026-09-27T15:24:04.280Z,55.7,67,11.3,84572.37,84544.55,3.2906,2-4,0.94,0.07,84572.37,84580.32,0.98,0.99,0.01,0.02,Up,Up,yes,api_fallback(ui_late),3929,Up,1
1790522400,btc-updown-5m-1790522400,45,2026-09-27T15:24:17.824Z,42.2,47,4.8,84556.27,84544.14,1.4348,1-2,0.99,0.02,84575.78,84575.29,0.99,,,0.01,Up,Up,yes,ui,2555,Up,1
1790522400,btc-updown-5m-1790522400,30,2026-09-27T15:24:31.264Z,28.7,34,5.3,84578.26,84544.14,4.0358,4-8,,0.01,84578.28,84573.72,0.99,,,0.01,Up,Up,yes,ui,925,Up,1
1790522400,btc-updown-5m-1790522400,15,2026-09-27T15:24:46.039Z,14.0,19,5.0,84576.15,84544.14,3.7862,2-4,,0.01,84576.15,84533.59,0.99,,,0.01,Up,Up,yes,ui,708,Up,1
1790522700,btc-updown-5m-1790522700,240,2026-09-27T15:26:04.556Z,235.4,,,84559.88,84549.03,1.283,1-2,,,84559.88,84551.43,0.38,0.39,0.62,0.63,Up,Down,no,api_fallback(ui_unavailable),,Up,1
1790522700,btc-updown-5m-1790522700,210,2026-09-27T15:26:34.789Z,205.2,,,84552.89,84549.03,0.4571,0-0.5,,,84552.89,84529.62,0.29,0.3,0.7,0.71,Up,Down,no,api_fallback(ui_unavailable),,Up,1
1790522700,btc-updown-5m-1790522700,180,2026-09-27T15:27:04.840Z,175.2,,,84527.24,84549.03,-2.5768,2-4,,,84527.24,84471.07,0.36,0.37,0.63,0.64,Down,Down,yes,api_fallback(ui_unavailable),,Up,0
1790522700,btc-updown-5m-1790522700,150,2026-09-27T15:27:34.569Z,145.4,,,84478.73,84549.03,-8.3146,8+,,,84478.73,84447.83,0.19,0.2,0.8,0.81,Down,Down,yes,api_fallback(ui_unavailable),,Up,0
1790522700,btc-updown-5m-1790522700,120,2026-09-27T15:28:04.568Z,115.4,,,84465.9,84549.03,-9.8319,8+,,,84465.9,84519.18,0.29,0.3,0.7,0.71,Down,Down,yes,api_fallback(ui_unavailable),,Up,0
1790522700,btc-updown-5m-1790522700,90,2026-09-27T15:28:33.047Z,87.0,92,5.0,84510.68,84566.15,-6.5594,4-8,0.3,0.71,84498.72,84519.67,0.25,0.26,0.74,0.75,Down,Down,yes,ui,2788,Up,0
1790522700,btc-updown-5m-1790522700,75,2026-09-27T15:28:49.569Z,70.4,,,84520.92,84549.03,-3.3247,2-4,,,84520.92,84540.51,0.47,0.48,0.52,0.53,Down,Down,yes,api_fallback(ui_unavailable),,Up,0
1790522700,btc-updown-5m-1790522700,60,2026-09-27T15:29:05.324Z,54.7,,,84529.11,84549.03,-2.3563,2-4,,,84529.11,84556.31,0.44,0.45,0.56,0.57,Down,Down,yes,api_fallback(ui_unavailable),,Up,0
1790522700,btc-updown-5m-1790522700,45,2026-09-27T15:29:19.568Z,40.4,,,84538.4,84549.03,-1.2576,1-2,,,84538.4,84565.61,0.88,0.9,0.12,0.19,Down,Up,no,api_fallback(ui_unavailable),,Up,0
1790522700,btc-updown-5m-1790522700,30,2026-09-27T15:29:34.546Z,25.5,,,84549.25,84549.03,0.0261,0-0.5,,,84549.25,84576.97,0.97,0.98,0.02,0.03,Up,Up,yes,api_fallback(ui_unavailable),,Up,1
1790522700,btc-updown-5m-1790522700,15,2026-09-27T15:29:48.332Z,11.7,16,4.3,84461.85,84566.15,-12.3335,8+,,0.01,84562.27,84585.48,0.99,,,0.01,Down,Up,no,ui,2998,Up,0
1790523000,btc-updown-5m-1790523000,180,2026-09-27T15:32:01.037Z,179.0,,,84567.98,84598.95,-3.6608,2-4,,,84567.98,84531.59,0.2,0.21,0.79,0.8,Down,Down,yes,api_fallback(ui_unavailable),,Down,1
1790523000,btc-updown-5m-1790523000,150,2026-09-27T15:32:30.549Z,149.5,,,84541.09,84598.95,-6.8391,4-8,,,84541.09,84531.94,0.12,0.13,0.87,0.88,Down,Down,yes,api_fallback(ui_unavailable),,Down,1
1790523000,btc-updown-5m-1790523000,120,2026-09-27T15:33:06.789Z,113.2,,,84542.62,84598.95,-6.6587,4-8,,,84542.62,84579.31,0.45,0.46,0.54,0.55,Down,Down,yes,api_fallback(ui_unavailable),,Down,1
1790523000,btc-updown-5m-1790523000,90,2026-09-27T15:33:38.007Z,82.0,,,84564.3,84598.95,-4.0955,4-8,,,84564.3,84549.45,0.21,0.22,0.81,0.82,Down,Down,yes,api_fallback(ui_unavailable),,Down,1
1790523000,btc-updown-5m-1790523000,75,2026-09-27T15:33:52.482Z,67.5,,,84563.65,84598.95,-4.1724,4-8,,,84563.65,84542.74,0.07,0.08,0.92,0.93,Down,Down,yes,api_fallback(ui_unavailable),,Down,1
1790523000,btc-updown-5m-1790523000,60,2026-09-27T15:34:06.247Z,53.8,,,84559.45,84598.95,-4.6695,4-8,,,84559.45,84541.65,0.02,0.03,0.97,0.98,Down,Down,yes,api_fallback(ui_unavailable),,Down,1
1790523000,btc-updown-5m-1790523000,45,2026-09-27T15:34:20.841Z,39.2,,,84549.85,84598.95,-5.804,4-8,,,84549.85,84547.2,,0.01,0.99,,Down,Down,yes,api_fallback(ui_unavailable),,Down,1
1790523000,btc-updown-5m-1790523000,30,2026-09-27T15:34:31.970Z,28.0,31,2.8,84562.23,84573.67,-1.3527,1-2,0.01,,84543.48,84522.12,,0.01,0.99,,Down,Down,yes,ui,1799,Down,1
1790523000,btc-updown-5m-1790523000,15,2026-09-27T15:34:45.772Z,14.2,17,2.8,84535.97,84573.67,-4.4577,4-8,0.01,,84535.1,84510.29,,0.01,0.99,,Down,Down,yes,ui,518,Down,1
1790523300,btc-updown-5m-1790523300,210,2026-09-27T15:36:37.517Z,202.5,,,84499.63,84504.99,-0.6343,0.5-1,,,84499.63,84518.91,0.54,0.55,0.43,0.44,Down,Up,no,api_fallback(ui_unavailable),,Down,1
1790523300,btc-updown-5m-1790523300,180,2026-09-27T15:37:00.556Z,179.4,,,84508.76,84504.99,0.4469,0-0.5,,,84508.76,84516.09,0.31,0.32,0.68,0.69,Up,Down,no,api_fallback(ui_unavailable),,Down,0
1790523300,btc-updown-5m-1790523300,150,2026-09-27T15:37:34.768Z,145.2,149,3.8,84516.45,84504.99,1.3565,1-2,0.28,0.73,84516.45,84507.6,0.27,0.28,0.72,0.73,Up,Down,no,api_fallback(ui_incomplete),2740,Down,0
1790523300,btc-updown-5m-1790523300,120,2026-09-27T15:38:02.074Z,117.9,123,5.1,84504.56,84504.99,-0.051,0-0.5,0.1,0.91,84504.56,84482.26,0.09,0.1,0.9,0.91,Down,Down,yes,api_fallback(ui_incomplete),1527,Down,1
1790523300,btc-updown-5m-1790523300,90,2026-09-27T15:38:31.028Z,89.0,91,2.0,84490.31,84504.99,-1.7365,1-2,0.03,0.98,84490.31,84467.32,0.02,0.03,0.97,0.98,Down,Down,yes,api_fallback(ui_incomplete),258,Down,1
1790523300,btc-updown-5m-1790523300,75,2026-09-27T15:38:45.774Z,74.2,77,2.8,84480.7,84504.99,-2.8735,2-4,0.02,0.99,84480.7,84466.34,0.01,0.02,0.98,0.99,Down,Down,yes,api_fallback(ui_incomplete),696,Down,1
1790523300,btc-updown-5m-1790523300,60,2026-09-27T15:39:02.078Z,57.9,62,4.1,84475.96,84504.99,-3.4344,2-4,0.01,,84475.96,84479.14,,0.01,0.99,,Down,Down,yes,api_fallback(ui_incomplete),1017,Down,1
1790523300,btc-updown-5m-1790523300,45,2026-09-27T15:39:15.545Z,44.5,47,2.5,84474.18,84504.99,-3.6458,2-4,0.01,,84474.18,84476.82,,0.01,0.99,,Down,Down,yes,api_fallback(ui_incomplete),188,Down,1
1790523300,btc-updown-5m-1790523300,30,2026-09-27T15:39:30.260Z,29.7,32,2.1,84472.03,84504.99,-3.8996,2-4,0.01,,84472.03,84473.89,,0.01,0.99,,Down,Down,yes,api_fallback(ui_incomplete),44,Down,1
1790523300,btc-updown-5m-1790523300,15,2026-09-27T15:39:45.589Z,14.4,17,2.5,84473.77,84504.99,-3.6943,2-4,0.01,,84473.77,84465.99,,0.01,0.99,,Down,Down,yes,api_fallback(ui_incomplete),187,Down,1
1790523600,btc-updown-5m-1790523600,240,2026-09-27T15:41:00.298Z,239.7,242,2.3,84463.75,84466.39,-0.3121,0-0.5,0.48,0.53,84463.75,84469.77,0.47,0.48,0.52,0.53,Down,Down,yes,api_fallback(ui_incomplete),215,Down,1
1790523600,btc-updown-5m-1790523600,210,2026-09-27T15:41:34.982Z,205.0,209,4.0,84468.09,84466.39,0.2009,0-0.5,0.35,0.66,84468.09,84480.73,0.24,0.25,0.75,0.76,Up,Down,no,api_fallback(ui_incomplete),1735,Down,0
1790523600,btc-updown-5m-1790523600,180,2026-09-27T15:42:12.033Z,168.0,,,84468.49,84466.39,0.249,0-0.5,,,84468.49,84458.01,0.14,0.15,0.85,0.86,Up,Down,no,api_fallback(ui_unavailable),,Down,0
1790523600,btc-updown-5m-1790523600,150,2026-09-27T15:42:39.548Z,140.5,,,84463.22,84466.39,-0.3752,0-0.5,,,84463.22,84471.81,0.25,0.26,0.74,0.75,Down,Down,yes,api_fallback(ui_unavailable),,Down,1
1790523600,btc-updown-5m-1790523600,120,2026-09-27T15:43:01.049Z,119.0,122,3.0,84462.68,84466.39,-0.439,0-0.5,0.08,0.93,84462.68,84459.71,0.07,0.08,0.92,0.93,Down,Down,yes,api_fallback(ui_incomplete),454,Down,1
1790523600,btc-updown-5m-1790523600,90,2026-09-27T15:43:32.089Z,87.9,92,4.1,84463.28,84466.39,-0.3679,0-0.5,0.12,0.89,84463.28,84461.15,0.13,0.14,0.86,0.87,Down,Down,yes,api_fallback(ui_incomplete),498,Down,1
1790523600,btc-updown-5m-1790523600,75,2026-09-27T15:43:46.250Z,73.7,76,2.2,84462.44,84466.39,-0.4669,0-0.5,0.08,0.93,84462.44,84465.93,0.07,0.08,0.92,0.93,Down,Down,yes,api_fallback(ui_incomplete),704,Down,1
1790523600,btc-updown-5m-1790523600,60,2026-09-27T15:44:13.066Z,46.9,51,4.1,84461.14,84466.39,-0.6209,0.5-1,0.04,0.97,84461.14,84458.2,0.01,0.02,0.98,0.99,Down,Down,yes,api_fallback(ui_incomplete),3040,Down,1
1790523600,btc-updown-5m-1790523600,45,2026-09-27T15:44:16.091Z,43.9,47,3.1,84461.08,84466.39,-0.6285,0.5-1,0.02,0.99,84461.08,84459.31,0.01,0.02,0.98,0.99,Down,Down,yes,api_fallback(ui_incomplete),779,Down,1
1790523600,btc-updown-5m-1790523600,30,2026-09-27T15:44:32.808Z,27.2,30,2.8,84461.48,84466.39,-0.581,0.5-1,0.01,,84461.48,84470.57,,0.01,0.99,,Down,Down,yes,api_fallback(ui_incomplete),769,Down,1
1790523600,btc-updown-5m-1790523600,15,2026-09-27T15:44:45.242Z,14.8,17,2.1,84459.9,84466.39,-0.7684,0.5-1,0.01,,84459.9,84430.37,,0.01,0.99,,Down,Down,yes,api_fallback(ui_incomplete),69,Down,1
1790523900,btc-updown-5m-1790523900,180,2026-09-27T15:47:01.549Z,178.5,,,84427.88,84448.28,-2.4157,2-4,,,84427.88,84450.48,0.6,0.61,0.39,0.4,Down,Up,no,api_fallback(ui_unavailable),,Up,0
1790523900,btc-updown-5m-1790523900,150,2026-09-27T15:47:30.297Z,149.7,,,84443.82,84448.28,-0.5282,0.5-1,,,84443.82,84463.46,0.79,0.8,0.2,0.21,Down,Up,no,api_fallback(ui_unavailable),,Up,0
1790523900,btc-updown-5m-1790523900,120,2026-09-27T15:48:03.228Z,116.8,122,5.1,84462.25,84448.28,1.6543,1-2,0.9,0.11,84463.82,84475.49,0.89,0.9,0.1,0.11,Up,Up,yes,ui,3010,Up,1
1790523900,btc-updown-5m-1790523900,90,2026-09-27T15:48:31.290Z,88.7,93,4.3,84473.0,84448.28,2.9272,2-4,0.92,0.09,84473.36,84475.52,0.94,0.95,0.05,0.06,Up,Up,yes,ui,1011,Up,1
1790523900,btc-updown-5m-1790523900,75,2026-09-27T15:48:45.783Z,74.2,78,3.8,84475.02,84448.28,3.1664,2-4,0.97,0.04,84475.05,84475.42,0.96,0.97,0.03,0.04,Up,Up,yes,ui,280,Up,1
1790523900,btc-updown-5m-1790523900,60,2026-09-27T15:49:00.575Z,59.4,64,4.5,84475.26,84448.28,3.1949,2-4,0.98,0.03,84475.26,84474.39,0.97,0.98,0.02,0.03,Up,Up,yes,ui,171,Up,1
1790523900,btc-updown-5m-1790523900,45,2026-09-27T15:49:15.550Z,44.4,49,4.5,84475.03,84448.28,3.1676,2-4,,0.01,84474.82,84474.28,0.99,,,0.01,Up,Up,yes,ui,225,Up,1
1790523900,btc-updown-5m-1790523900,30,2026-09-27T15:49:30.481Z,29.5,33,3.3,84475.03,84448.28,3.1676,2-4,,0.01,84474.74,84475.0,0.99,,,0.01,Up,Up,yes,ui,76,Up,1
1790523900,btc-updown-5m-1790523900,15,2026-09-27T15:49:45.314Z,14.7,18,3.3,84475.03,84448.28,3.1676,2-4,,0.01,84474.84,84475.74,0.99,,,0.01,Up,Up,yes,ui,167,Up,1
1790524200,btc-updown-5m-1790524200,240,2026-09-27T15:51:00.548Z,239.5,244,4.5,84472.08,84475.08,-0.3551,0-0.5,0.51,0.5,84472.08,84469.39,0.5,0.51,0.49,0.5,Down,Up,no,ui,311,Down,1
1790524200,btc-updown-5m-1790524200,210,2026-09-27T15:51:35.276Z,204.7,214,9.3,84471.18,84475.22,-0.4786,0-0.5,0.68,0.33,84471.18,84481.57,0.78,0.79,0.21,0.22,Down,Up,no,api_fallback(ui_late),4990,Down,1
1790524200,btc-updown-5m-1790524200,180,2026-09-27T15:52:06.309Z,173.7,,,84471.13,84475.22,-0.4843,0-0.5,,,84471.13,84447.77,0.28,0.29,0.71,0.72,Down,Down,yes,api_fallback(ui_unavailable),,Down,1
1790524200,btc-updown-5m-1790524200,150,2026-09-27T15:52:37.571Z,142.4,,,84459.85,84475.22,-1.8194,1-2,,,84459.85,84439.34,0.18,0.19,0.81,0.82,Down,Down,yes,api_fallback(ui_unavailable),,Down,1
1790524200,btc-updown-5m-1790524200,120,2026-09-27T15:53:02.761Z,117.2,123,5.8,84450.79,84475.08,-2.8754,2-4,0.2,0.81,84449.87,84450.2,0.3,0.31,0.68,0.69,Down,Down,yes,ui,2427,Down,1
1790524200,btc-updown-5m-1790524200,90,2026-09-27T15:53:35.259Z,84.7,92,7.3,84454.35,84475.22,-2.4712,2-4,0.35,0.66,84454.35,84449.16,0.11,0.12,0.88,0.89,Down,Down,yes,api_fallback(ui_late),5215,Down,1
1790524200,btc-updown-5m-1790524200,75,2026-09-27T15:53:49.283Z,70.7,78,7.3,84456.36,84475.22,-2.2326,2-4,0.45,0.56,84456.36,84447.03,0.07,0.08,0.92,0.93,Down,Down,yes,api_fallback(ui_late),4000,Down,1
1790524200,btc-updown-5m-1790524200,60,2026-09-27T15:54:02.791Z,57.2,62,4.8,84456.25,84475.08,-2.2291,2-4,0.26,0.75,84455.86,84431.41,,0.01,0.99,,Down,Down,yes,ui,2477,Down,1
1790524200,btc-updown-5m-1790524200,45,2026-09-27T15:54:21.534Z,38.5,,,84447.75,84475.22,-3.252,2-4,,,84447.75,84438.78,,0.01,0.99,,Down,Down,yes,api_fallback(ui_unavailable),,Down,1
1790524200,btc-updown-5m-1790524200,30,2026-09-27T15:54:30.569Z,29.4,33,3.6,84443.5,84475.08,-3.7384,2-4,0.01,,84443.5,84439.2,,0.01,0.99,,Down,Down,yes,ui,53,Down,1
1790524200,btc-updown-5m-1790524200,15,2026-09-27T15:54:46.241Z,13.8,17,3.2,84436.5,84475.08,-4.567,4-8,0.01,,84436.5,84415.66,,0.01,0.99,,Down,Down,yes,ui,909,Down,1
1790524500,btc-updown-5m-1790524500,240,2026-09-27T15:56:06.994Z,233.0,,,84442.24,84429.98,1.4515,1-2,,,84442.24,84429.84,0.44,0.45,0.55,0.56,Up,Down,no,api_fallback(ui_unavailable),,Up,1
1790524500,btc-updown-5m-1790524500,210,2026-09-27T15:56:35.579Z,204.4,,,84436.45,84429.98,0.7657,0.5-1,,,84436.45,84427.45,0.43,0.44,0.56,0.57,Up,Down,no,api_fallback(ui_unavailable),,Up,1
1790524500,btc-updown-5m-1790524500,180,2026-09-27T15:57:06.484Z,173.5,,,84432.95,84429.98,0.3516,0-0.5,,,84432.95,84428.2,0.42,0.43,0.57,0.58,Up,Down,no,api_fallback(ui_unavailable),,Up,1
1790524500,btc-updown-5m-1790524500,150,2026-09-27T15:57:34.795Z,145.2,153,7.8,84430.75,84429.98,0.0906,0-0.5,0.41,0.61,84430.75,84423.65,0.52,0.53,0.47,0.48,Up,Up,yes,api_fallback(ui_late),4718,Up,1
1790524500,btc-updown-5m-1790524500,120,2026-09-27T15:58:05.799Z,114.2,,,84423.89,84429.98,-0.7222,0.5-1,,,84423.89,84427.14,0.45,0.46,0.54,0.55,Down,Down,yes,api_fallback(ui_unavailable),,Up,0
1790524500,btc-updown-5m-1790524500,90,2026-09-27T15:58:34.246Z,85.8,93,7.2,84425.78,84429.98,-0.4974,0-0.5,0.42,0.59,84425.78,84440.2,0.57,0.58,0.4,0.43,Down,Up,no,api_fallback(ui_late),3921,Up,0
1790524500,btc-updown-5m-1790524500,75,2026-09-27T15:58:48.805Z,71.2,79,7.8,84431.25,84429.98,0.1499,0-0.5,0.35,0.66,84431.25,84444.68,0.86,0.87,0.13,0.14,Up,Up,yes,api_fallback(ui_late),3706,Up,1
1790524500,btc-updown-5m-1790524500,60,2026-09-27T15:59:00.589Z,59.4,64,4.6,84436.64,84429.98,0.7888,0.5-1,0.97,0.04,84437.24,84455.52,0.96,0.97,0.03,0.04,Up,Up,yes,ui,313,Up,1
1790524500,btc-updown-5m-1790524500,45,2026-09-27T15:59:15.240Z,44.8,49,4.2,84443.33,84429.98,1.5812,1-2,0.97,0.04,84444.17,84455.44,0.99,,,0.01,Up,Up,yes,ui,233,Up,1
1790524500,btc-updown-5m-1790524500,30,2026-09-27T15:59:30.831Z,29.2,34,4.8,84449.75,84429.98,2.3416,2-4,0.97,0.04,84450.12,84455.36,0.99,,,0.01,Up,Up,yes,ui,505,Up,1
1790524500,btc-updown-5m-1790524500,15,2026-09-27T15:59:45.475Z,14.5,19,4.5,84451.66,84429.98,2.5678,2-4,0.97,0.04,84451.66,84434.67,0.99,,,0.01,Up,Up,yes,ui,201,Up,1
1790524800,btc-updown-5m-1790524800,240,2026-09-27T16:01:00.488Z,239.5,244,4.3,84456.62,84448.63,0.9461,0.5-1,0.6,0.41,84456.62,84466.15,0.59,0.6,0.4,0.41,Up,Up,yes,ui,89,Up,1
1790524800,btc-updown-5m-1790524800,210,2026-09-27T16:01:31.020Z,209.0,214,5.0,84465.14,84448.63,1.955,1-2,0.6,0.41,84465.38,84465.67,0.59,0.6,0.4,0.41,Up,Up,yes,ui,1001,Up,1
1790524800,btc-updown-5m-1790524800,180,2026-09-27T16:02:06.761Z,173.2,,,84467.42,84448.63,2.2247,2-4,,,84467.42,84472.03,0.73,0.74,0.26,0.27,Up,Up,yes,api_fallback(ui_unavailable),,Up,1
1790524800,btc-updown-5m-1790524800,150,2026-09-27T16:02:37.340Z,142.7,,,84465.07,84448.63,1.9465,1-2,,,84465.07,84448.56,0.51,0.52,0.48,0.49,Up,Up,yes,api_fallback(ui_unavailable),,Up,1
1790524800,btc-updown-5m-1790524800,120,2026-09-27T16:03:05.972Z,114.0,,,84457.71,84448.63,1.0751,1-2,,,84457.71,84452.12,0.57,0.58,0.42,0.43,Up,Up,yes,api_fallback(ui_unavailable),,Up,1
1790524800,btc-updown-5m-1790524800,90,2026-09-27T16:03:39.077Z,80.9,,,84450.52,84448.63,0.2228,0-0.5,,,84450.52,84460.46,0.44,0.45,0.56,0.57,Up,Down,no,api_fallback(ui_unavailable),,Up,1
1790524800,btc-updown-5m-1790524800,75,2026-09-27T16:03:49.746Z,70.3,75,4.7,84450.52,84448.63,0.2238,0-0.5,0.5,0.51,84452.94,84468.98,0.9,0.91,0.09,0.1,Up,Up,yes,ui,4423,Up,1
1790524800,btc-updown-5m-1790524800,60,2026-09-27T16:04:05.982Z,54.0,,,84456.41,84448.63,0.9207,0.5-1,,,84456.41,84465.56,0.86,0.9,0.25,0.26,Up,Up,yes,api_fallback(ui_unavailable),,Up,1
1790524800,btc-updown-5m-1790524800,45,2026-09-27T16:04:17.996Z,42.0,49,7.0,84461.16,84448.63,1.4827,1-2,0.88,0.13,84461.16,84504.25,0.99,,,0.01,Up,Up,yes,api_fallback(ui_late),2653,Up,1
1790524800,btc-updown-5m-1790524800,30,2026-09-27T16:04:36.827Z,23.2,,,84480.64,84448.63,3.7898,2-4,,,84480.64,84511.21,0.99,,,0.01,Up,Up,yes,api_fallback(ui_unavailable),,Up,1
1790524800,btc-updown-5m-1790524800,15,2026-09-27T16:04:46.259Z,13.7,20,6.3,84487.87,84448.63,4.6466,4-8,0.92,0.09,84487.87,84517.95,0.99,,,0.01,Up,Up,yes,api_fallback(ui_late),956,Up,1
1790525100,btc-updown-5m-1790525100,240,2026-09-27T16:06:01.287Z,238.7,244,5.3,84531.76,84502.85,3.4212,2-4,0.86,0.15,84532.19,84533.44,0.85,0.86,0.14,0.15,Up,Up,yes,ui,953,Up,1
1790525100,btc-updown-5m-1790525100,210,2026-09-27T16:06:30.514Z,209.5,214,4.5,84534.09,84502.85,3.6969,2-4,0.94,0.07,84534.09,84541.33,0.93,0.94,0.06,0.07,Up,Up,yes,ui,434,Up,1
1790525100,btc-updown-5m-1790525100,180,2026-09-27T16:07:00.484Z,179.5,184,4.3,84539.73,84502.85,4.3643,4-8,0.97,0.04,84539.73,84558.17,0.96,0.97,0.03,0.04,Up,Up,yes,ui,229,Up,1
1790525100,btc-updown-5m-1790525100,150,2026-09-27T16:07:31.254Z,148.7,154,5.3,84553.74,84502.85,6.0223,4-8,0.99,0.02,84554.39,84560.17,0.98,0.99,0.01,0.02,Up,Up,yes,ui,1168,Up,1
1790525100,btc-updown-5m-1790525100,120,2026-09-27T16:08:00.552Z,119.4,124,4.5,84558.88,84502.85,6.6305,4-8,0.97,0.04,84558.88,84546.15,0.96,0.97,0.03,0.04,Up,Up,yes,ui,265,Up,1
1790525100,btc-updown-5m-1790525100,90,2026-09-27T16:08:30.488Z,89.5,94,4.5,84551.33,84502.85,5.7371,4-8,0.98,0.03,84551.33,84548.78,0.97,0.98,0.02,0.03,Up,Up,yes,ui,486,Up,1
1790525100,btc-updown-5m-1790525100,75,2026-09-27T16:08:45.329Z,74.7,79,4.3,84549.15,84502.85,5.4791,4-8,0.99,0.02,84548.84,84548.02,0.98,0.99,0.01,0.02,Up,Up,yes,ui,259,Up,1
1790525100,btc-updown-5m-1790525100,60,2026-09-27T16:09:00.489Z,59.5,63,3.5,84548.17,84502.85,5.3631,4-8,,0.01,84548.17,84554.92,0.99,,,0.01,Up,Up,yes,ui,474,Up,1
1790525100,btc-updown-5m-1790525100,45,2026-09-27T16:09:15.302Z,44.7,48,3.3,84550.21,84502.85,5.6045,4-8,,0.01,84550.21,84546.66,0.99,,,0.01,Up,Up,yes,ui,270,Up,1
1790525100,btc-updown-5m-1790525100,30,2026-09-27T16:09:30.570Z,29.4,33,3.6,84550.41,84502.85,5.6282,4-8,,0.001,84550.41,84551.03,0.999,,,0.001,Up,Up,yes,ui,84,Up,1
1790525100,btc-updown-5m-1790525100,15,2026-09-27T16:09:45.585Z,14.4,18,3.6,84552.96,84502.85,5.93,4-8,,0.001,84553.34,84569.81,0.999,,,0.001,Up,Up,yes,ui,304,Up,1
1790525400,btc-updown-5m-1790525400,240,2026-09-27T16:11:04.083Z,235.9,243,7.1,84552.74,84558.12,-0.6356,0.5-1,0.24,0.77,84552.74,84530.34,0.23,0.24,0.76,0.77,Down,Down,yes,api_fallback(ui_late),4012,Down,1
1790525400,btc-updown-5m-1790525400,210,2026-09-27T16:11:30.340Z,209.7,215,5.3,84538.13,84558.12,-2.3641,2-4,0.16,0.85,84537.52,84518.44,0.14,0.15,0.85,0.86,Down,Down,yes,ui,254,Down,1
1790525400,btc-updown-5m-1790525400,180,2026-09-27T16:12:02.089Z,177.9,182,4.1,84522.48,84558.12,-4.2149,4-8,0.13,0.88,84521.86,84520.58,0.12,0.13,0.87,0.88,Down,Down,yes,ui,1577,Down,1
1790525400,btc-updown-5m-1790525400,150,2026-09-27T16:12:30.551Z,149.4,154,4.3,84520.11,84558.12,-4.4951,4-8,0.11,0.9,84520.11,84520.24,0.1,0.11,0.89,0.9,Down,Down,yes,ui,222,Down,1
1790525400,btc-updown-5m-1790525400,120,2026-09-27T16:13:01.339Z,118.7,123,4.3,84523.19,84558.12,-4.1309,4-8,0.14,0.87,84523.52,84530.86,0.12,0.13,0.87,0.88,Down,Down,yes,ui,1025,Down,1
1790525400,btc-updown-5m-1790525400,90,2026-09-27T16:13:31.756Z,88.2,94,5.7,84530.75,84558.12,-3.2368,2-4,0.11,0.9,84531.07,84535.49,0.1,0.11,0.89,0.9,Down,Down,yes,ui,1722,Down,1
1790525400,btc-updown-5m-1790525400,75,2026-09-27T16:13:51.231Z,68.8,,,84535.25,84558.12,-2.7042,2-4,,,84535.25,84538.6,0.09,0.1,0.9,0.91,Down,Down,yes,api_fallback(ui_unavailable),,Down,1
1790525400,btc-updown-5m-1790525400,60,2026-09-27T16:14:05.789Z,54.2,,,84537.98,84558.12,-2.3812,2-4,,,84537.98,84541.32,0.03,0.04,0.96,0.97,Down,Down,yes,api_fallback(ui_unavailable),,Down,1
1790525400,btc-updown-5m-1790525400,45,2026-09-27T16:14:15.805Z,44.2,49,4.8,84539.4,84558.12,-2.2139,2-4,0.02,0.99,84539.45,84541.77,0.01,0.02,0.98,0.99,Down,Down,yes,ui,495,Down,1
1790525400,btc-updown-5m-1790525400,30,2026-09-27T16:14:30.270Z,29.7,34,4.3,84540.0,84558.12,-2.1429,2-4,0.01,,84540.0,84541.66,,0.01,0.99,,Down,Down,yes,ui,227,Down,1
1790525400,btc-updown-5m-1790525400,15,2026-09-27T16:14:45.523Z,14.5,19,4.5,84541.02,84558.12,-2.0223,2-4,0.01,,84541.02,84541.35,,0.01,0.99,,Down,Down,yes,ui,243,Down,1
1790531100,btc-updown-5m-1790531100,90,2026-09-27T17:48:41.576Z,78.4,,,84498.82,84459.94,4.6028,4-8,,,84498.82,84507.87,0.99,,,0.01,Up,Up,yes,api_fallback(ui_unavailable),,Up,1
1790531100,btc-updown-5m-1790531100,75,2026-09-27T17:48:45.425Z,74.6,,,84499.7,84459.94,4.707,4-8,,,84499.7,84507.88,0.99,,,0.01,Up,Up,yes,api_fallback(ui_unavailable),,Up,1
1790531100,btc-updown-5m-1790531100,60,2026-09-27T17:49:00.181Z,59.8,,,84502.78,84459.94,5.0722,4-8,,0.01,84502.78,84515.64,0.99,,,0.01,Up,Up,yes,ui,31,Up,1
1790531100,btc-updown-5m-1790531100,45,2026-09-27T17:49:15.335Z,44.7,45,0.3,84508.06,84459.94,5.6974,4-8,,0.001,84508.06,84521.66,0.999,,,0.001,Up,Up,yes,ui,70,Up,1
1790531100,btc-updown-5m-1790531100,30,2026-09-27T17:49:30.474Z,29.5,30,0.4,84514.42,84459.94,6.4504,4-8,,0.001,84514.92,84527.45,0.999,,,0.001,Up,Up,yes,ui,16,Up,1
1790531100,btc-updown-5m-1790531100,15,2026-09-27T17:49:45.055Z,14.9,16,1.0,84520.28,84459.94,7.1442,4-8,,0.001,84520.28,84528.55,0.999,,,0.001,Up,Up,yes,ui,5,Up,1
1790531400,btc-updown-5m-1790531400,240,2026-09-27T17:51:00.147Z,239.9,241,1.1,84543.4,84526.53,1.9958,1-2,0.57,0.44,84543.4,84533.75,0.56,0.57,0.43,0.44,Up,Up,yes,ui,5,Up,1
1790531400,btc-updown-5m-1790531400,210,2026-09-27T17:51:30.594Z,209.4,210,0.3,84537.92,84526.53,1.3475,1-2,0.64,0.37,84537.92,84536.27,0.63,0.64,0.36,0.37,Up,Up,yes,ui,6,Up,1
1790531400,btc-updown-5m-1790531400,180,2026-09-27T17:52:00.240Z,179.8,180,0.2,84535.77,84526.53,1.0931,1-2,0.62,0.39,84535.77,84534.97,0.61,0.62,0.38,0.39,Up,Up,yes,ui,26,Up,1
1790531400,btc-updown-5m-1790531400,150,2026-09-27T17:52:30.410Z,149.6,150,0.3,84535.34,84526.53,1.0423,1-2,0.69,0.32,84535.34,84534.33,0.68,0.69,0.31,0.32,Up,Up,yes,ui,11,Up,1
1790531400,btc-updown-5m-1790531400,120,2026-09-27T17:53:00.581Z,119.4,120,0.5,84534.95,84526.53,0.9961,0.5-1,0.69,0.32,84534.95,84535.31,0.68,0.69,0.31,0.32,Up,Up,yes,ui,20,Up,1
1790531400,btc-updown-5m-1790531400,90,2026-09-27T17:53:30.234Z,89.8,90,0.2,84535.32,84526.53,1.0399,1-2,0.78,0.23,84535.32,84535.16,0.78,0.79,0.21,0.22,Up,Up,yes,ui,38,Up,1
1790531400,btc-updown-5m-1790531400,75,2026-09-27T17:53:45.385Z,74.6,75,0.3,84535.47,84526.53,1.0577,1-2,0.88,0.13,84535.47,84534.86,0.87,0.88,0.12,0.13,Up,Up,yes,ui,14,Up,1
1790531400,btc-updown-5m-1790531400,60,2026-09-27T17:54:00.479Z,59.5,60,0.4,84535.48,84526.53,1.0588,1-2,0.93,0.08,84535.48,84535.41,0.92,0.93,0.07,0.08,Up,Up,yes,ui,4,Up,1
1790531400,btc-updown-5m-1790531400,45,2026-09-27T17:54:15.052Z,44.9,46,1.0,84535.52,84526.53,1.0636,1-2,0.99,0.02,84535.52,84536.73,0.98,0.99,0.01,0.02,Up,Up,yes,ui,10,Up,1
1790531400,btc-updown-5m-1790531400,30,2026-09-27T17:54:30.172Z,29.8,31,1.1,84535.49,84526.53,1.06,1-2,,0.01,84535.49,84535.42,0.99,,,0.01,Up,Up,yes,ui,24,Up,1
1790531400,btc-updown-5m-1790531400,15,2026-09-27T17:54:45.255Z,14.7,15,0.2,84535.49,84526.53,1.06,1-2,,0.01,84535.49,84535.69,0.99,,,0.01,Up,Up,yes,ui,13,Up,1
1790531700,btc-updown-5m-1790531700,240,2026-09-27T17:56:00.437Z,239.6,241,1.4,84542.87,84535.58,0.8624,0.5-1,0.72,0.29,84542.87,84545.76,0.71,0.72,0.28,0.29,Up,Up,yes,ui,7,Up,1
1790531700,btc-updown-5m-1790531700,210,2026-09-27T17:56:30.064Z,209.9,211,1.0,84547.18,84535.58,1.3722,1-2,0.68,0.33,84547.18,84546.62,0.67,0.68,0.32,0.33,Up,Up,yes,ui,7,Up,1
1790531700,btc-updown-5m-1790531700,180,2026-09-27T17:57:00.270Z,179.7,181,1.2,84546.43,84535.58,1.2835,1-2,0.63,0.38,84546.43,84543.02,0.62,0.63,0.37,0.38,Up,Up,yes,ui,27,Up,1
1790531700,btc-updown-5m-1790531700,150,2026-09-27T17:57:30.447Z,149.6,151,1.4,84545.16,84535.58,1.1333,1-2,0.79,0.22,84545.16,84546.58,0.78,0.79,0.21,0.22,Up,Up,yes,ui,5,Up,1
1790531700,btc-updown-5m-1790531700,120,2026-09-27T17:58:00.131Z,119.9,121,1.1,84545.8,84535.58,1.209,1-2,0.88,0.13,84545.85,84548.96,0.87,0.88,0.12,0.13,Up,Up,yes,ui,8,Up,1
1790531700,btc-updown-5m-1790531700,90,2026-09-27T17:58:30.285Z,89.7,91,1.3,84548.98,84535.58,1.5851,1-2,0.94,0.07,84548.98,84552.05,0.92,0.93,0.07,0.08,Up,Up,yes,ui,77,Up,1
1790531700,btc-updown-5m-1790531700,75,2026-09-27T17:58:45.376Z,74.6,76,1.3,84550.54,84535.58,1.7697,1-2,0.97,0.04,84550.54,84551.77,0.96,0.97,0.03,0.04,Up,Up,yes,ui,28,Up,1
1790531700,btc-updown-5m-1790531700,60,2026-09-27T17:59:00.699Z,59.3,61,1.4,84551.76,84535.58,1.914,1-2,0.99,0.02,84551.76,84554.91,0.98,0.99,0.01,0.02,Up,Up,yes,ui,4,Up,1
1790531700,btc-updown-5m-1790531700,45,2026-09-27T17:59:15.339Z,44.7,46,1.3,84553.05,84535.58,2.0666,2-4,,0.01,84553.05,84554.61,0.99,,,0.01,Up,Up,yes,ui,40,Up,1
1790531700,btc-updown-5m-1790531700,30,2026-09-27T17:59:30.438Z,29.6,31,1.4,84553.83,84535.58,2.1589,2-4,,0.01,84553.83,84554.24,0.99,,,0.01,Up,Up,yes,ui,6,Up,1
1790531700,btc-updown-5m-1790531700,15,2026-09-27T17:59:45.534Z,14.5,16,1.5,84554.02,84535.58,2.1813,2-4,,0.01,84554.02,84553.77,0.99,,,0.01,Up,Up,yes,ui,4,Up,1
1790532000,btc-updown-5m-1790532000,240,2026-09-27T18:01:00.193Z,239.8,240,0.1,84547.51,84554.15,-0.7853,0.5-1,0.41,0.6,84547.51,84548.38,0.4,0.41,0.59,0.6,Down,Down,yes,ui,5,Down,1
1790532000,btc-updown-5m-1790532000,210,2026-09-27T18:01:30.381Z,209.6,210,0.4,84546.74,84554.15,-0.8764,0.5-1,0.44,0.57,84546.74,84548.36,0.43,0.44,0.56,0.57,Down,Down,yes,ui,82,Down,1
1790532000,btc-updown-5m-1790532000,180,2026-09-27T18:02:00.051Z,179.9,181,1.0,84548.76,84554.15,-0.6375,0.5-1,0.3,0.71,84548.76,84549.92,0.29,0.3,0.7,0.71,Down,Down,yes,ui,11,Down,1
1790532000,btc-updown-5m-1790532000,150,2026-09-27T18:02:30.250Z,149.7,150,0.2,84549.69,84554.15,-0.5275,0.5-1,0.35,0.66,84549.69,84550.23,0.34,0.35,0.65,0.66,Down,Down,yes,ui,21,Down,1
1790532000,btc-updown-5m-1790532000,120,2026-09-27T18:03:00.374Z,119.6,120,0.3,84550.12,84554.15,-0.4766,0-0.5,0.26,0.75,84550.12,84548.58,0.25,0.26,0.74,0.75,Down,Down,yes,ui,14,Down,1
1790532000,btc-updown-5m-1790532000,90,2026-09-27T18:03:30.572Z,89.4,90,0.5,84549.52,84554.15,-0.5476,0.5-1,0.19,0.82,84549.52,84548.46,0.17,0.18,0.82,0.83,Down,Down,yes,ui,12,Down,1
1790532000,btc-updown-5m-1790532000,75,2026-09-27T18:03:45.173Z,74.8,76,1.1,84548.82,84554.15,-0.6304,0.5-1,0.05,0.96,84548.82,84542.47,0.04,0.05,0.95,0.96,Down,Down,yes,ui,24,Down,1
1790532000,btc-updown-5m-1790532000,60,2026-09-27T18:04:00.275Z,59.7,60,0.2,84546.85,84554.15,-0.8634,0.5-1,0.03,0.98,84546.85,84542.22,0.02,0.03,0.97,0.98,Down,Down,yes,ui,24,Down,1
1790532000,btc-updown-5m-1790532000,45,2026-09-27T18:04:15.382Z,44.6,45,0.4,84545.18,84554.15,-1.0609,1-2,0.02,0.99,84545.18,84542.95,0.01,0.02,0.98,0.99,Down,Down,yes,ui,80,Down,1
1790532000,btc-updown-5m-1790532000,30,2026-09-27T18:04:30.463Z,29.5,30,0.4,84543.79,84554.15,-1.2253,1-2,0.01,,84543.79,84542.99,,0.01,0.99,,Down,Down,yes,ui,6,Down,1
1790532000,btc-updown-5m-1790532000,15,2026-09-27T18:04:45.678Z,14.3,15,0.6,84542.76,84554.15,-1.3471,1-2,0.01,,84542.76,84542.92,,0.01,0.99,,Down,Down,yes,ui,94,Down,1
1790532300,btc-updown-5m-1790532300,240,2026-09-27T18:06:00.346Z,239.7,240,0.3,84559.17,84542.86,1.9292,1-2,0.65,0.36,84559.17,84554.84,0.64,0.65,0.35,0.36,Up,Up,yes,ui,8,Up,1
1790532300,btc-updown-5m-1790532300,210,2026-09-27T18:06:30.580Z,209.4,210,0.5,84565.83,84542.86,2.717,2-4,0.67,0.34,84565.83,84563.21,0.64,0.65,0.35,0.36,Up,Up,yes,ui,11,Up,1
1790532300,btc-updown-5m-1790532300,180,2026-09-27T18:07:00.273Z,179.7,180,0.2,84560.75,84542.86,2.1161,2-4,0.68,0.33,84560.75,84556.06,0.68,0.69,0.31,0.32,Up,Up,yes,ui,16,Up,1
1790532300,btc-updown-5m-1790532300,150,2026-09-27T18:07:30.509Z,149.5,151,1.5,84554.66,84542.86,1.3957,1-2,0.67,0.34,84554.66,84551.31,0.66,0.67,0.33,0.34,Up,Up,yes,ui,137,Up,1
1790532300,btc-updown-5m-1790532300,120,2026-09-27T18:08:00.171Z,119.8,120,0.1,84551.79,84542.86,1.0563,1-2,0.72,0.29,84551.79,84551.72,0.71,0.72,0.28,0.29,Up,Up,yes,ui,10,Up,1
1790532300,btc-updown-5m-1790532300,90,2026-09-27T18:08:30.374Z,89.6,90,0.3,84551.73,84542.86,1.0492,1-2,0.82,0.19,84551.73,84551.49,0.81,0.82,0.18,0.19,Up,Up,yes,ui,11,Up,1
1790532300,btc-updown-5m-1790532300,75,2026-09-27T18:08:45.520Z,74.5,75,0.5,84551.78,84542.86,1.0551,1-2,0.83,0.18,84551.78,84551.98,0.82,0.83,0.17,0.18,Up,Up,yes,ui,104,Up,1
1790532300,btc-updown-5m-1790532300,60,2026-09-27T18:09:00.140Z,59.9,61,1.1,84551.77,84542.86,1.0539,1-2,0.92,0.09,84551.77,84551.26,0.91,0.92,0.08,0.09,Up,Up,yes,ui,12,Up,1
1790532300,btc-updown-5m-1790532300,45,2026-09-27T18:09:15.234Z,44.8,45,0.2,84551.66,84542.86,1.0409,1-2,0.99,0.02,84551.66,84551.92,0.98,0.99,0.01,0.02,Up,Up,yes,ui,42,Up,1
1790532300,btc-updown-5m-1790532300,30,2026-09-27T18:09:30.355Z,29.6,30,0.3,84551.68,84542.86,1.0433,1-2,,0.01,84551.68,84552.73,0.99,,,0.01,Up,Up,yes,ui,4,Up,1
1790532300,btc-updown-5m-1790532300,15,2026-09-27T18:09:45.443Z,14.6,15,0.4,84552.0,84542.86,1.0811,1-2,,0.01,84552.0,84553.23,0.99,,,0.01,Up,Up,yes,ui,4,Up,1
1790532600,btc-updown-5m-1790532600,240,2026-09-27T18:11:00.212Z,239.8,241,1.2,84551.89,84552.67,-0.0923,0-0.5,0.77,0.24,84551.88,84555.16,0.77,0.78,0.22,0.23,Down,Up,no,ui,81,Up,0
1790532600,btc-updown-5m-1790532600,210,2026-09-27T18:11:30.371Z,209.6,210,0.3,84554.79,84552.67,0.2507,0-0.5,0.87,0.14,84554.79,84557.74,0.86,0.87,0.13,0.14,Up,Up,yes,ui,5,Up,1
1790532600,btc-updown-5m-1790532600,180,2026-09-27T18:12:00.472Z,179.5,180,0.4,84559.83,84552.67,0.8468,0.5-1,0.91,0.1,84559.83,84578.83,0.9,0.91,0.09,0.1,Up,Up,yes,ui,29,Up,1
1790532600,btc-updown-5m-1790532600,150,2026-09-27T18:12:30.142Z,149.9,151,1.1,84569.3,84552.67,1.9668,1-2,0.94,0.07,84569.3,84573.95,0.93,0.94,0.06,0.07,Up,Up,yes,ui,13,Up,1
1790532600,btc-updown-5m-1790532600,120,2026-09-27T18:13:00.262Z,119.7,120,0.2,84572.84,84552.67,2.3855,2-4,0.94,0.07,84572.84,84569.75,0.93,0.94,0.06,0.07,Up,Up,yes,ui,14,Up,1
1790532600,btc-updown-5m-1790532600,90,2026-09-27T18:13:30.438Z,89.6,90,0.4,84569.98,84552.67,2.0472,2-4,0.98,0.03,84569.98,84573.97,0.98,0.99,0.01,0.02,Up,Up,yes,ui,48,Up,1
1790532600,btc-updown-5m-1790532600,75,2026-09-27T18:13:45.539Z,74.5,75,0.5,84570.91,84552.67,2.1572,2-4,,0.01,84570.91,84582.02,0.99,,,0.01,Up,Up,yes,ui,10,Up,1
1790532600,btc-updown-5m-1790532600,60,2026-09-27T18:14:00.139Z,59.9,61,1.1,84574.51,84552.67,2.583,2-4,,0.01,84574.79,84584.56,0.99,,,0.01,Up,Up,yes,ui,4,Up,1
1790532600,btc-updown-5m-1790532600,45,2026-09-27T18:14:15.240Z,44.8,46,1.2,84578.48,84552.67,3.0525,2-4,,0.01,84578.48,84585.88,0.99,,,0.01,Up,Up,yes,ui,11,Up,1
1790532600,btc-updown-5m-1790532600,30,2026-09-27T18:14:30.342Z,29.7,30,0.3,84582.53,84552.67,3.5315,2-4,,0.01,84582.53,84586.37,0.99,,,0.01,Up,Up,yes,ui,14,Up,1
1790532600,btc-updown-5m-1790532600,15,2026-09-27T18:14:45.454Z,14.5,15,0.4,84585.07,84552.67,3.8319,2-4,,0.01,84585.07,84585.14,0.99,,,0.01,Up,Up,yes,ui,6,Up,1
1790532900,btc-updown-5m-1790532900,240,2026-09-27T18:16:00.491Z,239.5,240,0.5,84596.45,84585.64,1.278,1-2,0.69,0.32,84596.45,84594.71,0.68,0.69,0.31,0.32,Up,Up,yes,ui,98,Up,1
1790532900,btc-updown-5m-1790532900,210,2026-09-27T18:16:30.130Z,209.9,211,1.1,84595.98,84585.64,1.2224,1-2,0.81,0.2,84595.98,84595.49,0.8,0.81,0.19,0.2,Up,Up,yes,ui,5,Up,1
1790532900,btc-updown-5m-1790532900,180,2026-09-27T18:17:00.339Z,179.7,180,0.3,84600.27,84585.64,1.7296,1-2,0.84,0.17,84600.5,84607.38,0.83,0.84,0.16,0.17,Up,Up,yes,ui,17,Up,1
1790532900,btc-updown-5m-1790532900,150,2026-09-27T18:17:30.597Z,149.4,150,0.6,84606.4,84585.64,2.4543,2-4,0.89,0.12,84606.4,84606.69,0.88,0.89,0.11,0.12,Up,Up,yes,ui,187,Up,1
1790532900,btc-updown-5m-1790532900,120,2026-09-27T18:18:00.248Z,119.8,120,0.2,84607.15,84585.64,2.543,2-4,0.96,0.05,84607.15,84609.9,0.95,0.96,0.04,0.05,Up,Up,yes,ui,5,Up,1
1790532900,btc-updown-5m-1790532900,90,2026-09-27T18:18:30.373Z,89.6,90,0.3,84613.62,84585.64,3.3079,2-4,0.98,0.03,84613.62,84625.02,0.97,0.98,0.02,0.03,Up,Up,yes,ui,12,Up,1
1790532900,btc-updown-5m-1790532900,75,2026-09-27T18:18:45.474Z,74.5,75,0.4,84618.2,84585.64,3.8494,2-4,,0.01,84618.2,84622.75,0.99,,,0.01,Up,Up,yes,ui,43,Up,1
1790532900,btc-updown-5m-1790532900,60,2026-09-27T18:19:00.062Z,59.9,61,1.0,84620.77,84585.64,4.1532,4-8,,0.01,84620.77,84610.5,0.99,,,0.01,Up,Up,yes,ui,5,Up,1
1790532900,btc-updown-5m-1790532900,45,2026-09-27T18:19:15.151Z,44.8,46,1.1,84620.78,84585.64,4.1544,4-8,,0.01,84620.78,84610.01,0.99,,,0.01,Up,Up,yes,ui,15,Up,1
1790532900,btc-updown-5m-1790532900,30,2026-09-27T18:19:30.261Z,29.7,30,0.2,84615.87,84585.64,3.5739,2-4,,0.01,84615.87,84613.72,0.99,,,0.01,Up,Up,yes,ui,23,Up,1
1790532900,btc-updown-5m-1790532900,15,2026-09-27T18:19:45.343Z,14.7,15,0.3,84613.02,84585.64,3.237,2-4,,0.01,84613.02,84612.94,0.99,,,0.01,Up,Up,yes,ui,5,Up,1
1790533200,btc-updown-5m-1790533200,240,2026-09-27T18:21:00.235Z,239.8,241,1.2,84622.01,84611.86,1.1996,1-2,0.8,0.21,84622.01,84636.36,0.79,0.8,0.2,0.21,Up,Up,yes,ui,6,Up,1
1790533200,btc-updown-5m-1790533200,210,2026-09-27T18:21:30.363Z,209.6,211,1.3,84630.5,84611.86,2.203,2-4,0.81,0.2,84630.5,84636.56,0.8,0.81,0.19,0.2,Up,Up,yes,ui,4,Up,1
1790533200,btc-updown-5m-1790533200,180,2026-09-27T18:22:00.567Z,179.4,181,1.5,84641.14,84611.86,3.4605,2-4,0.95,0.06,84641.14,84660.92,0.94,0.95,0.05,0.06,Up,Up,yes,ui,51,Up,1
1790533200,btc-updown-5m-1790533200,150,2026-09-27T18:22:30.374Z,149.6,151,1.3,84651.98,84611.86,4.7417,4-8,0.97,0.04,84651.98,84660.62,0.96,0.97,0.03,0.04,Up,Up,yes,ui,129,Up,1
1790533200,btc-updown-5m-1790533200,120,2026-09-27T18:23:00.574Z,119.4,121,1.6,84664.32,84611.86,6.2001,4-8,0.98,0.03,84664.32,84667.94,0.97,0.98,0.02,0.03,Up,Up,yes,ui,86,Up,1
1790533200,btc-updown-5m-1790533200,90,2026-09-27T18:23:30.226Z,89.8,91,1.2,84671.0,84611.86,6.9896,4-8,,0.01,84671.0,84705.67,0.99,,,0.01,Up,Up,yes,ui,4,Up,1
1790533200,btc-updown-5m-1790533200,75,2026-09-27T18:23:45.338Z,74.7,76,1.3,84682.53,84611.86,8.3523,8+,,0.01,84682.53,84710.46,0.99,,,0.01,Up,Up,yes,ui,19,Up,1
1790533200,btc-updown-5m-1790533200,60,2026-09-27T18:24:00.433Z,59.6,61,1.4,84687.34,84611.86,8.9207,8+,,0.01,84687.34,84659.87,0.99,,,0.01,Up,Up,yes,ui,7,Up,1
1790533200,btc-updown-5m-1790533200,45,2026-09-27T18:24:15.538Z,44.5,46,1.5,84686.76,84611.86,8.8522,8+,,0.01,84687.04,84664.25,0.99,,,0.01,Up,Up,yes,ui,14,Up,1
1790533200,btc-updown-5m-1790533200,30,2026-09-27T18:24:30.144Z,29.9,31,1.1,84683.62,84611.86,8.4811,8+,,0.01,84683.62,84662.32,0.99,,,0.01,Up,Up,yes,ui,24,Up,1
1790533200,btc-updown-5m-1790533200,15,2026-09-27T18:24:45.242Z,14.8,16,1.2,84671.92,84611.86,7.0983,4-8,,0.001,84671.92,84661.85,0.999,,,0.001,Up,Up,yes,ui,4,Up,1
1790533500,btc-updown-5m-1790533500,240,2026-09-27T18:26:00.133Z,239.9,241,1.1,84665.01,84663.22,0.2114,0-0.5,0.5,0.51,84665.01,84663.0,0.49,0.5,0.5,0.51,Up,Down,no,ui,4,Up,1
1790533500,btc-updown-5m-1790533500,210,2026-09-27T18:26:30.261Z,209.7,211,1.2,84663.18,84663.22,-0.0047,0-0.5,0.58,0.43,84663.18,84663.66,0.58,0.59,0.41,0.42,Down,Up,no,ui,4,Up,0
1790533500,btc-updown-5m-1790533500,180,2026-09-27T18:27:00.445Z,179.6,181,1.4,84665.73,84663.22,0.2965,0-0.5,0.71,0.3,84665.73,84673.47,0.7,0.71,0.29,0.3,Up,Up,yes,ui,4,Up,1
1790533500,btc-updown-5m-1790533500,150,2026-09-27T18:27:30.069Z,149.9,151,1.0,84676.57,84663.22,1.5768,1-2,0.9,0.11,84676.57,84692.66,0.89,0.9,0.1,0.11,Up,Up,yes,ui,5,Up,1
1790533500,btc-updown-5m-1790533500,120,2026-09-27T18:28:00.236Z,119.8,121,1.2,84689.1,84663.22,3.0568,2-4,0.91,0.11,84689.1,84693.7,0.9,0.91,0.09,0.1,Up,Up,yes,ui,45,Up,1
1790533500,btc-updown-5m-1790533500,90,2026-09-27T18:28:30.367Z,89.6,91,1.3,84692.33,84663.22,3.4383,2-4,0.97,0.04,84692.33,84694.75,0.96,0.97,0.03,0.04,Up,Up,yes,ui,5,Up,1
1790533500,btc-updown-5m-1790533500,75,2026-09-27T18:28:45.446Z,74.6,76,1.4,84693.61,84663.22,3.5895,2-4,,0.01,84693.61,84705.24,0.99,,,0.01,Up,Up,yes,ui,12,Up,1
1790533500,btc-updown-5m-1790533500,60,2026-09-27T18:29:00.558Z,59.4,60,0.5,84697.77,84663.22,4.0809,4-8,,0.01,84697.77,84714.4,0.99,,,0.01,Up,Up,yes,ui,14,Up,1
1790533500,btc-updown-5m-1790533500,45,2026-09-27T18:29:15.126Z,44.9,46,1.1,84703.6,84663.22,4.7695,4-8,,0.01,84703.6,84714.77,0.99,,,0.01,Up,Up,yes,ui,5,Up,1
1790533500,btc-updown-5m-1790533500,30,2026-09-27T18:29:30.234Z,29.8,31,1.2,84709.43,84663.22,5.4581,4-8,,0.01,84709.77,84714.91,0.99,,,0.01,Up,Up,yes,ui,8,Up,1
1790533500,btc-updown-5m-1790533500,15,2026-09-27T18:29:45.342Z,14.7,16,1.3,84713.92,84663.22,5.9884,4-8,,0.01,84713.92,84716.25,0.99,,,0.01,Up,Up,yes,ui,8,Up,1
1790533800,btc-updown-5m-1790533800,240,2026-09-27T18:31:00.276Z,239.7,,,84702.75,84717.29,-1.7163,1-2,0.12,0.89,84702.75,84675.33,0.11,0.12,0.88,0.89,Down,Down,yes,ui,6,Down,1
1790533800,btc-updown-5m-1790533800,210,2026-09-27T18:31:30.397Z,209.6,211,1.4,84674.73,84717.29,-5.0238,4-8,0.15,0.86,84674.73,84673.08,0.14,0.15,0.85,0.86,Down,Down,yes,ui,33,Down,1
1790533800,btc-updown-5m-1790533800,180,2026-09-27T18:32:00.520Z,179.5,181,1.5,84673.6,84717.29,-5.1572,4-8,0.09,0.92,84673.6,84674.16,0.08,0.09,0.91,0.92,Down,Down,yes,ui,12,Down,1
1790533800,btc-updown-5m-1790533800,150,2026-09-27T18:32:30.168Z,149.8,151,1.1,84684.0,84717.29,-3.9295,2-4,0.45,0.56,84684.0,84710.41,0.44,0.45,0.55,0.56,Down,Down,yes,ui,4,Down,1
1790533800,btc-updown-5m-1790533800,120,2026-09-27T18:33:00.279Z,119.7,121,1.2,84697.8,84717.29,-2.3006,2-4,0.35,0.66,84698.33,84706.8,0.34,0.35,0.65,0.66,Down,Down,yes,ui,24,Down,1
1790533800,btc-updown-5m-1790533800,90,2026-09-27T18:33:30.396Z,89.6,91,1.4,84707.86,84717.29,-1.1131,1-2,0.26,0.75,84707.86,84704.96,0.25,0.26,0.74,0.75,Down,Down,yes,ui,54,Down,1
1790533800,btc-updown-5m-1790533800,75,2026-09-27T18:33:45.509Z,74.5,76,1.5,84705.7,84717.29,-1.3681,1-2,0.11,0.9,84705.7,84699.53,0.13,0.15,0.84,0.88,Down,Down,yes,ui,63,Down,1
1790533800,btc-updown-5m-1790533800,60,2026-09-27T18:34:00.129Z,59.9,61,1.1,84704.8,84717.29,-1.4743,1-2,0.44,0.57,84704.8,84711.23,0.43,0.44,0.56,0.57,Down,Down,yes,ui,37,Down,1
1790533800,btc-updown-5m-1790533800,45,2026-09-27T18:34:15.217Z,44.8,46,1.2,84706.16,84717.29,-1.3138,1-2,0.19,0.82,84706.16,84712.29,0.18,0.19,0.81,0.82,Down,Down,yes,ui,66,Down,1
1790533800,btc-updown-5m-1790533800,30,2026-09-27T18:34:30.332Z,29.7,31,1.3,84707.86,84717.29,-1.1131,1-2,0.03,0.98,84707.86,84710.57,0.02,0.03,0.97,0.98,Down,Down,yes,ui,91,Down,1
1790533800,btc-updown-5m-1790533800,15,2026-09-27T18:34:45.426Z,14.6,16,1.4,84709.37,84717.29,-0.9349,0.5-1,0.01,,84709.37,84709.56,,0.01,0.99,,Down,Down,yes,ui,6,Down,1
1790534100,btc-updown-5m-1790534100,240,2026-09-27T18:36:00.135Z,239.9,241,1.1,84698.89,84710.84,-1.4107,1-2,0.46,0.55,84698.89,84702.11,0.45,0.46,0.54,0.55,Down,Down,yes,ui,8,Up,0
1790534100,btc-updown-5m-1790534100,210,2026-09-27T18:36:30.260Z,209.7,210,0.2,84700.7,84710.84,-1.197,1-2,0.37,0.64,84700.8,84701.07,0.36,0.37,0.63,0.64,Down,Down,yes,ui,24,Up,0
1790534100,btc-updown-5m-1790534100,180,2026-09-27T18:37:00.396Z,179.6,180,0.3,84705.07,84710.84,-0.6811,0.5-1,0.58,0.43,84705.07,84711.63,0.62,0.65,0.35,0.36,Down,Up,no,ui,20,Up,0
1790534100,btc-updown-5m-1790534100,150,2026-09-27T18:37:30.490Z,149.5,150,0.4,84710.2,84710.84,-0.0756,0-0.5,0.59,0.42,84710.2,84713.67,0.58,0.59,0.41,0.42,Down,Up,no,ui,9,Up,0
1790534100,btc-updown-5m-1790534100,120,2026-09-27T18:38:00.094Z,119.9,121,1.0,84714.74,84710.84,0.4604,0-0.5,0.73,0.28,84714.74,84720.31,0.72,0.73,0.27,0.28,Up,Up,yes,ui,6,Up,1
1790534100,btc-updown-5m-1790534100,90,2026-09-27T18:38:30.200Z,89.8,90,0.2,84719.4,84710.84,1.0105,1-2,0.76,0.25,84719.4,84722.77,0.75,0.76,0.24,0.25,Up,Up,yes,ui,61,Up,1
1790534100,btc-updown-5m-1790534100,75,2026-09-27T18:38:45.286Z,74.7,75,0.3,84721.06,84710.84,1.2065,1-2,0.79,0.22,84721.06,84718.68,0.78,0.79,0.21,0.22,Up,Up,yes,ui,37,Up,1
1790534100,btc-updown-5m-1790534100,60,2026-09-27T18:39:00.398Z,59.6,60,0.3,84720.06,84710.84,1.0884,1-2,0.6,0.41,84720.06,84712.92,0.59,0.6,0.4,0.41,Up,Up,yes,ui,15,Up,1
1790534100,btc-updown-5m-1790534100,45,2026-09-27T18:39:15.492Z,44.5,45,0.5,84718.45,84710.84,0.8984,0.5-1,0.81,0.2,84718.32,84713.11,0.85,0.86,0.14,0.15,Up,Up,yes,ui,44,Up,1
1790534100,btc-updown-5m-1790534100,30,2026-09-27T18:39:30.085Z,29.9,31,1.0,84715.96,84710.84,0.6044,0.5-1,0.99,0.02,84715.96,84714.33,0.98,0.99,0.01,0.02,Up,Up,yes,ui,13,Up,1
1790534100,btc-updown-5m-1790534100,15,2026-09-27T18:39:45.160Z,14.8,15,0.1,84714.42,84710.84,0.4226,0-0.5,,0.01,84714.42,84713.95,0.99,,,0.01,Up,Up,yes,ui,5,Up,1
1790534400,btc-updown-5m-1790534400,240,2026-09-27T18:41:00.351Z,239.6,241,1.3,84714.32,84713.95,0.0437,0-0.5,0.79,0.22,84714.32,84719.05,0.78,0.79,0.21,0.22,Up,Up,yes,ui,10,Up,1
1790534400,btc-updown-5m-1790534400,210,2026-09-27T18:41:30.495Z,209.5,211,1.5,84715.97,84713.95,0.2384,0-0.5,0.75,0.26,84715.97,84715.65,0.74,0.75,0.25,0.26,Up,Up,yes,ui,11,Up,1
1790534400,btc-updown-5m-1790534400,180,2026-09-27T18:42:00.102Z,179.9,181,1.1,84716.02,84713.95,0.2444,0-0.5,0.79,0.22,84716.02,84714.66,0.79,0.8,0.2,0.21,Up,Up,yes,ui,26,Up,1
1790534400,btc-updown-5m-1790534400,150,2026-09-27T18:42:30.205Z,149.8,151,1.2,84717.42,84713.95,0.4096,0-0.5,0.89,0.12,84717.42,84730.69,0.88,0.89,0.11,0.12,Up,Up,yes,ui,32,Up,1
1790534400,btc-updown-5m-1790534400,120,2026-09-27T18:43:00.311Z,119.7,121,1.3,84725.58,84713.95,1.3729,1-2,0.96,0.05,84725.58,84732.31,0.95,0.96,0.04,0.05,Up,Up,yes,ui,14,Up,1
1790534400,btc-updown-5m-1790534400,90,2026-09-27T18:43:30.421Z,89.6,91,1.4,84732.36,84713.95,2.1732,2-4,0.98,0.03,84732.36,84733.22,0.97,0.98,0.02,0.03,Up,Up,yes,ui,5,Up,1
1790534400,btc-updown-5m-1790534400,75,2026-09-27T18:43:45.502Z,74.5,76,1.5,84733.24,84713.95,2.2771,2-4,,0.01,84733.24,84739.14,0.99,,,0.01,Up,Up,yes,ui,5,Up,1
1790534400,btc-updown-5m-1790534400,60,2026-09-27T18:44:00.086Z,59.9,61,1.0,84735.91,84713.95,2.5923,2-4,,0.01,84735.91,84750.39,0.99,,,0.01,Up,Up,yes,ui,5,Up,1
1790534400,btc-updown-5m-1790534400,45,2026-09-27T18:44:15.164Z,44.8,46,1.1,84739.77,84713.95,3.0479,2-4,,0.01,84739.77,84743.83,0.99,,,0.01,Up,Up,yes,ui,4,Up,1
1790534400,btc-updown-5m-1790534400,30,2026-09-27T18:44:30.294Z,29.7,31,1.2,84743.0,84713.95,3.4292,2-4,,0.01,84743.0,84747.41,0.99,,,0.01,Up,Up,yes,ui,4,Up,1
1790534400,btc-updown-5m-1790534400,15,2026-09-27T18:44:45.379Z,14.6,16,1.3,84745.19,84713.95,3.6877,2-4,,0.01,84745.19,84736.62,0.99,,,0.01,Up,Up,yes,ui,4,Up,1
1790534700,btc-updown-5m-1790534700,240,2026-09-27T18:46:00.513Z,239.5,240,0.5,84736.88,84742.94,-0.7151,0.5-1,0.26,0.75,84736.88,84723.96,0.25,0.26,0.74,0.75,Down,Down,yes,ui,5,Down,1
1790534700,btc-updown-5m-1790534700,210,2026-09-27T18:46:30.247Z,209.8,211,1.2,84728.2,84742.94,-1.7394,1-2,0.52,0.49,84728.2,84744.4,0.51,0.52,0.48,0.49,Down,Up,no,ui,176,Down,1
1790534700,btc-updown-5m-1790534700,180,2026-09-27T18:47:00.361Z,179.6,180,0.3,84735.5,84742.94,-0.8779,0.5-1,0.54,0.47,84735.5,84744.66,0.53,0.54,0.46,0.47,Down,Up,no,ui,13,Down,1
1790534700,btc-updown-5m-1790534700,150,2026-09-27T18:47:30.461Z,149.5,150,0.4,84745.69,84742.94,0.3245,0-0.5,0.75,0.26,84745.69,84750.22,0.74,0.75,0.25,0.26,Up,Up,yes,ui,15,Down,0
1790534700,btc-updown-5m-1790534700,120,2026-09-27T18:48:00.079Z,119.9,121,1.1,84748.46,84742.94,0.6514,0.5-1,0.3,0.71,84748.46,84743.26,0.29,0.3,0.7,0.71,Up,Down,no,ui,24,Down,0
1790534700,btc-updown-5m-1790534700,90,2026-09-27T18:48:30.189Z,89.8,91,1.1,84743.85,84742.94,0.1074,0-0.5,0.69,0.32,84743.85,84745.95,0.68,0.69,0.31,0.32,Up,Up,yes,ui,10,Down,0
1790534700,btc-updown-5m-1790534700,75,2026-09-27T18:48:45.271Z,74.7,76,1.3,84742.3,84742.94,-0.0755,0-0.5,0.51,0.5,84742.3,84744.14,0.5,0.51,0.49,0.5,Down,Up,no,ui,36,Down,1
1790534700,btc-updown-5m-1790534700,60,2026-09-27T18:49:00.346Z,59.7,60,0.3,84741.01,84742.94,-0.2277,0-0.5,0.8,0.21,84741.01,84745.37,0.82,0.83,0.17,0.18,Down,Up,no,ui,21,Down,1
1790534700,btc-updown-5m-1790534700,45,2026-09-27T18:49:15.429Z,44.6,45,0.4,84743.13,84742.94,0.0224,0-0.5,0.71,0.3,84743.13,84744.45,0.7,0.71,0.29,0.3,Up,Up,yes,ui,45,Down,0
1790534700,btc-updown-5m-1790534700,30,2026-09-27T18:49:30.502Z,29.5,30,0.5,84744.4,84742.94,0.1723,0-0.5,0.09,0.92,84744.4,84735.62,0.08,0.09,0.91,0.92,Up,Down,no,ui,22,Down,0
1790534700,btc-updown-5m-1790534700,15,2026-09-27T18:49:45.082Z,14.9,16,1.0,84742.18,84742.94,-0.0897,0-0.5,0.02,0.99,84742.18,84736.19,0.01,0.02,0.98,0.99,Down,Down,yes,ui,4,Down,1
1790535000,btc-updown-5m-1790535000,240,2026-09-27T18:51:00.319Z,239.7,241,1.3,84735.88,84740.05,-0.4921,0-0.5,0.58,0.43,84735.88,84740.7,0.57,0.58,0.42,0.43,Down,Up,no,ui,23,Down,1
1790535000,btc-updown-5m-1790535000,210,2026-09-27T18:51:30.429Z,209.6,211,1.4,84731.74,84740.05,-0.9806,0.5-1,0.17,0.84,84731.74,84703.57,0.16,0.17,0.83,0.84,Down,Down,yes,ui,21,Down,1
1790535000,btc-updown-5m-1790535000,180,2026-09-27T18:52:00.530Z,179.5,181,1.5,84719.17,84740.05,-2.464,2-4,0.21,0.8,84719.56,84714.94,0.2,0.21,0.79,0.8,Down,Down,yes,ui,11,Down,1
1790535000,btc-updown-5m-1790535000,150,2026-09-27T18:52:30.125Z,149.9,151,1.1,84712.27,84740.05,-3.2783,2-4,0.17,0.84,84712.27,84713.4,0.16,0.17,0.83,0.84,Down,Down,yes,ui,9,Down,1
1790535000,btc-updown-5m-1790535000,120,2026-09-27T18:53:00.237Z,119.8,121,1.2,84715.45,84740.05,-2.903,2-4,0.12,0.89,84715.45,84716.01,0.11,0.12,0.88,0.89,Down,Down,yes,ui,5,Down,1
1790535000,btc-updown-5m-1790535000,90,2026-09-27T18:53:30.359Z,89.6,91,1.3,84717.88,84740.05,-2.6162,2-4,0.09,0.92,84717.88,84722.84,0.08,0.09,0.91,0.92,Down,Down,yes,ui,22,Down,1
1790535000,btc-updown-5m-1790535000,75,2026-09-27T18:53:45.475Z,74.5,76,1.4,84719.62,84740.05,-2.4109,2-4,0.07,0.94,84719.62,84723.63,0.06,0.07,0.93,0.94,Down,Down,yes,ui,14,Down,1
1790535000,btc-updown-5m-1790535000,60,2026-09-27T18:54:00.586Z,59.4,61,1.5,84721.15,84740.05,-2.2304,2-4,0.07,0.94,84721.07,84723.02,0.06,0.07,0.93,0.94,Down,Down,yes,ui,6,Down,1
1790535000,btc-updown-5m-1790535000,45,2026-09-27T18:54:15.170Z,44.8,46,1.1,84722.75,84740.05,-2.0415,2-4,0.02,0.99,84722.75,84723.5,0.01,0.02,0.98,0.99,Down,Down,yes,ui,8,Down,1
1790535000,btc-updown-5m-1790535000,30,2026-09-27T18:54:30.272Z,29.7,31,1.2,84723.15,84740.05,-1.9943,1-2,0.01,,84723.15,84722.25,,0.01,0.99,,Down,Down,yes,ui,23,Down,1
1790535000,btc-updown-5m-1790535000,15,2026-09-27T18:54:45.359Z,14.6,16,1.3,84723.52,84740.05,-1.9507,1-2,0.01,,84723.52,84728.14,,0.01,0.99,,Down,Down,yes,ui,4,Down,1
1790535300,btc-updown-5m-1790535300,240,2026-09-27T18:56:00.353Z,239.6,241,1.3,84726.58,84724.65,0.2278,0-0.5,0.61,0.4,84726.58,84719.01,0.6,0.61,0.39,0.4,Up,Up,yes,ui,48,Up,1
1790535300,btc-updown-5m-1790535300,210,2026-09-27T18:56:30.516Z,209.5,211,1.5,84719.86,84724.65,-0.5654,0.5-1,0.66,0.35,84719.86,84719.84,0.67,0.68,0.33,0.34,Down,Up,no,ui,46,Up,0
1790535300,btc-updown-5m-1790535300,180,2026-09-27T18:57:00.109Z,179.9,181,1.1,84724.69,84724.65,0.0047,0-0.5,0.87,0.14,84724.69,84742.87,0.86,0.87,0.13,0.14,Up,Up,yes,ui,28,Up,1
1790535300,btc-updown-5m-1790535300,150,2026-09-27T18:57:30.216Z,149.8,151,1.2,84742.42,84724.65,2.0974,2-4,0.86,0.15,84742.42,84741.11,0.85,0.86,0.14,0.15,Up,Up,yes,ui,16,Up,1
1790535300,btc-updown-5m-1790535300,120,2026-09-27T18:58:00.335Z,119.7,121,1.3,84749.26,84724.65,2.9047,2-4,0.98,0.03,84749.26,84750.84,0.97,0.98,0.02,0.03,Up,Up,yes,ui,5,Up,1
1790535300,btc-updown-5m-1790535300,90,2026-09-27T18:58:30.459Z,89.5,91,1.4,84756.99,84724.65,3.8171,2-4,,0.01,84756.99,84802.98,0.99,,,0.01,Up,Up,yes,ui,14,Up,1
1790535300,btc-updown-5m-1790535300,75,2026-09-27T18:58:45.543Z,74.5,76,1.5,84767.88,84724.65,5.1024,4-8,,0.01,84769.23,84790.35,0.99,,,0.01,Up,Up,yes,ui,5,Up,1
1790535300,btc-updown-5m-1790535300,60,2026-09-27T18:59:00.141Z,59.9,61,1.1,84777.46,84724.65,6.2331,4-8,,0.01,84777.46,84783.37,0.99,,,0.01,Up,Up,yes,ui,18,Up,1
1790535300,btc-updown-5m-1790535300,45,2026-09-27T18:59:15.238Z,44.8,46,1.2,84782.98,84724.65,6.8847,4-8,,0.01,84782.98,84786.14,0.99,,,0.01,Up,Up,yes,ui,4,Up,1
1790535300,btc-updown-5m-1790535300,30,2026-09-27T18:59:30.316Z,29.7,31,1.3,84789.79,84724.65,7.6884,4-8,,0.01,84789.79,84799.87,0.99,,,0.01,Up,Up,yes,ui,14,Up,1
1790535300,btc-updown-5m-1790535300,15,2026-09-27T18:59:45.391Z,14.6,16,1.3,84790.99,84724.65,7.8301,4-8,,0.01,84790.99,84799.28,0.99,,,0.01,Up,Up,yes,ui,5,Up,1
1790535600,btc-updown-5m-1790535600,240,2026-09-27T19:01:00.369Z,239.6,240,0.3,84781.28,84794.31,-1.5367,1-2,0.14,0.87,84781.28,84742.86,0.13,0.14,0.86,0.87,Down,Down,yes,ui,5,Down,1
1790535600,btc-updown-5m-1790535600,210,2026-09-27T19:01:30.490Z,209.5,210,0.5,84757.68,84794.31,-4.3199,4-8,0.18,0.83,84757.68,84765.42,0.17,0.18,0.82,0.83,Down,Down,yes,ui,65,Down,1
1790535600,btc-updown-5m-1790535600,180,2026-09-27T19:02:00.345Z,179.7,181,1.1,84759.02,84794.31,-4.1618,4-8,0.06,0.95,84759.02,84740.4,0.05,0.06,0.94,0.95,Down,Down,yes,ui,18,Down,1
1790535600,btc-updown-5m-1790535600,150,2026-09-27T19:02:30.503Z,149.5,150,0.5,84747.48,84794.31,-5.5228,4-8,0.02,0.99,84747.48,84721.8,0.01,0.02,0.98,0.99,Down,Down,yes,ui,12,Down,1
1790535600,btc-updown-5m-1790535600,120,2026-09-27T19:03:00.111Z,119.9,121,1.1,84724.9,84794.31,-8.1857,8+,0.01,,84724.9,84709.9,,0.01,0.99,,Down,Down,yes,ui,15,Down,1
1790535600,btc-updown-5m-1790535600,90,2026-09-27T19:03:30.237Z,89.8,90,0.2,84713.49,84794.31,-9.5313,8+,0.01,,84713.49,84716.9,,0.01,0.99,,Down,Down,yes,ui,14,Down,1
1790535600,btc-updown-5m-1790535600,75,2026-09-27T19:03:45.327Z,74.7,75,0.3,84713.71,84794.31,-9.5054,8+,0.001,,84713.71,84720.53,,0.001,0.999,,Down,Down,yes,ui,10,Down,1
1790535600,btc-updown-5m-1790535600,60,2026-09-27T19:04:00.448Z,59.6,60,0.4,84715.83,84794.31,-9.2553,8+,0.001,,84715.83,84718.38,,0.001,0.999,,Down,Down,yes,ui,93,Down,1
1790535600,btc-updown-5m-1790535600,45,2026-09-27T19:04:15.531Z,44.5,45,0.5,84718.4,84794.31,-8.9523,8+,0.001,,84718.4,84719.46,,0.001,0.999,,Down,Down,yes,ui,4,Down,1
1790535600,btc-updown-5m-1790535600,30,2026-09-27T19:04:30.122Z,29.9,31,1.1,84718.9,84794.31,-8.8933,8+,0.001,,84718.9,84719.68,,0.001,0.999,,Down,Down,yes,ui,7,Down,1
1790535600,btc-updown-5m-1790535600,15,2026-09-27T19:04:45.199Z,14.8,15,0.2,84719.13,84794.31,-8.8662,8+,0.001,,84719.13,84719.66,,0.001,0.999,,Down,Down,yes,ui,7,Down,1
1790535900,btc-updown-5m-1790535900,240,2026-09-27T19:06:00.313Z,239.7,241,1.2,84719.05,84719.17,-0.0142,0-0.5,0.52,0.49,84719.05,84718.67,0.51,0.52,0.48,0.49,Down,Up,no,ui,10,Up,0
1790535900,btc-updown-5m-1790535900,210,2026-09-27T19:06:30.423Z,209.6,211,1.4,84725.72,84719.17,0.7731,0.5-1,0.76,0.25,84725.72,84736.79,0.75,0.76,0.24,0.25,Up,Up,yes,ui,4,Up,1
1790535900,btc-updown-5m-1790535900,180,2026-09-27T19:07:00.536Z,179.5,181,1.5,84735.24,84719.17,1.8969,1-2,0.87,0.14,84735.24,84743.76,0.86,0.87,0.13,0.14,Up,Up,yes,ui,23,Up,1
1790535900,btc-updown-5m-1790535900,150,2026-09-27T19:07:30.288Z,149.7,151,1.1,84741.25,84719.17,2.6063,2-4,0.89,0.12,84741.25,84744.66,0.88,0.89,0.11,0.12,Up,Up,yes,ui,19,Up,1
1790535900,btc-updown-5m-1790535900,120,2026-09-27T19:08:00.390Z,119.6,121,1.3,84744.49,84719.17,2.9887,2-4,0.94,0.07,84744.5,84744.61,0.93,0.94,0.06,0.07,Up,Up,yes,ui,4,Up,1
1790535900,btc-updown-5m-1790535900,90,2026-09-27T19:08:30.508Z,89.5,91,1.5,84744.82,84719.17,3.0277,2-4,0.97,0.04,84744.82,84746.89,0.96,0.97,0.03,0.04,Up,Up,yes,ui,6,Up,1
1790535900,btc-updown-5m-1790535900,75,2026-09-27T19:08:45.097Z,74.9,76,1.0,84745.23,84719.17,3.076,2-4,,0.01,84745.23,84745.88,0.99,,,0.01,Up,Up,yes,ui,9,Up,1
1790535900,btc-updown-5m-1790535900,60,2026-09-27T19:09:00.186Z,59.8,61,1.1,84745.8,84719.17,3.1433,2-4,,0.01,84745.8,84745.8,0.99,,,0.01,Up,Up,yes,ui,14,Up,1
1790535900,btc-updown-5m-1790535900,45,2026-09-27T19:09:15.262Z,44.7,46,1.2,84746.46,84719.17,3.2212,2-4,,0.01,84746.46,84747.88,0.99,,,0.01,Up,Up,yes,ui,4,Up,1
1790535900,btc-updown-5m-1790535900,30,2026-09-27T19:09:30.396Z,29.6,31,1.3,84747.2,84719.17,3.3086,2-4,,0.001,84747.2,84754.34,0.999,,,0.001,Up,Up,yes,ui,9,Up,1
1790535900,btc-updown-5m-1790535900,15,2026-09-27T19:09:45.473Z,14.5,16,1.4,84749.06,84719.17,3.5281,2-4,,0.001,84749.06,84754.9,0.999,,,0.001,Up,Up,yes,ui,4,Up,1
1790536200,btc-updown-5m-1790536200,240,2026-09-27T19:11:00.300Z,239.7,241,1.2,84767.58,84752.49,1.7805,1-2,0.75,0.26,84767.58,84770.04,0.74,0.75,0.25,0.26,Up,Up,yes,ui,8,Up,1
1790536200,btc-updown-5m-1790536200,210,2026-09-27T19:11:30.421Z,209.6,211,1.4,84769.6,84752.49,2.0188,2-4,0.82,0.19,84769.6,84771.88,0.82,0.83,0.17,0.18,Up,Up,yes,ui,53,Up,1
1790536200,btc-updown-5m-1790536200,180,2026-09-27T19:12:00.540Z,179.5,181,1.5,84770.95,84752.49,2.1781,2-4,0.86,0.15,84770.95,84770.99,0.85,0.86,0.14,0.15,Up,Up,yes,ui,5,Up,1
1790536200,btc-updown-5m-1790536200,150,2026-09-27T19:12:30.187Z,149.8,151,1.1,84771.72,84752.49,2.269,2-4,0.9,0.11,84771.71,84771.26,0.89,0.9,0.1,0.11,Up,Up,yes,ui,5,Up,1
1790536200,btc-updown-5m-1790536200,120,2026-09-27T19:13:00.295Z,119.7,121,1.2,84773.11,84752.49,2.433,2-4,0.98,0.03,84773.35,84784.77,0.97,0.98,0.02,0.03,Up,Up,yes,ui,6,Up,1
1790536200,btc-updown-5m-1790536200,90,2026-09-27T19:13:30.431Z,89.6,91,1.4,84779.89,84752.49,3.2329,2-4,0.99,0.02,84779.89,84784.34,0.98,0.99,0.01,0.02,Up,Up,yes,ui,51,Up,1
1790536200,btc-updown-5m-1790536200,75,2026-09-27T19:13:45.501Z,74.5,76,1.5,84782.83,84752.49,3.5798,2-4,,0.01,84783.02,84783.09,0.99,,,0.01,Up,Up,yes,ui,6,Up,1
1790536200,btc-updown-5m-1790536200,60,2026-09-27T19:14:00.080Z,59.9,61,1.0,84783.98,84752.49,3.7155,2-4,,0.01,84783.98,84782.02,0.99,,,0.01,Up,Up,yes,ui,10,Up,1
1790536200,btc-updown-5m-1790536200,45,2026-09-27T19:14:15.164Z,44.8,46,1.1,84784.02,84752.49,3.7202,2-4,,0.01,84784.02,84787.78,0.99,,,0.01,Up,Up,yes,ui,16,Up,1
1790536200,btc-updown-5m-1790536200,30,2026-09-27T19:14:30.287Z,29.7,31,1.2,84784.64,84752.49,3.7934,2-4,,0.01,84784.64,84785.63,0.99,,,0.01,Up,Up,yes,ui,16,Up,1
1790536200,btc-updown-5m-1790536200,15,2026-09-27T19:14:45.371Z,14.6,16,1.3,84783.93,84752.49,3.7096,2-4,,0.01,84783.93,84778.97,0.99,,,0.01,Up,Up,yes,ui,9,Up,1
1790536500,btc-updown-5m-1790536500,240,2026-09-27T19:16:00.271Z,239.7,240,0.2,84783.64,84781.98,0.1958,0-0.5,0.72,0.29,84783.64,84792.34,0.71,0.72,0.28,0.29,Up,Up,yes,ui,5,Up,1
1790536500,btc-updown-5m-1790536500,210,2026-09-27T19:16:30.382Z,209.6,210,0.3,84792.85,84781.98,1.2821,1-2,0.78,0.24,84792.85,84797.52,0.74,0.75,0.25,0.26,Up,Up,yes,ui,10,Up,1
1790536500,btc-updown-5m-1790536500,180,2026-09-27T19:17:00.506Z,179.5,180,0.5,84796.58,84781.98,1.7221,1-2,0.87,0.14,84796.58,84797.42,0.88,0.89,0.11,0.12,Up,Up,yes,ui,32,Up,1
1790536500,btc-updown-5m-1790536500,150,2026-09-27T19:17:30.109Z,149.9,150,0.1,84800.81,84781.98,2.221,2-4,0.94,0.07,84800.81,84806.68,0.93,0.94,0.06,0.07,Up,Up,yes,ui,11,Up,1
1790536500,btc-updown-5m-1790536500,120,2026-09-27T19:18:00.231Z,119.8,120,0.2,84805.18,84781.98,2.7364,2-4,0.92,0.09,84805.18,84803.47,0.91,0.92,0.08,0.09,Up,Up,yes,ui,63,Up,1
1790536500,btc-updown-5m-1790536500,90,2026-09-27T19:18:30.365Z,89.6,90,0.3,84804.51,84781.98,2.6574,2-4,0.99,0.02,84804.51,84803.36,0.98,0.99,0.01,0.02,Up,Up,yes,ui,7,Up,1
1790536500,btc-updown-5m-1790536500,75,2026-09-27T19:18:45.477Z,74.5,75,0.4,84806.65,84781.98,2.9098,2-4,,0.01,84806.65,84818.14,0.99,,,0.01,Up,Up,yes,ui,25,Up,1
1790536500,btc-updown-5m-1790536500,60,2026-09-27T19:19:00.063Z,59.9,61,1.0,84809.74,84781.98,3.2743,2-4,,0.01,84809.74,84818.2,0.99,,,0.01,Up,Up,yes,ui,9,Up,1
1790536500,btc-updown-5m-1790536500,45,2026-09-27T19:19:15.145Z,44.9,45,0.1,84813.05,84781.98,3.6647,2-4,,0.01,84813.05,84818.29,0.99,,,0.01,Up,Up,yes,ui,5,Up,1
1790536500,btc-updown-5m-1790536500,30,2026-09-27T19:19:30.225Z,29.8,30,0.2,84816.99,84781.98,4.1294,4-8,,0.01,84817.25,84819.1,0.99,,,0.01,Up,Up,yes,ui,5,Up,1
1790536500,btc-updown-5m-1790536500,15,2026-09-27T19:19:45.319Z,14.7,15,0.3,84818.2,84781.98,4.2721,4-8,,0.01,84818.2,84819.28,0.99,,,0.01,Up,Up,yes,ui,7,Up,1
1790536800,btc-updown-5m-1790536800,240,2026-09-27T19:21:00.393Z,239.6,240,0.3,84816.73,84818.42,-0.1992,0-0.5,0.21,0.8,84816.73,84797.74,0.2,0.21,0.79,0.8,Down,Down,yes,ui,5,Down,1
1790536800,btc-updown-5m-1790536800,210,2026-09-27T19:21:30.516Z,209.5,210,0.5,84806.03,84818.42,-1.4608,1-2,0.06,0.95,84806.03,84788.07,0.04,0.05,0.95,0.96,Down,Down,yes,ui,61,Down,1
1790536800,btc-updown-5m-1790536800,180,2026-09-27T19:22:00.168Z,179.8,181,1.1,84788.03,84818.42,-3.5829,2-4,0.03,0.98,84788.03,84767.35,0.02,0.03,0.97,0.98,Down,Down,yes,ui,19,Down,1
1790536800,btc-updown-5m-1790536800,150,2026-09-27T19:22:30.294Z,149.7,150,0.3,84772.78,84818.42,-5.3809,4-8,0.02,0.99,84772.78,84765.85,0.01,0.02,0.98,0.99,Down,Down,yes,ui,13,Down,1
1790536800,btc-updown-5m-1790536800,120,2026-09-27T19:23:00.407Z,119.6,120,0.4,84766.08,84818.42,-6.1708,4-8,0.02,0.99,84766.08,84763.57,0.01,0.02,0.98,0.99,Down,Down,yes,ui,34,Down,1
1790536800,btc-updown-5m-1790536800,90,2026-09-27T19:23:30.540Z,89.5,90,0.5,84764.38,84818.42,-6.3713,4-8,0.01,,84764.38,84763.35,,0.01,0.99,,Down,Down,yes,ui,6,Down,1
1790536800,btc-updown-5m-1790536800,75,2026-09-27T19:23:45.140Z,74.9,76,1.1,84763.8,84818.42,-6.4396,4-8,0.01,,84763.8,84740.98,,0.01,0.99,,Down,Down,yes,ui,13,Down,1
1790536800,btc-updown-5m-1790536800,60,2026-09-27T19:24:00.237Z,59.8,60,0.2,84760.75,84818.42,-6.7992,4-8,0.01,,84760.75,84741.55,,0.01,0.99,,Down,Down,yes,ui,12,Down,1
1790536800,btc-updown-5m-1790536800,45,2026-09-27T19:24:15.314Z,44.7,45,0.3,84752.89,84818.42,-7.7259,4-8,0.01,,84752.51,84741.15,,0.01,0.99,,Down,Down,yes,ui,6,Down,1
1790536800,btc-updown-5m-1790536800,30,2026-09-27T19:24:30.395Z,29.6,30,0.4,84747.76,84818.42,-8.3307,8+,0.001,,84747.76,84747.56,,0.001,0.999,,Down,Down,yes,ui,19,Down,1
1790536800,btc-updown-5m-1790536800,15,2026-09-27T19:24:45.472Z,14.5,15,0.4,84743.75,84818.42,-8.8035,8+,0.001,,84743.75,84753.51,,0.001,0.999,,Down,Down,yes,ui,14,Down,1
1790537100,btc-updown-5m-1790537100,240,2026-09-27T19:26:00.326Z,239.7,241,1.3,84755.25,84747.12,0.9593,0.5-1,0.56,0.45,84755.25,84750.35,0.55,0.56,0.44,0.45,Up,Up,yes,ui,8,Down,0
1790537100,btc-updown-5m-1790537100,210,2026-09-27T19:26:32.294Z,207.7,211,1.4,84745.82,84747.12,-0.1534,0-0.5,0.22,0.79,84744.98,84726.7,,,,,Down,,,ui,13,Down,1
1790537100,btc-updown-5m-1790537100,180,2026-09-27T19:27:02.276Z,177.7,181,1.3,84731.24,84747.12,-1.8738,1-2,0.08,0.93,84730.78,84716.55,,,,,Down,,,ui,8,Down,1
1790537100,btc-updown-5m-1790537100,150,2026-09-27T19:27:32.292Z,147.7,151,1.4,84706.9,84747.12,-4.7459,4-8,0.04,0.97,84704.99,84678.61,,,,,Down,,,ui,68,Down,1
1790537100,btc-updown-5m-1790537100,120,2026-09-27T19:28:02.250Z,117.7,121,1.3,84684.02,84747.12,-7.4457,4-8,0.02,0.99,84682.64,84681.71,,,,,Down,,,ui,5,Down,1
1790537100,btc-updown-5m-1790537100,90,2026-09-27T19:28:32.207Z,87.8,91,1.3,84679.81,84747.12,-7.9425,4-8,0.01,,84679.82,84668.55,,,,,Down,,,ui,8,Down,1
1790537100,btc-updown-5m-1790537100,75,2026-09-27T19:28:47.152Z,72.8,76,1.2,84677.54,84747.12,-8.2103,8+,0.01,,84677.16,84667.99,,,,,Down,,,ui,5,Down,1
1790537100,btc-updown-5m-1790537100,60,2026-09-27T19:29:02.098Z,57.9,61,1.2,84674.31,84747.12,-8.5914,8+,0.01,,84673.93,84668.72,,,,,Down,,,ui,13,Down,1
1790537100,btc-updown-5m-1790537100,45,2026-09-27T19:29:17.058Z,42.9,46,1.1,84671.53,84747.12,-8.9195,8+,0.01,,84671.17,84667.93,,,,,Down,,,ui,4,Down,1
1790537100,btc-updown-5m-1790537100,30,2026-09-27T19:29:32.041Z,28.0,31,1.1,84668.79,84747.12,-9.2428,8+,0.01,,84668.57,84668.9,,,,,Down,,,ui,14,Down,1
1790537100,btc-updown-5m-1790537100,15,2026-09-27T19:29:46.992Z,13.0,16,1.1,84669.5,84747.12,-9.159,8+,0.01,,84669.89,84681.15,,,,,Down,,,ui,4,Down,1
1790537400,btc-updown-5m-1790537400,240,2026-09-27T19:31:00.375Z,239.6,,,84671.34,84673.23,-0.2232,0-0.5,0.32,0.69,84671.67,84662.52,0.31,0.32,0.68,0.69,Down,Down,yes,ui,63,Down,1
1790537400,btc-updown-5m-1790537400,210,2026-09-27T19:31:30.482Z,209.5,211,1.4,84664.81,84673.23,-0.9944,0.5-1,0.35,0.66,84664.81,84664.94,0.34,0.35,0.65,0.66,Down,Down,yes,ui,11,Down,1
1790537400,btc-updown-5m-1790537400,180,2026-09-27T19:32:00.078Z,179.9,181,1.0,84661.81,84673.23,-1.3487,1-2,0.33,0.68,84661.81,84662.14,0.32,0.33,0.67,0.68,Down,Down,yes,ui,8,Down,1
1790537400,btc-updown-5m-1790537400,150,2026-09-27T19:32:30.195Z,149.8,151,1.2,84662.86,84673.23,-1.2247,1-2,0.34,0.67,84662.86,84667.79,0.33,0.34,0.66,0.67,Down,Down,yes,ui,51,Down,1
1790537400,btc-updown-5m-1790537400,120,2026-09-27T19:33:00.313Z,119.7,121,1.2,84660.88,84673.23,-1.4585,1-2,0.06,0.95,84660.88,84648.69,0.04,0.07,0.95,0.96,Down,Down,yes,ui,5,Down,1
1790537400,btc-updown-5m-1790537400,90,2026-09-27T19:33:30.456Z,89.5,91,1.4,84651.96,84673.23,-2.512,2-4,0.04,0.97,84651.96,84645.54,0.03,0.04,0.96,0.97,Down,Down,yes,ui,5,Down,1
1790537400,btc-updown-5m-1790537400,75,2026-09-27T19:33:45.553Z,74.4,76,1.5,84646.81,84673.23,-3.1202,2-4,0.03,0.98,84646.81,84647.19,0.02,0.03,0.97,0.98,Down,Down,yes,ui,18,Down,1
1790537400,btc-updown-5m-1790537400,60,2026-09-27T19:34:00.143Z,59.9,61,1.1,84648.55,84673.23,-2.9147,2-4,0.04,0.97,84648.55,84660.79,0.03,0.04,0.96,0.97,Down,Down,yes,ui,5,Down,1
1790537400,btc-updown-5m-1790537400,45,2026-09-27T19:34:15.234Z,44.8,46,1.2,84653.49,84673.23,-2.3313,2-4,0.05,0.96,84653.49,84668.33,0.02,0.03,0.97,0.98,Down,Down,yes,ui,61,Down,1
1790537400,btc-updown-5m-1790537400,30,2026-09-27T19:34:30.332Z,29.7,31,1.3,84659.39,84673.23,-1.6345,1-2,0.18,0.83,84659.39,84674.32,0.17,0.18,0.82,0.83,Down,Down,yes,ui,58,Down,1
1790537400,btc-updown-5m-1790537400,15,2026-09-27T19:34:45.410Z,14.6,16,1.4,84665.95,84673.23,-0.8598,0.5-1,0.02,0.99,84665.95,84674.61,0.01,0.02,0.98,0.99,Down,Down,yes,ui,4,Down,1
1790537700,btc-updown-5m-1790537700,240,2026-09-27T19:36:00.530Z,239.5,240,0.5,84674.53,84671.67,0.3378,0-0.5,0.58,0.43,84674.53,84673.46,0.57,0.58,0.42,0.43,Up,Up,yes,ui,5,Up,1
1790537700,btc-updown-5m-1790537700,210,2026-09-27T19:36:30.149Z,209.9,210,0.1,84674.34,84671.67,0.3153,0-0.5,0.67,0.34,84674.34,84678.86,0.68,0.69,0.31,0.32,Up,Up,yes,ui,7,Up,1
1790537700,btc-updown-5m-1790537700,180,2026-09-27T19:37:00.304Z,179.7,180,0.2,84676.31,84671.67,0.548,0.5-1,0.76,0.25,84676.31,84678.11,0.75,0.76,0.24,0.25,Up,Up,yes,ui,13,Up,1
1790537700,btc-updown-5m-1790537700,150,2026-09-27T19:37:30.420Z,149.6,150,0.4,84688.96,84671.67,2.042,2-4,0.97,0.04,84688.96,84731.32,0.96,0.97,0.03,0.04,Up,Up,yes,ui,15,Up,1
1790537700,btc-updown-5m-1790537700,120,2026-09-27T19:38:00.075Z,119.9,120,0.0,84718.26,84671.67,5.5024,4-8,0.99,0.02,84719.28,84739.97,0.98,0.99,0.01,0.02,Up,Up,yes,ui,21,Up,1
1790537700,btc-updown-5m-1790537700,90,2026-09-27T19:38:30.179Z,89.8,90,0.1,84738.04,84671.67,7.8385,4-8,,0.01,84738.19,84739.96,0.99,,,0.01,Up,Up,yes,ui,4,Up,1
1790537700,btc-updown-5m-1790537700,75,2026-09-27T19:38:45.306Z,74.7,75,0.2,84739.2,84671.67,7.9755,4-8,,0.01,84739.2,84746.38,0.99,,,0.01,Up,Up,yes,ui,10,Up,1
1790537700,btc-updown-5m-1790537700,60,2026-09-27T19:39:00.392Z,59.6,60,0.3,84741.82,84671.67,8.2849,8+,,0.01,84742.07,84754.25,0.99,,,0.01,Up,Up,yes,ui,11,Up,1
1790537700,btc-updown-5m-1790537700,45,2026-09-27T19:39:15.476Z,44.5,45,0.4,84745.91,84671.67,8.768,8+,,0.01,84745.91,84754.06,0.99,,,0.01,Up,Up,yes,ui,6,Up,1
1790537700,btc-updown-5m-1790537700,30,2026-09-27T19:39:30.066Z,29.9,30,0.0,84749.36,84671.67,9.1754,8+,,0.001,84749.59,84754.2,0.999,,,0.001,Up,Up,yes,ui,12,Up,1
1790537700,btc-updown-5m-1790537700,15,2026-09-27T19:39:45.149Z,14.9,15,0.1,84750.77,84671.67,9.342,8+,,0.001,84750.77,84739.02,0.999,,,0.001,Up,Up,yes,ui,6,Up,1
1790538000,btc-updown-5m-1790538000,240,2026-09-27T19:41:00.318Z,239.7,241,1.3,84745.36,84749.21,-0.4543,0-0.5,0.3,0.71,84745.36,84738.68,0.29,0.3,0.7,0.71,Down,Down,yes,ui,6,Up,0
1790538000,btc-updown-5m-1790538000,210,2026-09-27T19:41:30.428Z,209.6,210,0.4,84742.33,84749.21,-0.8118,0.5-1,0.56,0.45,84742.33,84747.95,0.55,0.56,0.44,0.45,Down,Up,no,ui,5,Up,0
1790538000,btc-updown-5m-1790538000,180,2026-09-27T19:42:00.552Z,179.4,180,0.5,84749.8,84749.21,0.0696,0-0.5,0.9,0.11,84749.8,84774.44,0.89,0.9,0.1,0.11,Up,Up,yes,ui,15,Up,1
1790538000,btc-updown-5m-1790538000,150,2026-09-27T19:42:30.206Z,149.8,151,1.2,84763.32,84749.21,1.6649,1-2,0.66,0.35,84763.32,84755.86,0.65,0.66,0.34,0.35,Up,Up,yes,ui,73,Up,1
1790538000,btc-updown-5m-1790538000,120,2026-09-27T19:43:00.318Z,119.7,121,1.3,84761.62,84749.21,1.4643,1-2,0.7,0.31,84761.62,84754.52,0.69,0.7,0.3,0.31,Up,Up,yes,ui,5,Up,1
1790538000,btc-updown-5m-1790538000,90,2026-09-27T19:43:30.420Z,89.6,91,1.4,84754.95,84749.21,0.6773,0.5-1,0.55,0.46,84754.98,84754.55,0.54,0.55,0.45,0.46,Up,Up,yes,ui,62,Up,1
1790538000,btc-updown-5m-1790538000,75,2026-09-27T19:43:45.490Z,74.5,75,0.5,84754.23,84749.21,0.5923,0.5-1,0.57,0.44,84754.23,84750.79,0.57,0.58,0.42,0.43,Up,Up,yes,ui,23,Up,1
1790538000,btc-updown-5m-1790538000,60,2026-09-27T19:44:00.080Z,59.9,61,1.0,84753.25,84749.21,0.4767,0-0.5,0.63,0.38,84753.25,84750.66,0.64,0.65,0.35,0.36,Up,Up,yes,ui,31,Up,1
1790538000,btc-updown-5m-1790538000,45,2026-09-27T19:44:15.170Z,44.8,46,1.2,84751.75,84749.21,0.2997,0-0.5,0.55,0.46,84751.75,84748.11,0.5,0.51,0.49,0.5,Up,Up,yes,ui,60,Up,1
1790538000,btc-updown-5m-1790538000,30,2026-09-27T19:44:30.271Z,29.7,31,1.2,84750.04,84749.21,0.0979,0-0.5,0.95,0.08,84750.04,84749.2,0.92,0.93,0.07,0.08,Up,Up,yes,ui,31,Up,1
1790538000,btc-updown-5m-1790538000,15,2026-09-27T19:44:45.356Z,14.6,16,1.3,84749.31,84749.21,0.0118,0-0.5,0.98,0.03,84749.31,84748.39,0.97,0.98,0.02,0.03,Up,Up,yes,ui,39,Up,1
1790538300,btc-updown-5m-1790538300,240,2026-09-27T19:46:00.438Z,239.6,241,1.4,84770.74,84749.74,2.4779,2-4,0.75,0.26,84770.74,84773.55,0.74,0.75,0.25,0.26,Up,Up,yes,ui,5,Up,1
1790538300,btc-updown-5m-1790538300,210,2026-09-27T19:46:30.541Z,209.5,211,1.5,84775.76,84749.74,3.0702,2-4,0.83,0.18,84775.76,84773.8,0.82,0.83,0.17,0.18,Up,Up,yes,ui,5,Up,1
1790538300,btc-updown-5m-1790538300,180,2026-09-27T19:47:00.154Z,179.8,181,1.1,84774.83,84749.74,2.9605,2-4,0.95,0.06,84774.83,84786.84,0.94,0.95,0.05,0.06,Up,Up,yes,ui,28,Up,1
1790538300,btc-updown-5m-1790538300,150,2026-09-27T19:47:30.276Z,149.7,151,1.3,84784.47,84749.74,4.0979,4-8,0.98,0.03,84784.47,84798.61,0.97,0.98,0.02,0.03,Up,Up,yes,ui,66,Up,1
1790538300,btc-updown-5m-1790538300,120,2026-09-27T19:48:00.371Z,119.6,121,1.3,84794.49,84749.74,5.2803,4-8,0.96,0.05,84794.49,84788.1,0.96,0.97,0.03,0.04,Up,Up,yes,ui,5,Up,1
1790538300,btc-updown-5m-1790538300,90,2026-09-27T19:48:30.475Z,89.5,91,1.4,84787.71,84749.74,4.4802,4-8,0.95,0.06,84787.38,84778.76,0.94,0.95,0.05,0.06,Up,Up,yes,ui,5,Up,1
1790538300,btc-updown-5m-1790538300,75,2026-09-27T19:48:45.558Z,74.4,76,1.5,84781.69,84749.74,3.7699,2-4,0.98,0.03,84782.42,84776.36,0.97,0.98,0.02,0.03,Up,Up,yes,ui,17,Up,1
1790538300,btc-updown-5m-1790538300,60,2026-09-27T19:49:00.137Z,59.9,61,1.1,84778.05,84749.74,3.3404,2-4,0.98,0.03,84778.05,84775.35,0.97,0.98,0.02,0.03,Up,Up,yes,ui,25,Up,1
1790538300,btc-updown-5m-1790538300,45,2026-09-27T19:49:15.244Z,44.8,46,1.2,84775.53,84749.74,3.0431,2-4,0.99,0.02,84775.53,84766.48,0.98,0.99,0.01,0.02,Up,Up,yes,ui,52,Up,1
1790538300,btc-updown-5m-1790538300,30,2026-09-27T19:49:30.346Z,29.7,31,1.3,84773.51,84749.74,2.8047,2-4,,0.01,84773.51,84770.33,0.99,,,0.01,Up,Up,yes,ui,5,Up,1
1790538300,btc-updown-5m-1790538300,15,2026-09-27T19:49:45.433Z,14.6,16,1.4,84770.97,84749.74,2.505,2-4,,0.01,84770.78,84766.18,0.99,,,0.01,Up,Up,yes,ui,9,Up,1
1790538600,btc-updown-5m-1790538600,240,2026-09-27T19:51:00.447Z,239.6,241,1.4,84776.74,84768.52,0.9697,0.5-1,0.63,0.38,84776.74,84777.39,0.62,0.63,0.37,0.38,Up,Up,yes,ui,7,Down,0
1790538600,btc-updown-5m-1790538600,210,2026-09-27T19:51:30.557Z,209.4,211,1.5,84772.6,84768.52,0.4813,0-0.5,0.32,0.69,84772.6,84760.62,0.3,0.31,0.69,0.7,Up,Down,no,ui,6,Down,0
1790538600,btc-updown-5m-1790538600,180,2026-09-27T19:52:00.165Z,179.8,180,0.1,84763.84,84768.52,-0.5521,0.5-1,0.3,0.71,84763.84,84759.14,0.29,0.3,0.7,0.71,Down,Down,yes,ui,7,Down,1
1790538600,btc-updown-5m-1790538600,150,2026-09-27T19:52:30.275Z,149.7,151,1.2,84758.51,84768.52,-1.1809,1-2,0.2,0.81,84758.51,84755.58,0.19,0.2,0.8,0.81,Down,Down,yes,ui,5,Down,1
1790538600,btc-updown-5m-1790538600,120,2026-09-27T19:53:00.408Z,119.6,121,1.3,84756.13,84768.52,-1.4616,1-2,0.14,0.87,84756.13,84755.05,0.13,0.14,0.86,0.87,Down,Down,yes,ui,8,Down,1
1790538600,btc-updown-5m-1790538600,90,2026-09-27T19:53:30.516Z,89.5,90,0.5,84754.4,84768.52,-1.6657,1-2,0.04,0.97,84754.4,84743.35,0.03,0.04,0.96,0.97,Down,Down,yes,ui,51,Down,1
1790538600,btc-updown-5m-1790538600,75,2026-09-27T19:53:45.099Z,74.9,76,1.0,84750.83,84768.52,-2.0869,2-4,0.01,,84750.83,84725.98,,0.01,0.99,,Down,Down,yes,ui,5,Down,1
1790538600,btc-updown-5m-1790538600,60,2026-09-27T19:54:00.191Z,59.8,61,1.2,84743.33,84768.52,-2.9716,2-4,0.01,,84743.33,84724.08,,0.01,0.99,,Down,Down,yes,ui,21,Down,1
1790538600,btc-updown-5m-1790538600,45,2026-09-27T19:54:15.270Z,44.7,46,1.2,84735.37,84768.52,-3.9106,2-4,0.01,,84735.37,84723.23,,0.01,0.99,,Down,Down,yes,ui,11,Down,1
1790538600,btc-updown-5m-1790538600,30,2026-09-27T19:54:30.352Z,29.6,31,1.3,84728.12,84768.52,-4.7659,4-8,0.01,,84728.12,84724.68,,0.01,0.99,,Down,Down,yes,ui,14,Down,1
1790538600,btc-updown-5m-1790538600,15,2026-09-27T19:54:45.445Z,14.6,16,1.4,84724.11,84768.52,-5.239,4-8,0.01,,84724.11,84724.13,,0.01,0.99,,Down,Down,yes,ui,4,Down,1
1790538900,btc-updown-5m-1790538900,240,2026-09-27T19:56:00.168Z,239.8,241,1.1,84722.51,84723.8,-0.1523,0-0.5,0.4,0.61,84722.51,84721.32,0.39,0.4,0.6,0.61,Down,Down,yes,ui,4,Down,1
1790538900,btc-updown-5m-1790538900,210,2026-09-27T19:56:30.285Z,209.7,211,1.2,84722.01,84723.8,-0.2113,0-0.5,0.47,0.54,84722.01,84723.43,0.46,0.47,0.53,0.54,Down,Down,yes,ui,8,Down,1
1790538900,btc-updown-5m-1790538900,180,2026-09-27T19:57:00.400Z,179.6,181,1.4,84723.44,84723.8,-0.0425,0-0.5,0.57,0.44,84723.44,84725.89,0.56,0.57,0.43,0.44,Down,Up,no,ui,22,Down,1
1790538900,btc-updown-5m-1790538900,150,2026-09-27T19:57:30.539Z,149.5,151,1.5,84724.98,84723.8,0.1393,0-0.5,0.43,0.58,84724.98,84724.53,0.42,0.43,0.57,0.58,Up,Down,no,ui,14,Down,0
1790538900,btc-updown-5m-1790538900,120,2026-09-27T19:58:00.178Z,119.8,121,1.1,84725.23,84723.8,0.1688,0-0.5,0.38,0.63,84725.23,84725.86,0.37,0.38,0.62,0.63,Up,Down,no,ui,15,Down,0
1790538900,btc-updown-5m-1790538900,90,2026-09-27T19:58:30.304Z,89.7,91,1.3,84725.32,84723.8,0.1794,0-0.5,0.51,0.5,84725.33,84725.73,0.5,0.51,0.49,0.5,Up,Up,yes,ui,28,Down,0
1790538900,btc-updown-5m-1790538900,75,2026-09-27T19:58:45.393Z,74.6,76,1.4,84725.62,84723.8,0.2148,0-0.5,0.5,0.51,84725.65,84725.91,0.49,0.5,0.5,0.51,Up,Down,no,ui,36,Down,0
1790538900,btc-updown-5m-1790538900,60,2026-09-27T19:59:00.525Z,59.5,61,1.4,84724.57,84723.8,0.0909,0-0.5,0.09,0.92,84724.57,84719.38,0.08,0.09,0.91,0.92,Up,Down,no,ui,25,Down,0
1790538900,btc-updown-5m-1790538900,45,2026-09-27T19:59:15.155Z,44.8,46,1.1,84723.05,84723.8,-0.0885,0-0.5,0.04,0.97,84723.05,84717.92,0.03,0.04,0.96,0.97,Down,Down,yes,ui,47,Down,1
1790538900,btc-updown-5m-1790538900,30,2026-09-27T19:59:30.239Z,29.8,31,1.2,84720.78,84723.8,-0.3565,0-0.5,0.03,0.98,84720.78,84715.66,0.02,0.03,0.97,0.98,Down,Down,yes,ui,5,Down,1
1790538900,btc-updown-5m-1790538900,15,2026-09-27T19:59:45.337Z,14.7,16,1.3,84718.41,84723.8,-0.6362,0.5-1,0.01,,84718.41,84716.96,,0.01,0.99,,Down,Down,yes,ui,5,Down,1
1790539200,btc-updown-5m-1790539200,240,2026-09-27T20:01:00.388Z,239.6,241,1.4,84726.7,84717.23,1.1178,1-2,0.73,0.28,84726.7,84729.1,0.72,0.73,0.27,0.28,Up,Up,yes,ui,39,Up,1
1790539200,btc-updown-5m-1790539200,210,2026-09-27T20:01:30.504Z,209.5,211,1.4,84730.62,84717.23,1.5806,1-2,0.79,0.22,84730.62,84731.92,0.78,0.79,0.21,0.22,Up,Up,yes,ui,5,Up,1
1790539200,btc-updown-5m-1790539200,180,2026-09-27T20:02:00.136Z,179.9,181,1.1,84731.45,84717.23,1.6785,1-2,0.82,0.19,84731.45,84732.14,0.83,0.84,0.16,0.17,Up,Up,yes,ui,57,Up,1
1790539200,btc-updown-5m-1790539200,150,2026-09-27T20:02:30.247Z,149.8,151,1.2,84732.24,84717.23,1.7718,1-2,0.83,0.18,84732.24,84732.25,0.82,0.83,0.17,0.18,Up,Up,yes,ui,6,Up,1
1790539200,btc-updown-5m-1790539200,120,2026-09-27T20:03:00.379Z,119.6,121,1.3,84732.18,84717.23,1.7647,1-2,0.91,0.1,84732.17,84732.08,0.9,0.91,0.09,0.1,Up,Up,yes,ui,17,Up,1
1790539200,btc-updown-5m-1790539200,90,2026-09-27T20:03:30.510Z,89.5,91,1.5,84737.43,84717.23,2.3844,2-4,0.99,0.02,84737.43,84748.18,0.98,0.99,0.01,0.02,Up,Up,yes,ui,9,Up,1
1790539200,btc-updown-5m-1790539200,75,2026-09-27T20:03:45.132Z,74.9,76,1.1,84741.54,84717.23,2.8695,2-4,0.99,0.02,84741.54,84749.67,0.98,0.99,0.01,0.02,Up,Up,yes,ui,57,Up,1
1790539200,btc-updown-5m-1790539200,60,2026-09-27T20:04:00.218Z,59.8,61,1.2,84746.08,84717.23,3.4054,2-4,,0.01,84746.38,84750.24,0.99,,,0.01,Up,Up,yes,ui,11,Up,1
1790539200,btc-updown-5m-1790539200,45,2026-09-27T20:04:15.297Z,44.7,46,1.3,84749.75,84717.23,3.8387,2-4,,0.01,84749.75,84752.23,0.99,,,0.01,Up,Up,yes,ui,5,Up,1
1790539200,btc-updown-5m-1790539200,30,2026-09-27T20:04:30.408Z,29.6,31,1.3,84750.73,84717.23,3.9543,2-4,,0.01,84750.73,84752.56,0.99,,,0.01,Up,Up,yes,ui,10,Up,1
1790539200,btc-updown-5m-1790539200,15,2026-09-27T20:04:45.489Z,14.5,16,1.5,84751.55,84717.23,4.0511,4-8,,0.01,84751.55,84752.95,0.99,,,0.01,Up,Up,yes,ui,11,Up,1
1790539500,btc-updown-5m-1790539500,240,2026-09-27T20:06:00.514Z,239.5,240,0.5,84735.8,84752.04,-1.9162,1-2,0.14,0.87,84735.31,84720.73,0.13,0.14,0.86,0.87,Down,Down,yes,ui,4,Down,1
1790539500,btc-updown-5m-1790539500,210,2026-09-27T20:06:30.139Z,209.9,211,1.1,84723.11,84752.04,-3.4135,2-4,0.08,0.93,84723.11,84719.75,0.07,0.08,0.92,0.93,Down,Down,yes,ui,15,Down,1
1790539500,btc-updown-5m-1790539500,180,2026-09-27T20:07:00.263Z,179.7,180,0.2,84721.31,84752.04,-3.6259,2-4,0.08,0.93,84721.31,84719.19,0.07,0.08,0.92,0.93,Down,Down,yes,ui,8,Down,1
1790539500,btc-updown-5m-1790539500,150,2026-09-27T20:07:30.365Z,149.6,150,0.3,84719.28,84752.04,-3.8654,2-4,0.06,0.95,84719.28,84719.51,0.05,0.06,0.94,0.95,Down,Down,yes,ui,4,Down,1
1790539500,btc-updown-5m-1790539500,120,2026-09-27T20:08:00.535Z,119.5,120,0.4,84719.46,84752.04,-3.8442,2-4,0.04,0.97,84719.46,84719.5,0.03,0.04,0.96,0.97,Down,Down,yes,ui,11,Down,1
1790539500,btc-updown-5m-1790539500,90,2026-09-27T20:08:30.171Z,89.8,90,0.1,84727.87,84752.04,-2.8518,2-4,0.35,0.66,84727.87,84748.38,0.34,0.35,0.65,0.66,Down,Down,yes,ui,18,Down,1
1790539500,btc-updown-5m-1790539500,75,2026-09-27T20:08:45.278Z,74.7,75,0.3,84735.55,84752.04,-1.9457,1-2,0.2,0.81,84735.55,84747.9,0.19,0.2,0.8,0.81,Down,Down,yes,ui,81,Down,1
1790539500,btc-updown-5m-1790539500,60,2026-09-27T20:09:00.379Z,59.6,60,0.3,84742.36,84752.04,-1.1422,1-2,0.11,0.9,84742.36,84745.54,0.1,0.11,0.89,0.9,Down,Down,yes,ui,45,Down,1
1790539500,btc-updown-5m-1790539500,45,2026-09-27T20:09:15.460Z,44.5,45,0.4,84747.74,84752.04,-0.5074,0.5-1,0.48,0.53,84747.74,84750.62,0.47,0.48,0.52,0.53,Down,Down,yes,ui,6,Down,1
1790539500,btc-updown-5m-1790539500,30,2026-09-27T20:09:30.536Z,29.5,30,0.5,84748.43,84752.04,-0.4259,0-0.5,0.12,0.89,84748.43,84751.02,0.11,0.12,0.88,0.89,Down,Down,yes,ui,14,Down,1
1790539500,btc-updown-5m-1790539500,15,2026-09-27T20:09:45.165Z,14.8,16,1.2,84749.2,84752.04,-0.3351,0-0.5,0.83,0.18,84749.2,84755.93,0.79,0.83,0.17,0.21,Down,Up,no,ui,80,Down,1
1790539800,btc-updown-5m-1790539800,240,2026-09-27T20:11:00.318Z,239.7,240,0.3,84761.13,84751.85,1.095,1-2,0.72,0.29,84761.13,84764.49,0.71,0.72,0.28,0.29,Up,Up,yes,ui,9,Up,1
1790539800,btc-updown-5m-1790539800,210,2026-09-27T20:11:30.433Z,209.6,210,0.4,84765.23,84751.85,1.5787,1-2,0.81,0.2,84765.29,84765.84,0.8,0.81,0.19,0.2,Up,Up,yes,ui,5,Up,1
1790539800,btc-updown-5m-1790539800,180,2026-09-27T20:12:00.062Z,179.9,181,1.0,84768.83,84751.85,2.0035,2-4,0.9,0.11,84768.83,84780.41,0.89,0.9,0.1,0.11,Up,Up,yes,ui,5,Up,1
1790539800,btc-updown-5m-1790539800,150,2026-09-27T20:12:30.169Z,149.8,150,0.1,84775.96,84751.85,2.8448,2-4,0.94,0.07,84775.96,84780.55,0.93,0.94,0.06,0.07,Up,Up,yes,ui,24,Up,1
1790539800,btc-updown-5m-1790539800,120,2026-09-27T20:13:00.272Z,119.7,120,0.2,84780.31,84751.85,3.358,2-4,0.96,0.05,84780.31,84780.54,0.95,0.96,0.04,0.05,Up,Up,yes,ui,4,Up,1
1790539800,btc-updown-5m-1790539800,90,2026-09-27T20:13:30.385Z,89.6,90,0.3,84780.72,84751.85,3.4064,2-4,0.99,0.02,84780.72,84779.92,0.98,0.99,0.01,0.02,Up,Up,yes,ui,7,Up,1
1790539800,btc-updown-5m-1790539800,75,2026-09-27T20:13:45.468Z,74.5,75,0.4,84780.74,84751.85,3.4088,2-4,0.99,0.02,84780.74,84780.35,0.98,0.99,0.01,0.02,Up,Up,yes,ui,4,Up,1
1790539800,btc-updown-5m-1790539800,60,2026-09-27T20:14:00.552Z,59.4,60,0.5,84780.66,84751.85,3.3993,2-4,,0.001,84780.66,84782.15,0.999,,,0.001,Up,Up,yes,ui,5,Up,1
1790539800,btc-updown-5m-1790539800,45,2026-09-27T20:14:15.127Z,44.9,45,0.1,84781.99,84751.85,3.5563,2-4,,0.001,84781.99,84792.91,0.999,,,0.001,Up,Up,yes,ui,5,Up,1
1790539800,btc-updown-5m-1790539800,30,2026-09-27T20:14:30.212Z,29.8,30,0.2,84784.89,84751.85,3.8984,2-4,,0.001,84784.89,84792.29,0.999,,,0.001,Up,Up,yes,ui,4,Up,1
1790539800,btc-updown-5m-1790539800,15,2026-09-27T20:14:45.305Z,14.7,15,0.3,84787.92,84751.85,4.256,4-8,,0.001,84787.92,84792.57,0.999,,,0.001,Up,Up,yes,ui,9,Up,1
1790540100,btc-updown-5m-1790540100,240,2026-09-27T20:16:00.449Z,239.6,240,0.4,84793.03,84791.41,0.1911,0-0.5,0.58,0.43,84793.03,84792.98,0.57,0.58,0.42,0.43,Up,Up,yes,ui,5,Down,0
1790540100,btc-updown-5m-1790540100,210,2026-09-27T20:16:30.060Z,209.9,211,1.0,84790.39,84791.41,-0.1203,0-0.5,0.33,0.68,84790.39,84782.54,0.32,0.33,0.67,0.68,Down,Down,yes,ui,21,Down,1
1790540100,btc-updown-5m-1790540100,180,2026-09-27T20:17:00.161Z,179.8,180,0.1,84784.16,84791.41,-0.855,0.5-1,0.13,0.88,84784.16,84773.57,0.12,0.13,0.87,0.88,Down,Down,yes,ui,17,Down,1
1790540100,btc-updown-5m-1790540100,150,2026-09-27T20:17:30.267Z,149.7,150,0.2,84776.93,84791.41,-1.7077,1-2,0.17,0.84,84776.93,84775.54,0.16,0.17,0.83,0.84,Down,Down,yes,ui,5,Down,1
1790540100,btc-updown-5m-1790540100,120,2026-09-27T20:18:00.380Z,119.6,120,0.3,84773.77,84791.41,-2.0804,2-4,0.14,0.87,84773.77,84774.08,0.14,0.15,0.85,0.86,Down,Down,yes,ui,5,Down,1
1790540100,btc-updown-5m-1790540100,90,2026-09-27T20:18:30.478Z,89.5,90,0.4,84771.92,84791.41,-2.2986,2-4,0.03,0.98,84771.92,84752.75,0.03,0.04,0.96,0.98,Down,Down,yes,ui,16,Down,1
1790540100,btc-updown-5m-1790540100,75,2026-09-27T20:18:45.101Z,74.9,76,1.0,84767.6,84791.41,-2.8081,2-4,0.03,0.98,84767.6,84758.16,0.02,0.03,0.97,0.98,Down,Down,yes,ui,27,Down,1
1790540100,btc-updown-5m-1790540100,60,2026-09-27T20:19:00.199Z,59.8,60,0.1,84763.63,84791.41,-3.2763,2-4,0.01,,84763.63,84759.49,,0.01,0.99,,Down,Down,yes,ui,7,Down,1
1790540100,btc-updown-5m-1790540100,45,2026-09-27T20:19:15.304Z,44.7,45,0.2,84759.47,84791.41,-3.7669,2-4,0.01,,84759.47,84757.24,,0.01,0.99,,Down,Down,yes,ui,4,Down,1
1790540100,btc-updown-5m-1790540100,30,2026-09-27T20:19:30.381Z,29.6,30,0.3,84757.53,84791.41,-3.9957,2-4,0.01,,84757.53,84756.61,,0.01,0.99,,Down,Down,yes,ui,4,Down,1
1790540100,btc-updown-5m-1790540100,15,2026-09-27T20:19:45.460Z,14.5,15,0.4,84757.32,84791.41,-4.0205,4-8,0.001,,84757.32,84756.29,,0.001,0.999,,Down,Down,yes,ui,4,Down,1
1790540400,btc-updown-5m-1790540400,240,2026-09-27T20:21:00.336Z,239.7,240,0.3,84731.7,84756.81,-2.9626,2-4,0.09,0.92,84731.7,84701.01,0.08,0.09,0.91,0.92,Down,Down,yes,ui,35,Down,1
1790540400,btc-updown-5m-1790540400,210,2026-09-27T20:21:30.468Z,209.5,210,0.4,84702.67,84756.81,-6.3877,4-8,0.03,0.98,84702.67,84657.85,0.02,0.03,0.97,0.98,Down,Down,yes,ui,5,Down,1
1790540400,btc-updown-5m-1790540400,180,2026-09-27T20:22:00.061Z,179.9,181,1.0,84670.44,84756.81,-10.1903,8+,0.02,0.99,84670.44,84656.8,0.01,0.02,0.98,0.99,Down,Down,yes,ui,6,Down,1
1790540400,btc-updown-5m-1790540400,150,2026-09-27T20:22:30.165Z,149.8,150,0.1,84658.46,84756.81,-11.6038,8+,0.01,,84658.46,84657.8,,0.01,0.99,,Down,Down,yes,ui,10,Down,1
1790540400,btc-updown-5m-1790540400,120,2026-09-27T20:23:00.272Z,119.7,120,0.2,84655.48,84756.81,-11.9554,8+,0.01,,84655.48,84649.38,,0.01,0.99,,Down,Down,yes,ui,9,Down,1
1790540400,btc-updown-5m-1790540400,90,2026-09-27T20:23:30.401Z,89.6,90,0.3,84641.41,84756.81,-13.6154,8+,0.01,,84641.41,84609.92,,0.01,0.99,,Down,Down,yes,ui,10,Down,1
1790540400,btc-updown-5m-1790540400,75,2026-09-27T20:23:45.474Z,74.5,75,0.4,84629.93,84756.81,-14.9699,8+,0.01,,84629.93,84616.04,,0.01,0.99,,Down,Down,yes,ui,19,Down,1
1790540400,btc-updown-5m-1790540400,60,2026-09-27T20:24:00.067Z,59.9,61,1.0,84622.24,84756.81,-15.8772,8+,0.01,,84622.24,84617.17,,0.01,0.99,,Down,Down,yes,ui,5,Down,1
1790540400,btc-updown-5m-1790540400,45,2026-09-27T20:24:15.157Z,44.8,45,0.1,84615.62,84756.81,-16.6582,8+,0.001,,84615.62,84616.63,,0.001,0.999,,Down,Down,yes,ui,14,Down,1
1790540400,btc-updown-5m-1790540400,30,2026-09-27T20:24:30.232Z,29.8,30,0.2,84615.91,84756.81,-16.624,8+,0.001,,84615.91,84625.16,,0.001,0.999,,Down,Down,yes,ui,11,Down,1
1790540400,btc-updown-5m-1790540400,15,2026-09-27T20:24:45.333Z,14.7,15,0.3,84619.02,84756.81,-16.2571,8+,0.001,,84619.02,84624.35,,0.001,0.999,,Down,Down,yes,ui,6,Down,1
1790540700,btc-updown-5m-1790540700,240,2026-09-27T20:26:00.373Z,239.6,240,0.3,84615.54,84621.25,-0.6748,0.5-1,0.4,0.61,84615.4,84613.83,0.4,0.41,0.59,0.6,Down,Down,yes,ui,4,Down,1
1790540700,btc-updown-5m-1790540700,210,2026-09-27T20:26:30.479Z,209.5,210,0.4,84613.37,84621.25,-0.9312,0.5-1,0.41,0.6,84613.37,84613.39,0.38,0.39,0.61,0.62,Down,Down,yes,ui,5,Down,1
1790540700,btc-updown-5m-1790540700,180,2026-09-27T20:27:00.072Z,179.9,181,1.0,84611.27,84621.25,-1.1794,1-2,0.29,0.72,84610.99,84605.84,0.28,0.29,0.71,0.72,Down,Down,yes,ui,10,Down,1
1790540700,btc-updown-5m-1790540700,150,2026-09-27T20:27:30.180Z,149.8,151,1.1,84607.3,84621.25,-1.6485,1-2,0.29,0.72,84607.3,84606.21,0.27,0.28,0.72,0.73,Down,Down,yes,ui,24,Down,1
1790540700,btc-updown-5m-1790540700,120,2026-09-27T20:28:00.303Z,119.7,120,0.3,84606.02,84621.25,-1.7998,1-2,0.16,0.85,84606.02,84607.04,0.15,0.16,0.84,0.85,Down,Down,yes,ui,22,Down,1
1790540700,btc-updown-5m-1790540700,90,2026-09-27T20:28:30.407Z,89.6,90,0.4,84604.28,84621.25,-2.0054,2-4,0.13,0.88,84604.28,84604.56,0.11,0.12,0.88,0.89,Down,Down,yes,ui,7,Down,1
1790540700,btc-updown-5m-1790540700,75,2026-09-27T20:28:45.504Z,74.5,75,0.5,84604.04,84621.25,-2.0338,2-4,0.1,0.91,84604.04,84604.88,0.08,0.09,0.91,0.92,Down,Down,yes,ui,24,Down,1
1790540700,btc-updown-5m-1790540700,60,2026-09-27T20:29:00.074Z,59.9,61,1.0,84603.65,84621.25,-2.0799,2-4,0.04,0.97,84603.65,84605.63,0.03,0.04,0.96,0.97,Down,Down,yes,ui,5,Down,1
1790540700,btc-updown-5m-1790540700,45,2026-09-27T20:29:15.149Z,44.9,46,1.1,84604.75,84621.25,-1.9499,1-2,0.02,0.99,84604.75,84605.49,0.01,0.02,0.98,0.99,Down,Down,yes,ui,4,Down,1
1790540700,btc-updown-5m-1790540700,30,2026-09-27T20:29:30.241Z,29.8,30,0.2,84604.7,84621.25,-1.9558,1-2,0.01,,84604.64,84601.18,,0.01,0.99,,Down,Down,yes,ui,5,Down,1
1790540700,btc-updown-5m-1790540700,15,2026-09-27T20:29:45.330Z,14.7,15,0.3,84604.01,84621.25,-2.0373,2-4,0.01,,84604.01,84602.93,,0.01,0.99,,Down,Down,yes,ui,5,Down,1
1790541000,btc-updown-5m-1790541000,240,2026-09-27T20:31:00.088Z,239.9,241,1.0,84610.35,84602.92,0.8782,0.5-1,0.8,0.21,84610.35,84621.68,0.79,0.8,0.2,0.21,Up,Up,yes,ui,4,Down,0
1790541000,btc-updown-5m-1790541000,210,2026-09-27T20:31:30.191Z,209.8,211,1.1,84620.65,84602.92,2.0957,2-4,0.86,0.15,84620.65,84626.3,0.85,0.86,0.14,0.15,Up,Up,yes,ui,5,Down,0
1790541000,btc-updown-5m-1790541000,180,2026-09-27T20:32:00.296Z,179.7,180,0.2,84624.03,84602.92,2.4952,2-4,0.76,0.25,84624.03,84618.72,0.75,0.76,0.24,0.25,Up,Up,yes,ui,9,Down,0
1790541000,btc-updown-5m-1790541000,150,2026-09-27T20:32:30.438Z,149.6,150,0.4,84618.13,84602.92,1.7978,1-2,0.45,0.56,84618.13,84602.48,0.44,0.45,0.55,0.56,Up,Down,no,ui,6,Down,0
1790541000,btc-updown-5m-1790541000,120,2026-09-27T20:33:00.558Z,119.4,120,0.5,84601.82,84602.92,-0.13,0-0.5,0.05,0.96,84601.82,84563.57,0.04,0.05,0.95,0.96,Down,Down,yes,ui,7,Down,1
1790541000,btc-updown-5m-1790541000,90,2026-09-27T20:33:30.166Z,89.8,91,1.2,84581.4,84602.92,-2.5436,2-4,0.11,0.9,84581.4,84580.08,0.1,0.11,0.89,0.9,Down,Down,yes,ui,63,Down,1
1790541000,btc-updown-5m-1790541000,75,2026-09-27T20:33:45.244Z,74.8,75,0.2,84577.04,84602.92,-3.059,2-4,0.13,0.88,84577.04,84586.35,0.12,0.13,0.87,0.88,Down,Down,yes,ui,33,Down,1
1790541000,btc-updown-5m-1790541000,60,2026-09-27T20:34:00.352Z,59.6,60,0.3,84579.0,84602.92,-2.8273,2-4,0.06,0.95,84579.0,84586.59,0.05,0.06,0.94,0.95,Down,Down,yes,ui,5,Down,1
1790541000,btc-updown-5m-1790541000,45,2026-09-27T20:34:15.449Z,44.6,45,0.4,84584.22,84602.92,-2.2103,2-4,0.06,0.95,84584.5,84594.54,0.04,0.05,0.95,0.96,Down,Down,yes,ui,8,Down,1
1790541000,btc-updown-5m-1790541000,30,2026-09-27T20:34:30.528Z,29.5,30,0.5,84588.12,84602.92,-1.7493,1-2,0.01,,84588.39,84596.46,,0.01,0.99,,Down,Down,yes,ui,57,Down,1
1790541000,btc-updown-5m-1790541000,15,2026-09-27T20:34:45.104Z,14.9,16,1.1,84591.41,84602.92,-1.3605,1-2,0.01,,84591.59,84594.51,,0.01,0.99,,Down,Down,yes,ui,5,Down,1
1790541300,btc-updown-5m-1790541300,240,2026-09-27T20:36:00.287Z,239.7,241,1.2,84568.66,84593.34,-2.9175,2-4,0.33,0.68,84568.66,84572.56,0.32,0.33,0.67,0.68,Down,Down,yes,ui,4,Down,1
1790541300,btc-updown-5m-1790541300,210,2026-09-27T20:36:30.399Z,209.6,211,1.3,84570.36,84593.34,-2.7165,2-4,0.42,0.59,84570.36,84583.28,0.41,0.42,0.58,0.59,Down,Down,yes,ui,4,Down,1
1790541300,btc-updown-5m-1790541300,180,2026-09-27T20:37:00.569Z,179.4,181,1.5,84580.07,84593.34,-1.5687,1-2,0.51,0.5,84580.3,84586.06,0.5,0.51,0.49,0.5,Down,Up,no,ui,32,Down,1
1790541300,btc-updown-5m-1790541300,150,2026-09-27T20:37:30.189Z,149.8,151,1.1,84583.57,84593.34,-1.1549,1-2,0.27,0.74,84583.57,84574.51,0.26,0.27,0.73,0.74,Down,Down,yes,ui,18,Down,1
1790541300,btc-updown-5m-1790541300,120,2026-09-27T20:38:00.285Z,119.7,121,1.3,84579.36,84593.34,-1.6526,1-2,0.17,0.84,84579.36,84576.44,0.16,0.17,0.83,0.84,Down,Down,yes,ui,25,Down,1
1790541300,btc-updown-5m-1790541300,90,2026-09-27T20:38:30.408Z,89.6,91,1.3,84575.39,84593.34,-2.1219,2-4,0.37,0.64,84575.39,84587.04,0.35,0.36,0.64,0.65,Down,Down,yes,ui,20,Down,1
1790541300,btc-updown-5m-1790541300,75,2026-09-27T20:38:45.490Z,74.5,76,1.4,84577.9,84593.34,-1.8252,1-2,0.28,0.73,84577.9,84586.54,0.27,0.28,0.72,0.73,Down,Down,yes,ui,10,Down,1
1790541300,btc-updown-5m-1790541300,60,2026-09-27T20:39:00.171Z,59.8,61,1.2,84580.7,84593.34,-1.4942,1-2,0.26,0.76,84580.7,84587.05,0.2,0.21,0.79,0.8,Down,Down,yes,ui,101,Down,1
1790541300,btc-updown-5m-1790541300,45,2026-09-27T20:39:15.281Z,44.7,45,0.2,84583.82,84593.34,-1.1254,1-2,0.25,0.79,84583.82,84589.55,0.23,0.24,0.76,0.77,Down,Down,yes,ui,51,Down,1
1790541300,btc-updown-5m-1790541300,30,2026-09-27T20:39:30.390Z,29.6,30,0.4,84587.74,84593.34,-0.662,0.5-1,0.76,0.25,84587.91,84597.96,0.77,0.79,0.21,0.23,Down,Up,no,ui,90,Down,1
1790541300,btc-updown-5m-1790541300,15,2026-09-27T20:39:45.502Z,14.5,16,1.4,84590.59,84593.34,-0.3251,0-0.5,0.82,0.2,84590.59,84596.98,0.82,0.83,0.17,0.18,Down,Up,no,ui,5,Down,1
1790541600,btc-updown-5m-1790541600,240,2026-09-27T20:41:00.248Z,239.8,240,0.2,84575.5,84593.29,-2.103,2-4,0.34,0.67,84575.5,84577.16,0.33,0.34,0.66,0.67,Down,Down,yes,ui,29,Up,0
1790541600,btc-updown-5m-1790541600,210,2026-09-27T20:41:30.375Z,209.6,210,0.4,84577.53,84593.29,-1.863,1-2,0.21,0.8,84577.63,84579.06,0.2,0.21,0.79,0.8,Down,Down,yes,ui,54,Up,0
1790541600,btc-updown-5m-1790541600,180,2026-09-27T20:42:00.718Z,179.3,180,0.4,84578.18,84593.29,-1.7862,1-2,0.37,0.64,84578.18,84580.92,0.43,0.44,0.56,0.57,Down,Down,yes,ui,12,Up,0
1790541600,btc-updown-5m-1790541600,150,2026-09-27T20:42:30.339Z,149.7,150,0.3,84581.76,84593.29,-1.363,1-2,0.4,0.61,84581.76,84586.4,0.39,0.4,0.6,0.61,Down,Down,yes,ui,39,Up,0
1790541600,btc-updown-5m-1790541600,120,2026-09-27T20:43:00.475Z,119.5,120,0.4,84586.7,84593.29,-0.779,0.5-1,0.47,0.54,84586.82,84586.89,0.46,0.47,0.53,0.54,Down,Down,yes,ui,10,Up,0
1790541600,btc-updown-5m-1790541600,90,2026-09-27T20:43:30.131Z,89.9,91,1.1,84589.45,84593.29,-0.4539,0-0.5,0.87,0.14,84589.63,84595.74,0.87,0.88,0.12,0.13,Down,Up,no,ui,82,Up,0
1790541600,btc-updown-5m-1790541600,75,2026-09-27T20:43:45.249Z,74.8,75,0.2,84593.57,84593.29,0.0331,0-0.5,0.97,0.04,84593.57,84616.53,0.96,0.97,0.03,0.04,Up,Up,yes,ui,84,Up,1
1790541600,btc-updown-5m-1790541600,60,2026-09-27T20:44:00.337Z,59.7,60,0.3,84600.75,84593.29,0.8819,0.5-1,0.99,0.02,84600.75,84617.33,0.98,0.99,0.01,0.02,Up,Up,yes,ui,13,Up,1
1790541600,btc-updown-5m-1790541600,45,2026-09-27T20:44:15.422Z,44.6,45,0.4,84608.1,84593.29,1.7507,1-2,,0.01,84608.1,84618.6,0.99,,,0.01,Up,Up,yes,ui,4,Up,1
1790541600,btc-updown-5m-1790541600,30,2026-09-27T20:44:30.507Z,29.5,30,0.5,84613.46,84593.29,2.3843,2-4,,0.01,84613.46,84618.21,0.99,,,0.01,Up,Up,yes,ui,10,Up,1
1790541600,btc-updown-5m-1790541600,15,2026-09-27T20:44:45.087Z,14.9,16,1.0,84617.16,84593.29,2.8217,2-4,,0.01,84617.16,84618.56,0.99,,,0.01,Up,Up,yes,ui,4,Up,1
1790541900,btc-updown-5m-1790541900,240,2026-09-27T20:46:00.079Z,239.9,240,0.0,84619.94,84618.03,0.2257,0-0.5,0.58,0.43,84619.94,84619.81,0.56,0.57,0.43,0.44,Up,Up,yes,ui,8,Down,0
1790541900,btc-updown-5m-1790541900,210,2026-09-27T20:46:30.191Z,209.8,210,0.2,84616.75,84618.03,-0.1513,0-0.5,0.4,0.61,84616.75,84604.59,0.39,0.4,0.6,0.61,Down,Down,yes,ui,58,Down,1
1790541900,btc-updown-5m-1790541900,180,2026-09-27T20:47:00.300Z,179.7,180,0.2,84610.28,84618.03,-0.9159,0.5-1,0.37,0.64,84610.28,84607.82,0.36,0.37,0.63,0.64,Down,Down,yes,ui,13,Down,1
1790541900,btc-updown-5m-1790541900,150,2026-09-27T20:47:30.430Z,149.6,150,0.4,84597.28,84618.03,-2.4522,2-4,0.04,0.97,84597.28,84567.28,0.03,0.04,0.96,0.97,Down,Down,yes,ui,12,Down,1
1790541900,btc-updown-5m-1790541900,120,2026-09-27T20:48:00.059Z,119.9,120,0.0,84570.99,84618.03,-5.5591,4-8,0.01,,84570.99,84531.72,,0.01,0.99,,Down,Down,yes,ui,13,Down,1
1790541900,btc-updown-5m-1790541900,90,2026-09-27T20:48:30.166Z,89.8,90,0.1,84545.21,84618.03,-8.6057,8+,0.01,,84545.21,84548.09,,0.01,0.99,,Down,Down,yes,ui,5,Down,1
1790541900,btc-updown-5m-1790541900,75,2026-09-27T20:48:45.247Z,74.8,75,0.2,84541.54,84618.03,-9.0394,8+,0.01,,84541.54,84553.92,,0.01,0.99,,Down,Down,yes,ui,13,Down,1
1790541900,btc-updown-5m-1790541900,60,2026-09-27T20:49:00.343Z,59.7,60,0.3,84545.18,84618.03,-8.6093,8+,0.01,,84545.18,84560.55,,0.01,0.99,,Down,Down,yes,ui,7,Down,1
1790541900,btc-updown-5m-1790541900,45,2026-09-27T20:49:15.436Z,44.6,45,0.4,84554.52,84618.03,-7.5055,4-8,0.01,,84554.52,84580.83,,0.01,0.99,,Down,Down,yes,ui,18,Down,1
1790541900,btc-updown-5m-1790541900,30,2026-09-27T20:49:30.521Z,29.5,30,0.5,84560.35,84618.03,-6.8165,4-8,0.001,,84560.35,84556.44,,0.001,0.999,,Down,Down,yes,ui,5,Down,1
1790541900,btc-updown-5m-1790541900,15,2026-09-27T20:49:45.097Z,14.9,15,0.1,84561.91,84618.03,-6.6322,4-8,0.001,,84561.91,84555.65,,0.001,0.999,,Down,Down,yes,ui,13,Down,1
1790542200,btc-updown-5m-1790542200,240,2026-09-27T20:51:00.272Z,239.7,240,0.2,84555.6,84562.16,-0.7758,0.5-1,0.52,0.49,84555.6,84563.86,0.54,0.56,0.44,0.46,Down,Up,no,ui,9,Down,1
1790542200,btc-updown-5m-1790542200,210,2026-09-27T20:51:30.417Z,209.6,210,0.3,84563.25,84562.16,0.1289,0-0.5,0.67,0.34,84563.25,84570.37,0.66,0.67,0.33,0.34,Up,Up,yes,ui,4,Down,0
1790542200,btc-updown-5m-1790542200,180,2026-09-27T20:52:00.542Z,179.5,180,0.5,84567.65,84562.16,0.6492,0.5-1,0.5,0.51,84567.6,84564.77,0.49,0.5,0.5,0.51,Up,Down,no,ui,16,Down,0
1790542200,btc-updown-5m-1790542200,150,2026-09-27T20:52:30.151Z,149.8,150,0.2,84563.81,84562.16,0.1951,0-0.5,0.53,0.48,84563.81,84559.14,0.5,0.51,0.49,0.5,Up,Up,yes,ui,52,Down,0
1790542200,btc-updown-5m-1790542200,120,2026-09-27T20:53:00.253Z,119.7,120,0.2,84558.22,84562.16,-0.4659,0-0.5,0.5,0.51,84558.22,84559.39,0.49,0.5,0.5,0.51,Down,Down,yes,ui,10,Down,1
1790542200,btc-updown-5m-1790542200,90,2026-09-27T20:53:30.348Z,89.7,90,0.3,84558.96,84562.16,-0.3784,0-0.5,0.38,0.64,84558.96,84557.24,0.36,0.38,0.62,0.64,Down,Down,yes,ui,5,Down,1
1790542200,btc-updown-5m-1790542200,75,2026-09-27T20:53:45.445Z,74.6,75,0.4,84558.55,84562.16,-0.4269,0-0.5,0.24,0.77,84558.55,84556.65,0.23,0.24,0.76,0.77,Down,Down,yes,ui,18,Down,1
1790542200,btc-updown-5m-1790542200,60,2026-09-27T20:54:00.529Z,59.5,60,0.5,84557.79,84562.16,-0.5168,0.5-1,0.16,0.85,84557.79,84557.31,0.15,0.16,0.84,0.85,Down,Down,yes,ui,47,Down,1
1790542200,btc-updown-5m-1790542200,45,2026-09-27T20:54:15.120Z,44.9,45,0.1,84557.24,84562.16,-0.5818,0.5-1,0.07,0.94,84557.24,84556.97,0.06,0.07,0.93,0.94,Down,Down,yes,ui,52,Down,1
1790542200,btc-updown-5m-1790542200,30,2026-09-27T20:54:30.224Z,29.8,30,0.2,84554.85,84562.16,-0.8645,0.5-1,0.01,,84554.48,84534.95,,0.01,0.99,,Down,Down,yes,ui,7,Down,1
1790542200,btc-updown-5m-1790542200,15,2026-09-27T20:54:45.311Z,14.7,15,0.3,84548.09,84562.16,-1.6639,1-2,0.01,,84548.09,84534.01,,0.01,0.99,,Down,Down,yes,ui,4,Down,1
1790542500,btc-updown-5m-1790542500,240,2026-09-27T20:56:00.348Z,239.7,241,1.3,84532.34,84541.94,-1.1355,1-2,0.38,0.63,84532.34,84532.3,0.36,0.37,0.63,0.64,Down,Down,yes,ui,7,Down,1
1790542500,btc-updown-5m-1790542500,210,2026-09-27T20:56:30.452Z,209.5,211,1.4,84531.51,84541.94,-1.2337,1-2,0.35,0.66,84531.47,84529.84,0.34,0.35,0.65,0.66,Down,Down,yes,ui,8,Down,1
1790542500,btc-updown-5m-1790542500,180,2026-09-27T20:57:00.555Z,179.4,181,1.5,84533.22,84541.94,-1.0314,1-2,0.53,0.48,84533.48,84546.04,0.52,0.53,0.47,0.48,Down,Up,no,ui,26,Down,1
1790542500,btc-updown-5m-1790542500,150,2026-09-27T20:57:30.198Z,149.8,151,1.1,84540.78,84541.94,-0.1372,0-0.5,0.64,0.37,84540.78,84545.57,0.61,0.62,0.38,0.39,Down,Up,no,ui,10,Down,1
1790542500,btc-updown-5m-1790542500,120,2026-09-27T20:58:00.367Z,119.6,121,1.3,84542.21,84541.94,0.0319,0-0.5,0.58,0.43,84542.21,84544.67,0.57,0.58,0.42,0.43,Up,Up,yes,ui,43,Down,0
1790542500,btc-updown-5m-1790542500,90,2026-09-27T20:58:30.465Z,89.5,90,0.4,84539.4,84541.94,-0.3004,0-0.5,0.21,0.8,84539.4,84530.87,0.2,0.21,0.79,0.8,Down,Down,yes,ui,30,Down,1
1790542500,btc-updown-5m-1790542500,75,2026-09-27T20:58:45.554Z,74.4,76,1.5,84536.41,84541.94,-0.6541,0.5-1,0.18,0.83,84536.41,84532.47,0.17,0.18,0.82,0.83,Down,Down,yes,ui,27,Down,1
1790542500,btc-updown-5m-1790542500,60,2026-09-27T20:59:00.124Z,59.9,61,1.1,84536.34,84541.94,-0.6624,0.5-1,0.1,0.91,84535.55,84530.78,0.09,0.1,0.9,0.91,Down,Down,yes,ui,11,Down,1
1790542500,btc-updown-5m-1790542500,45,2026-09-27T20:59:15.199Z,44.8,46,1.2,84536.34,84541.94,-0.6624,0.5-1,0.02,0.99,84532.22,84532.7,0.02,0.04,0.96,0.97,Down,Down,yes,ui,4,Down,1
1790542500,btc-updown-5m-1790542500,30,2026-09-27T20:59:30.279Z,29.7,31,1.2,84536.34,84541.94,-0.6624,0.5-1,0.01,,84531.3,84531.58,,0.01,0.99,,Down,Down,yes,ui,4,Down,1
1790542500,btc-updown-5m-1790542500,15,2026-09-27T20:59:45.358Z,14.6,16,1.3,84536.34,84541.94,-0.6624,0.5-1,0.01,,84531.39,84531.33,,0.01,0.99,,Down,Down,yes,ui,4,Down,1
1790542800,btc-updown-5m-1790542800,240,2026-09-27T21:01:00.417Z,239.6,241,1.4,84534.55,84531.5,0.3608,0-0.5,0.8,0.21,84534.55,84546.83,0.79,0.8,0.2,0.21,Up,Up,yes,ui,65,Up,1
1790542800,btc-updown-5m-1790542800,210,2026-09-27T21:01:30.310Z,209.7,211,1.0,84543.88,84531.5,1.4645,1-2,0.77,0.24,84543.88,84550.82,0.76,0.77,0.23,0.24,Up,Up,yes,ui,5,Up,1
1790542800,btc-updown-5m-1790542800,180,2026-09-27T21:02:00.444Z,179.6,181,1.4,84551.64,84531.5,2.3825,2-4,0.88,0.13,84551.64,84565.02,0.87,0.88,0.12,0.13,Up,Up,yes,ui,4,Up,1
1790542800,btc-updown-5m-1790542800,150,2026-09-27T21:02:30.110Z,149.9,151,1.1,84558.25,84531.5,3.1645,2-4,0.86,0.15,84558.25,84562.17,0.77,0.78,0.22,0.24,Up,Up,yes,ui,46,Up,1
1790542800,btc-updown-5m-1790542800,120,2026-09-27T21:03:00.237Z,119.8,121,1.2,84560.45,84531.5,3.4248,2-4,0.89,0.12,84560.45,84556.37,0.88,0.89,0.11,0.12,Up,Up,yes,ui,4,Up,1
1790542800,btc-updown-5m-1790542800,90,2026-09-27T21:03:30.351Z,89.6,91,1.3,84566.62,84531.5,4.1547,4-8,,0.01,84566.62,84618.71,0.99,,,0.01,Up,Up,yes,ui,8,Up,1
1790542800,btc-updown-5m-1790542800,75,2026-09-27T21:03:45.431Z,74.6,76,1.4,84581.74,84531.5,5.9433,4-8,,0.01,84581.74,84621.09,0.99,,,0.01,Up,Up,yes,ui,7,Up,1
1790542800,btc-updown-5m-1790542800,60,2026-09-27T21:04:00.519Z,59.5,61,1.5,84598.78,84531.5,7.9592,4-8,,0.01,84598.78,84619.53,0.99,,,0.01,Up,Up,yes,ui,4,Up,1
1790542800,btc-updown-5m-1790542800,45,2026-09-27T21:04:15.136Z,44.9,46,1.1,84614.15,84531.5,9.7774,8+,,0.01,84614.15,84611.96,0.99,,,0.01,Up,Up,yes,ui,35,Up,1
1790542800,btc-updown-5m-1790542800,30,2026-09-27T21:04:30.247Z,29.8,31,1.2,84617.36,84531.5,10.1572,8+,,0.01,84617.36,84611.85,0.99,,,0.01,Up,Up,yes,ui,6,Up,1
1790542800,btc-updown-5m-1790542800,15,2026-09-27T21:04:45.328Z,14.7,16,1.3,84615.5,84531.5,9.9371,8+,,0.01,84615.5,84612.4,0.99,,,0.01,Up,Up,yes,ui,4,Up,1
1790543100,btc-updown-5m-1790543100,240,2026-09-27T21:06:00.379Z,239.6,240,0.3,84593.31,84613.19,-2.3495,2-4,0.24,0.77,84593.31,84584.33,0.23,0.24,0.76,0.77,Down,Down,yes,ui,10,Down,1
1790543100,btc-updown-5m-1790543100,210,2026-09-27T21:06:30.477Z,209.5,210,0.4,84589.75,84613.19,-2.7703,2-4,0.32,0.69,84589.72,84594.66,0.31,0.32,0.68,0.69,Down,Down,yes,ui,6,Down,1
1790543100,btc-updown-5m-1790543100,180,2026-09-27T21:07:00.106Z,179.9,180,0.1,84593.16,84613.19,-2.3672,2-4,0.31,0.7,84593.34,84594.08,0.3,0.31,0.69,0.7,Down,Down,yes,ui,12,Down,1
1790543100,btc-updown-5m-1790543100,150,2026-09-27T21:07:30.210Z,149.8,150,0.2,84595.03,84613.19,-2.1462,2-4,0.38,0.63,84595.03,84601.76,0.37,0.38,0.62,0.63,Down,Down,yes,ui,5,Down,1
1790543100,btc-updown-5m-1790543100,120,2026-09-27T21:08:00.355Z,119.6,120,0.4,84600.42,84613.19,-1.5092,1-2,0.38,0.63,84600.42,84605.76,0.35,0.36,0.64,0.65,Down,Down,yes,ui,76,Down,1
1790543100,btc-updown-5m-1790543100,90,2026-09-27T21:08:30.453Z,89.5,90,0.4,84605.19,84613.19,-0.9455,0.5-1,0.32,0.69,84605.25,84604.72,0.3,0.31,0.69,0.7,Down,Down,yes,ui,7,Down,1
1790543100,btc-updown-5m-1790543100,75,2026-09-27T21:08:45.534Z,74.5,75,0.5,84605.34,84613.19,-0.9278,0.5-1,0.31,0.7,84605.34,84605.76,0.3,0.31,0.69,0.7,Down,Down,yes,ui,14,Down,1
1790543100,btc-updown-5m-1790543100,60,2026-09-27T21:09:00.160Z,59.8,61,1.1,84605.15,84613.19,-0.9502,0.5-1,0.11,0.9,84605.15,84604.82,0.12,0.13,0.87,0.88,Down,Down,yes,ui,31,Down,1
1790543100,btc-updown-5m-1790543100,45,2026-09-27T21:09:15.249Z,44.8,45,0.2,84605.04,84613.19,-0.9632,0.5-1,0.03,0.98,84605.04,84604.81,0.02,0.03,0.97,0.98,Down,Down,yes,ui,15,Down,1
1790543100,btc-updown-5m-1790543100,30,2026-09-27T21:09:30.355Z,29.6,30,0.3,84605.14,84613.19,-0.9514,0.5-1,0.02,0.99,84605.14,84605.47,0.01,0.02,0.98,0.99,Down,Down,yes,ui,14,Down,1
1790543100,btc-updown-5m-1790543100,15,2026-09-27T21:09:45.445Z,14.6,15,0.4,84605.3,84613.19,-0.9325,0.5-1,0.01,,84605.3,84605.93,,0.01,0.99,,Down,Down,yes,ui,13,Down,1
1790543400,btc-updown-5m-1790543400,240,2026-09-27T21:11:00.103Z,239.9,240,0.0,84606.83,84605.61,0.1442,0-0.5,0.53,0.48,84606.83,84606.61,0.52,0.53,0.47,0.48,Up,Up,yes,ui,12,Up,1
1790543400,btc-updown-5m-1790543400,210,2026-09-27T21:11:30.222Z,209.8,210,0.2,84606.96,84605.61,0.1596,0-0.5,0.64,0.37,84606.96,84609.18,0.63,0.64,0.36,0.37,Up,Up,yes,ui,5,Up,1
1790543400,btc-updown-5m-1790543400,180,2026-09-27T21:12:00.323Z,179.7,180,0.3,84608.47,84605.61,0.338,0-0.5,0.63,0.38,84608.47,84610.85,0.62,0.63,0.37,0.38,Up,Up,yes,ui,7,Up,1
1790543400,btc-updown-5m-1790543400,150,2026-09-27T21:12:30.440Z,149.6,150,0.4,84610.63,84605.61,0.5933,0.5-1,0.71,0.3,84610.63,84611.06,0.7,0.71,0.29,0.3,Up,Up,yes,ui,4,Up,1
1790543400,btc-updown-5m-1790543400,120,2026-09-27T21:13:00.534Z,119.5,120,0.5,84610.81,84605.61,0.6146,0.5-1,0.73,0.28,84610.81,84610.75,0.81,0.82,0.18,0.19,Up,Up,yes,ui,8,Up,1
1790543400,btc-updown-5m-1790543400,90,2026-09-27T21:13:30.144Z,89.9,90,0.1,84614.75,84605.61,1.0803,1-2,0.99,0.02,84614.75,84627.57,0.98,0.99,0.01,0.02,Up,Up,yes,ui,10,Up,1
1790543400,btc-updown-5m-1790543400,75,2026-09-27T21:13:45.228Z,74.8,75,0.2,84619.79,84605.61,1.676,1-2,,0.01,84619.79,84654.65,0.99,,,0.01,Up,Up,yes,ui,4,Up,1
1790543400,btc-updown-5m-1790543400,60,2026-09-27T21:14:00.356Z,59.6,60,0.3,84632.84,84605.61,3.2185,2-4,,0.01,84632.84,84664.46,0.99,,,0.01,Up,Up,yes,ui,5,Up,1
1790543400,btc-updown-5m-1790543400,45,2026-09-27T21:14:15.445Z,44.6,45,0.4,84644.8,84605.61,4.6321,4-8,,0.01,84644.8,84664.85,0.99,,,0.01,Up,Up,yes,ui,13,Up,1
1790543400,btc-updown-5m-1790543400,30,2026-09-27T21:14:30.551Z,29.4,30,0.5,84655.12,84605.61,5.8519,4-8,,0.01,84655.12,84665.95,0.99,,,0.01,Up,Up,yes,ui,4,Up,1
1790543400,btc-updown-5m-1790543400,15,2026-09-27T21:14:45.142Z,14.9,15,0.1,84663.18,84605.61,6.8045,4-8,,0.01,84663.18,84665.4,0.99,,,0.01,Up,Up,yes,ui,4,Up,1
1790543700,btc-updown-5m-1790543700,240,2026-09-27T21:16:00.277Z,239.7,240,0.2,84690.42,84664.45,3.0674,2-4,0.69,0.33,84690.42,84700.16,0.65,0.67,0.32,0.35,Up,Up,yes,ui,12,Up,1
1790543700,btc-updown-5m-1790543700,210,2026-09-27T21:16:30.378Z,209.6,210,0.3,84695.45,84664.45,3.6615,2-4,0.56,0.45,84695.45,84662.23,0.55,0.56,0.44,0.45,Up,Up,yes,ui,26,Up,1
1790543700,btc-updown-5m-1790543700,180,2026-09-27T21:17:00.478Z,179.5,180,0.4,84677.08,84664.45,1.4918,1-2,0.44,0.57,84676.44,84660.02,0.43,0.44,0.56,0.57,Up,Down,no,ui,5,Up,1
1790543700,btc-updown-5m-1790543700,150,2026-09-27T21:17:30.160Z,149.8,150,0.1,84660.14,84664.45,-0.5091,0.5-1,0.49,0.54,84660.14,84659.34,0.46,0.47,0.53,0.54,Down,Down,yes,ui,27,Up,0
1790543700,btc-updown-5m-1790543700,120,2026-09-27T21:18:00.259Z,119.7,120,0.2,84659.47,84664.45,-0.5882,0.5-1,0.4,0.61,84659.47,84659.64,0.39,0.4,0.6,0.61,Down,Down,yes,ui,8,Up,0
1790543700,btc-updown-5m-1790543700,90,2026-09-27T21:18:30.378Z,89.6,90,0.3,84657.79,84664.45,-0.7866,0.5-1,0.37,0.64,84657.79,84657.0,0.36,0.37,0.63,0.64,Down,Down,yes,ui,9,Up,0
1790543700,btc-updown-5m-1790543700,75,2026-09-27T21:18:45.470Z,74.5,75,0.5,84658.78,84664.45,-0.6697,0.5-1,0.81,0.2,84658.78,84669.8,0.8,0.81,0.19,0.2,Down,Up,no,ui,52,Up,0
1790543700,btc-updown-5m-1790543700,60,2026-09-27T21:19:00.553Z,59.4,60,0.5,84661.31,84664.45,-0.3709,0-0.5,0.86,0.15,84661.31,84670.58,0.9,0.91,0.09,0.1,Down,Up,no,ui,23,Up,0
1790543700,btc-updown-5m-1790543700,45,2026-09-27T21:19:15.135Z,44.9,46,1.1,84665.07,84664.45,0.0732,0-0.5,0.93,0.08,84665.07,84671.28,0.92,0.93,0.07,0.08,Up,Up,yes,ui,61,Up,1
1790543700,btc-updown-5m-1790543700,30,2026-09-27T21:19:30.285Z,29.7,30,0.2,84668.79,84664.45,0.5126,0.5-1,0.98,0.03,84668.79,84670.19,0.97,0.98,0.02,0.03,Up,Up,yes,ui,9,Up,1
1790543700,btc-updown-5m-1790543700,15,2026-09-27T21:19:45.367Z,14.6,15,0.3,84671.18,84664.45,0.7949,0.5-1,,0.01,84671.18,84677.05,0.99,,,0.01,Up,Up,yes,ui,4,Up,1
1790544000,btc-updown-5m-1790544000,240,2026-09-27T21:21:00.453Z,239.5,241,1.4,84666.7,84671.77,-0.5988,0.5-1,0.32,0.69,84666.7,84667.72,0.29,0.3,0.7,0.71,Down,Down,yes,ui,9,Down,1
1790544000,btc-updown-5m-1790544000,210,2026-09-27T21:21:30.084Z,209.9,211,1.0,84663.27,84671.77,-1.0039,1-2,0.2,0.81,84663.27,84657.42,0.19,0.2,0.8,0.81,Down,Down,yes,ui,15,Down,1
1790544000,btc-updown-5m-1790544000,180,2026-09-27T21:22:00.175Z,179.8,181,1.2,84657.58,84671.77,-1.6759,1-2,0.23,0.78,84657.58,84654.98,0.22,0.23,0.77,0.78,Down,Down,yes,ui,37,Down,1
1790544000,btc-updown-5m-1790544000,150,2026-09-27T21:22:30.301Z,149.7,151,1.2,84656.09,84671.77,-1.8519,1-2,0.1,0.91,84655.96,84646.44,0.09,0.1,0.9,0.91,Down,Down,yes,ui,6,Down,1
1790544000,btc-updown-5m-1790544000,120,2026-09-27T21:23:00.392Z,119.6,121,1.4,84651.33,84671.77,-2.414,2-4,0.13,0.88,84651.33,84650.33,0.12,0.13,0.87,0.88,Down,Down,yes,ui,28,Down,1
1790544000,btc-updown-5m-1790544000,90,2026-09-27T21:23:30.501Z,89.5,91,1.5,84648.47,84671.77,-2.7518,2-4,0.05,0.96,84648.47,84650.58,0.03,0.04,0.96,0.97,Down,Down,yes,ui,31,Down,1
1790544000,btc-updown-5m-1790544000,75,2026-09-27T21:23:45.091Z,74.9,76,1.1,84649.32,84671.77,-2.6514,2-4,0.04,0.97,84649.32,84650.66,0.03,0.04,0.96,0.97,Down,Down,yes,ui,22,Down,1
1790544000,btc-updown-5m-1790544000,60,2026-09-27T21:24:00.199Z,59.8,61,1.1,84650.38,84671.77,-2.5262,2-4,0.02,0.99,84650.38,84650.5,0.01,0.02,0.98,0.99,Down,Down,yes,ui,9,Down,1
1790544000,btc-updown-5m-1790544000,45,2026-09-27T21:24:15.281Z,44.7,46,1.3,84651.8,84671.77,-2.3585,2-4,0.02,0.99,84651.8,84658.38,0.01,0.02,0.98,0.99,Down,Down,yes,ui,31,Down,1
1790544000,btc-updown-5m-1790544000,30,2026-09-27T21:24:30.363Z,29.6,31,1.3,84653.87,84671.77,-2.114,2-4,0.01,,84653.87,84658.48,,0.01,0.99,,Down,Down,yes,ui,5,Down,1
1790544000,btc-updown-5m-1790544000,15,2026-09-27T21:24:45.438Z,14.6,16,1.4,84655.8,84671.77,-1.8861,1-2,0.01,,84655.8,84663.96,,0.01,0.99,,Down,Down,yes,ui,6,Down,1
1790544300,btc-updown-5m-1790544300,240,2026-09-27T21:26:00.334Z,239.7,241,1.3,84672.18,84659.64,1.4812,1-2,0.54,0.47,84672.18,84661.69,0.53,0.54,0.46,0.47,Up,Up,yes,ui,56,Down,0
1790544300,btc-updown-5m-1790544300,210,2026-09-27T21:26:30.460Z,209.5,210,0.4,84666.05,84659.64,0.7571,0.5-1,0.36,0.65,84666.05,84652.86,0.35,0.36,0.64,0.65,Up,Down,no,ui,15,Down,0
1790544300,btc-updown-5m-1790544300,180,2026-09-27T21:27:00.054Z,179.9,181,1.0,84655.45,84659.64,-0.4949,0-0.5,0.21,0.8,84655.45,84646.32,0.2,0.21,0.79,0.8,Down,Down,yes,ui,11,Down,1
1790544300,btc-updown-5m-1790544300,150,2026-09-27T21:27:30.168Z,149.8,151,1.1,84646.37,84659.64,-1.5675,1-2,0.15,0.86,84646.37,84640.31,0.14,0.15,0.85,0.86,Down,Down,yes,ui,4,Down,1
1790544300,btc-updown-5m-1790544300,120,2026-09-27T21:28:00.271Z,119.7,121,1.2,84640.87,84659.64,-2.2171,2-4,0.02,0.99,84640.87,84635.93,0.01,0.02,0.98,0.99,Down,Down,yes,ui,31,Down,1
1790544300,btc-updown-5m-1790544300,90,2026-09-27T21:28:30.370Z,89.6,90,0.3,84627.46,84659.64,-3.8011,2-4,0.01,,84627.46,84615.25,,0.01,0.99,,Down,Down,yes,ui,5,Down,1
1790544300,btc-updown-5m-1790544300,75,2026-09-27T21:28:45.443Z,74.6,75,0.4,84621.62,84659.64,-4.4909,4-8,0.01,,84621.62,84616.61,,0.01,0.99,,Down,Down,yes,ui,7,Down,1
1790544300,btc-updown-5m-1790544300,60,2026-09-27T21:29:00.523Z,59.5,60,0.5,84614.57,84659.64,-5.3237,4-8,0.01,,84614.57,84605.55,,0.01,0.99,,Down,Down,yes,ui,18,Down,1
1790544300,btc-updown-5m-1790544300,45,2026-09-27T21:29:15.115Z,44.9,46,1.1,84611.63,84659.64,-5.6709,4-8,0.01,,84611.63,84607.1,,0.01,0.99,,Down,Down,yes,ui,5,Down,1
1790544300,btc-updown-5m-1790544300,30,2026-09-27T21:29:30.191Z,29.8,31,1.2,84609.74,84659.64,-5.8942,4-8,0.01,,84609.74,84607.18,,0.01,0.99,,Down,Down,yes,ui,7,Down,1
1790544300,btc-updown-5m-1790544300,15,2026-09-27T21:29:45.345Z,14.7,15,0.3,84607.78,84659.64,-6.1257,4-8,0.01,,84607.78,84598.62,,0.01,0.99,,Down,Down,yes,ui,11,Down,1
1790544600,btc-updown-5m-1790544600,240,2026-09-27T21:31:00.232Z,239.8,240,0.2,84586.88,84604.07,-2.0318,2-4,0.28,0.73,84586.88,84586.31,0.27,0.28,0.72,0.73,Down,Down,yes,ui,18,Down,1
1790544600,btc-updown-5m-1790544600,210,2026-09-27T21:31:30.382Z,209.6,210,0.3,84586.09,84604.07,-2.1252,2-4,0.23,0.78,84586.09,84585.51,0.22,0.23,0.77,0.78,Down,Down,yes,ui,6,Down,1
1790544600,btc-updown-5m-1790544600,180,2026-09-27T21:32:00.485Z,179.5,180,0.5,84588.69,84604.07,-1.8179,1-2,0.61,0.4,84588.69,84607.2,0.6,0.61,0.39,0.4,Down,Up,no,ui,21,Down,1
1790544600,btc-updown-5m-1790544600,150,2026-09-27T21:32:30.082Z,149.9,150,0.1,84596.4,84604.07,-0.9066,0.5-1,0.29,0.72,84596.4,84595.73,0.28,0.29,0.71,0.72,Down,Down,yes,ui,42,Down,1
1790544600,btc-updown-5m-1790544600,120,2026-09-27T21:33:00.184Z,119.8,120,0.1,84598.41,84604.07,-0.669,0.5-1,0.18,0.83,84598.41,84590.69,0.17,0.18,0.82,0.83,Down,Down,yes,ui,12,Down,1
1790544600,btc-updown-5m-1790544600,90,2026-09-27T21:33:30.299Z,89.7,90,0.2,84592.63,84604.07,-1.3522,1-2,0.07,0.94,84592.63,84589.38,0.06,0.07,0.93,0.94,Down,Down,yes,ui,6,Down,1
1790544600,btc-updown-5m-1790544600,75,2026-09-27T21:33:45.434Z,74.6,75,0.4,84591.03,84604.07,-1.5413,1-2,0.04,0.97,84591.03,84589.55,0.03,0.04,0.96,0.97,Down,Down,yes,ui,86,Down,1
1790544600,btc-updown-5m-1790544600,60,2026-09-27T21:34:00.515Z,59.5,60,0.5,84589.83,84604.07,-1.6831,1-2,0.04,0.97,84589.83,84590.11,0.01,0.02,0.98,0.99,Down,Down,yes,ui,57,Down,1
1790544600,btc-updown-5m-1790544600,45,2026-09-27T21:34:15.106Z,44.9,45,0.1,84589.71,84604.07,-1.6973,1-2,0.01,,84589.71,84589.86,,0.01,0.99,,Down,Down,yes,ui,20,Down,1
1790544600,btc-updown-5m-1790544600,30,2026-09-27T21:34:30.187Z,29.8,30,0.1,84588.71,84604.07,-1.8155,1-2,0.01,,84588.71,84579.74,,0.01,0.99,,Down,Down,yes,ui,8,Down,1
1790544600,btc-updown-5m-1790544600,15,2026-09-27T21:34:45.258Z,14.7,15,0.2,84586.0,84604.07,-2.1358,2-4,0.01,,84586.0,84582.69,,0.01,0.99,,Down,Down,yes,ui,8,Down,1
1790544900,btc-updown-5m-1790544900,240,2026-09-27T21:36:00.583Z,239.4,241,1.6,84585.59,84584.18,0.1667,0-0.5,0.21,0.8,84585.59,84573.4,0.2,0.21,0.79,0.8,Up,Down,no,ui,81,Down,0
1790544900,btc-updown-5m-1790544900,210,2026-09-27T21:36:30.181Z,209.8,211,1.1,84569.09,84584.18,-1.784,1-2,0.12,0.89,84569.09,84550.81,0.11,0.12,0.88,0.89,Down,Down,yes,ui,5,Down,1
1790544900,btc-updown-5m-1790544900,180,2026-09-27T21:37:00.289Z,179.7,181,1.2,84539.64,84584.18,-5.2658,4-8,0.03,0.98,84539.64,84500.61,0.02,0.03,0.97,0.98,Down,Down,yes,ui,25,Down,1
1790544900,btc-updown-5m-1790544900,150,2026-09-27T21:37:30.409Z,149.6,151,1.4,84504.86,84584.18,-9.3776,8+,0.01,,84504.86,84465.0,,0.01,0.99,,Down,Down,yes,ui,5,Down,1
1790544900,btc-updown-5m-1790544900,120,2026-09-27T21:38:00.524Z,119.5,121,1.5,84468.58,84584.18,-13.6669,8+,0.01,,84468.58,84457.19,,0.01,0.99,,Down,Down,yes,ui,10,Down,1
1790544900,btc-updown-5m-1790544900,90,2026-09-27T21:38:30.181Z,89.8,91,1.1,84460.87,84584.18,-14.5784,8+,0.01,,84460.87,84486.97,,0.01,0.99,,Down,Down,yes,ui,11,Down,1
1790544900,btc-updown-5m-1790544900,75,2026-09-27T21:38:45.260Z,74.7,76,1.2,84471.82,84584.18,-13.2838,8+,0.01,,84471.82,84500.11,,0.01,0.99,,Down,Down,yes,ui,5,Down,1
1790544900,btc-updown-5m-1790544900,60,2026-09-27T21:39:00.339Z,59.7,61,1.3,84483.23,84584.18,-11.9349,8+,0.01,,84483.23,84499.87,,0.01,0.99,,Down,Down,yes,ui,4,Down,1
1790544900,btc-updown-5m-1790544900,45,2026-09-27T21:39:15.449Z,44.6,45,0.4,84492.94,84584.18,-10.7869,8+,0.01,,84493.41,84499.47,,0.01,0.99,,Down,Down,yes,ui,11,Down,1
1790544900,btc-updown-5m-1790544900,30,2026-09-27T21:39:30.535Z,29.5,31,1.5,84500.54,84584.18,-9.8884,8+,0.01,,84500.54,84517.5,,0.01,0.99,,Down,Down,yes,ui,54,Down,1
1790544900,btc-updown-5m-1790544900,15,2026-09-27T21:39:45.111Z,14.9,16,1.1,84506.03,84584.18,-9.2393,8+,0.01,,84506.03,84507.52,,0.01,0.99,,Down,Down,yes,ui,8,Down,1
1790545200,btc-updown-5m-1790545200,240,2026-09-27T21:41:00.410Z,239.6,240,0.3,84508.3,84507.8,0.0592,0-0.5,0.54,0.47,84508.3,84505.35,0.53,0.54,0.46,0.47,Up,Up,yes,ui,10,Up,1
1790545200,btc-updown-5m-1790545200,210,2026-09-27T21:41:30.534Z,209.5,210,0.5,84507.32,84507.8,-0.0568,0-0.5,0.52,0.49,84507.32,84509.29,0.51,0.52,0.48,0.49,Down,Up,no,ui,14,Up,0
1790545200,btc-updown-5m-1790545200,180,2026-09-27T21:42:00.131Z,179.9,181,1.1,84507.47,84507.8,-0.039,0-0.5,0.41,0.6,84507.47,84502.06,0.4,0.41,0.59,0.6,Down,Down,yes,ui,5,Up,0
1790545200,btc-updown-5m-1790545200,150,2026-09-27T21:42:30.241Z,149.8,151,1.2,84505.33,84507.8,-0.2923,0-0.5,0.5,0.51,84505.33,84506.17,0.48,0.49,0.51,0.52,Down,Down,yes,ui,42,Up,0
1790545200,btc-updown-5m-1790545200,120,2026-09-27T21:43:00.379Z,119.6,120,0.3,84508.63,84507.8,0.0982,0-0.5,0.71,0.31,84508.63,84528.7,0.69,0.71,0.29,0.31,Up,Up,yes,ui,9,Up,1
1790545200,btc-updown-5m-1790545200,90,2026-09-27T21:43:30.495Z,89.5,90,0.5,84519.74,84507.8,1.4129,1-2,0.93,0.08,84519.74,84529.43,0.92,0.93,0.07,0.08,Up,Up,yes,ui,36,Up,1
1790545200,btc-updown-5m-1790545200,75,2026-09-27T21:43:45.067Z,74.9,76,1.0,84523.82,84507.8,1.8957,1-2,0.97,0.04,84523.82,84532.83,0.96,0.97,0.03,0.04,Up,Up,yes,ui,8,Up,1
1790545200,btc-updown-5m-1790545200,60,2026-09-27T21:44:00.179Z,59.8,61,1.1,84528.91,84507.8,2.498,2-4,0.92,0.12,84528.91,84532.91,0.91,0.95,0.1,0.11,Up,Up,yes,ui,26,Up,1
1790545200,btc-updown-5m-1790545200,45,2026-09-27T21:44:15.258Z,44.7,46,1.2,84530.08,84507.8,2.6364,2-4,,0.01,84530.08,84530.36,0.99,,,0.01,Up,Up,yes,ui,10,Up,1
1790545200,btc-updown-5m-1790545200,30,2026-09-27T21:44:30.335Z,29.7,30,0.3,84530.82,84507.8,2.724,2-4,,0.01,84530.82,84526.3,0.99,,,0.01,Up,Up,yes,ui,7,Up,1
1790545200,btc-updown-5m-1790545200,15,2026-09-27T21:44:45.418Z,14.6,15,0.4,84530.52,84507.8,2.6885,2-4,,0.01,84530.52,84528.31,0.99,,,0.01,Up,Up,yes,ui,11,Up,1
1790545500,btc-updown-5m-1790545500,240,2026-09-27T21:46:00.342Z,239.7,240,0.3,84548.66,84530.22,2.1815,2-4,0.87,0.14,84548.66,84572.33,0.86,0.87,0.13,0.14,Up,Up,yes,ui,7,Up,1
1790545500,btc-updown-5m-1790545500,210,2026-09-27T21:46:30.450Z,209.5,210,0.4,84574.62,84530.22,5.2526,4-8,0.96,0.05,84574.62,84604.65,0.95,0.96,0.04,0.05,Up,Up,yes,ui,4,Up,1
1790545500,btc-updown-5m-1790545500,180,2026-09-27T21:47:00.136Z,179.9,180,0.1,84598.07,84530.22,8.0267,8+,0.99,0.02,84598.07,84609.02,0.98,0.99,0.01,0.02,Up,Up,yes,ui,40,Up,1
1790545500,btc-updown-5m-1790545500,150,2026-09-27T21:47:30.261Z,149.7,150,0.2,84609.75,84530.22,9.4085,8+,,0.01,84609.75,84619.33,0.99,,,0.01,Up,Up,yes,ui,22,Up,1
1790545500,btc-updown-5m-1790545500,120,2026-09-27T21:48:00.368Z,119.6,120,0.3,84620.12,84530.22,10.6352,8+,,0.01,84620.12,84632.76,0.99,,,0.01,Up,Up,yes,ui,6,Up,1
1790545500,btc-updown-5m-1790545500,90,2026-09-27T21:48:30.056Z,89.9,90,0.0,84632.98,84530.22,12.1566,8+,,0.01,84632.98,84646.54,0.99,,,0.01,Up,Up,yes,ui,21,Up,1
1790545500,btc-updown-5m-1790545500,75,2026-09-27T21:48:45.138Z,74.9,75,0.1,84639.63,84530.22,12.9433,8+,,0.01,84639.63,84654.67,0.99,,,0.01,Up,Up,yes,ui,4,Up,1
1790545500,btc-updown-5m-1790545500,60,2026-09-27T21:49:00.217Z,59.8,60,0.2,84645.64,84530.22,13.6543,8+,,0.01,84645.64,84658.68,0.99,,,0.01,Up,Up,yes,ui,4,Up,1
1790545500,btc-updown-5m-1790545500,45,2026-09-27T21:49:15.289Z,44.7,45,0.3,84650.63,84530.22,14.2446,8+,,0.01,84650.63,84654.68,0.99,,,0.01,Up,Up,yes,ui,16,Up,1
1790545500,btc-updown-5m-1790545500,30,2026-09-27T21:49:30.359Z,29.6,30,0.3,84653.54,84530.22,14.5889,8+,,0.01,84653.54,84653.66,0.99,,,0.01,Up,Up,yes,ui,5,Up,1
1790545500,btc-updown-5m-1790545500,15,2026-09-27T21:49:45.443Z,14.6,15,0.4,84654.55,84530.22,14.7083,8+,,0.01,84654.55,84651.43,0.99,,,0.01,Up,Up,yes,ui,11,Up,1
1790545800,btc-updown-5m-1790545800,240,2026-09-27T21:51:00.328Z,239.7,241,1.3,84652.53,84653.75,-0.1441,0-0.5,0.55,0.46,84652.53,84652.84,0.54,0.55,0.45,0.46,Down,Up,no,ui,62,Up,0
1790545800,btc-updown-5m-1790545800,210,2026-09-27T21:51:30.455Z,209.5,210,0.4,84655.46,84653.75,0.202,0-0.5,0.53,0.48,84655.46,84660.33,0.52,0.53,0.47,0.48,Up,Up,yes,ui,16,Up,1
1790545800,btc-updown-5m-1790545800,180,2026-09-27T21:52:00.555Z,179.4,180,0.5,84659.84,84653.75,0.7194,0.5-1,0.8,0.21,84659.84,84666.91,0.79,0.8,0.2,0.21,Up,Up,yes,ui,42,Up,1
1790545800,btc-updown-5m-1790545800,150,2026-09-27T21:52:30.179Z,149.8,151,1.1,84665.06,84653.75,1.336,1-2,0.74,0.27,84665.06,84670.18,0.73,0.74,0.26,0.27,Up,Up,yes,ui,10,Up,1
1790545800,btc-updown-5m-1790545800,120,2026-09-27T21:53:00.268Z,119.7,121,1.3,84670.39,84653.75,1.9657,1-2,0.85,0.16,84670.39,84673.98,0.84,0.85,0.15,0.16,Up,Up,yes,ui,46,Up,1
1790545800,btc-updown-5m-1790545800,90,2026-09-27T21:53:30.403Z,89.6,90,0.4,84672.81,84653.75,2.2515,2-4,0.96,0.05,84672.81,84673.42,0.95,0.96,0.04,0.05,Up,Up,yes,ui,12,Up,1
1790545800,btc-updown-5m-1790545800,75,2026-09-27T21:53:45.480Z,74.5,75,0.4,84673.58,84653.75,2.3425,2-4,0.97,0.04,84673.58,84673.43,0.96,0.97,0.03,0.04,Up,Up,yes,ui,11,Up,1
1790545800,btc-updown-5m-1790545800,60,2026-09-27T21:54:00.061Z,59.9,61,1.0,84673.67,84653.75,2.3531,2-4,0.99,0.02,84673.67,84673.62,0.97,0.98,0.02,0.03,Up,Up,yes,ui,5,Up,1
1790545800,btc-updown-5m-1790545800,45,2026-09-27T21:54:15.143Z,44.9,46,1.1,84673.52,84653.75,2.3354,2-4,,0.01,84673.52,84673.4,0.99,,,0.01,Up,Up,yes,ui,11,Up,1
1790545800,btc-updown-5m-1790545800,30,2026-09-27T21:54:30.225Z,29.8,31,1.2,84673.37,84653.75,2.3177,2-4,,0.01,84673.4,84666.71,0.99,,,0.01,Up,Up,yes,ui,6,Up,1
1790545800,btc-updown-5m-1790545800,15,2026-09-27T21:54:45.433Z,14.6,16,1.3,84671.75,84653.75,2.1263,2-4,,0.01,84671.75,84667.1,0.99,,,0.01,Up,Up,yes,ui,4,Up,1
1790546100,btc-updown-5m-1790546100,240,2026-09-27T21:56:00.173Z,239.8,240,0.1,84672.51,84670.07,0.2882,0-0.5,0.43,0.58,84672.51,84672.21,0.42,0.43,0.57,0.58,Up,Down,no,ui,15,Down,0
1790546100,btc-updown-5m-1790546100,210,2026-09-27T21:56:30.276Z,209.7,210,0.3,84666.22,84670.07,-0.4547,0-0.5,0.24,0.77,84666.22,84650.17,0.23,0.24,0.76,0.77,Down,Down,yes,ui,36,Down,1
1790546100,btc-updown-5m-1790546100,180,2026-09-27T21:57:00.219Z,179.8,180,0.2,84656.83,84670.07,-1.5637,1-2,0.29,0.72,84656.83,84656.5,0.28,0.29,0.71,0.72,Down,Down,yes,ui,47,Down,1
1790546100,btc-updown-5m-1790546100,150,2026-09-27T21:57:30.309Z,149.7,150,0.3,84657.05,84670.07,-1.5377,1-2,0.49,0.53,84657.05,84657.62,0.48,0.49,0.51,0.52,Down,Down,yes,ui,11,Down,1
1790546100,btc-updown-5m-1790546100,120,2026-09-27T21:58:00.422Z,119.6,120,0.4,84662.61,84670.07,-0.8811,0.5-1,0.45,0.56,84662.61,84668.26,0.4,0.41,0.59,0.6,Down,Down,yes,ui,54,Down,1
1790546100,btc-updown-5m-1790546100,90,2026-09-27T21:58:30.548Z,89.5,90,0.5,84668.0,84670.07,-0.2445,0-0.5,0.46,0.55,84668.0,84668.4,0.45,0.46,0.54,0.55,Down,Down,yes,ui,5,Down,1
1790546100,btc-updown-5m-1790546100,75,2026-09-27T21:58:45.168Z,74.8,75,0.2,84668.63,84670.07,-0.1701,0-0.5,0.4,0.61,84668.63,84668.49,0.39,0.4,0.6,0.61,Down,Down,yes,ui,49,Down,1
1790546100,btc-updown-5m-1790546100,60,2026-09-27T21:59:00.245Z,59.8,60,0.2,84668.49,84670.07,-0.1866,0-0.5,0.28,0.73,84668.49,84664.43,0.27,0.28,0.72,0.73,Down,Down,yes,ui,24,Down,1
1790546100,btc-updown-5m-1790546100,45,2026-09-27T21:59:15.333Z,44.7,45,0.3,84666.26,84670.07,-0.45,0-0.5,0.05,0.96,84666.26,84663.33,0.04,0.05,0.95,0.96,Down,Down,yes,ui,61,Down,1
1790546100,btc-updown-5m-1790546100,30,2026-09-27T21:59:30.398Z,29.6,30,0.4,84664.61,84670.07,-0.6449,0.5-1,0.01,,84664.61,84659.37,,0.01,0.99,,Down,Down,yes,ui,8,Down,1
1790546100,btc-updown-5m-1790546100,15,2026-09-27T21:59:45.492Z,14.5,15,0.4,84662.58,84670.07,-0.8846,0.5-1,0.01,,84662.58,84659.59,,0.01,0.99,,Down,Down,yes,ui,4,Down,1
1790546400,btc-updown-5m-1790546400,240,2026-09-27T22:01:00.405Z,239.6,241,1.4,84687.03,84660.08,3.1833,2-4,0.37,0.64,84687.03,84638.07,0.33,0.34,0.66,0.67,Up,Down,no,ui,75,Down,0
1790546400,btc-updown-5m-1790546400,210,2026-09-27T22:01:30.533Z,209.5,211,1.5,84656.06,84660.08,-0.4748,0-0.5,0.39,0.62,84656.06,84639.65,0.32,0.33,0.67,0.68,Down,Down,yes,ui,58,Down,1
1790546400,btc-updown-5m-1790546400,180,2026-09-27T22:02:00.151Z,179.8,181,1.1,84593.12,84660.08,-7.9093,4-8,0.04,0.97,84593.12,84504.1,0.03,0.04,0.96,0.97,Down,Down,yes,ui,19,Down,1
1790546400,btc-updown-5m-1790546400,150,2026-09-27T22:02:30.315Z,149.7,151,1.3,84524.83,84660.08,-15.9757,8+,0.01,,84521.79,84414.07,,0.01,0.99,,Down,Down,yes,ui,40,Down,1
1790546400,btc-updown-5m-1790546400,120,2026-09-27T22:03:00.416Z,119.6,120,0.4,84455.3,84660.08,-24.1885,8+,0.01,,84455.3,84433.29,,0.01,0.99,,Down,Down,yes,ui,4,Down,1
1790546400,btc-updown-5m-1790546400,90,2026-09-27T22:03:30.514Z,89.5,91,1.5,84417.25,84660.08,-28.6829,8+,0.01,,84417.25,84442.25,,0.01,0.99,,Down,Down,yes,ui,5,Down,1
1790546400,btc-updown-5m-1790546400,75,2026-09-27T22:03:45.091Z,74.9,76,1.0,84421.49,84660.08,-28.1821,8+,0.01,,84421.49,84457.5,,0.01,0.99,,Down,Down,yes,ui,8,Down,1
1790546400,btc-updown-5m-1790546400,60,2026-09-27T22:04:00.170Z,59.8,61,1.1,84423.46,84660.08,-27.9494,8+,0.001,,84423.46,84411.81,,0.001,0.999,,Down,Down,yes,ui,12,Down,1
1790546400,btc-updown-5m-1790546400,45,2026-09-27T22:04:15.248Z,44.8,46,1.2,84423.96,84660.08,-27.8904,8+,0.001,,84424.46,84414.93,,0.001,0.999,,Down,Down,yes,ui,4,Down,1
1790546400,btc-updown-5m-1790546400,30,2026-09-27T22:04:30.332Z,29.7,31,1.3,84430.67,84660.08,-27.0978,8+,0.001,,84430.67,84413.42,,0.001,0.999,,Down,Down,yes,ui,7,Down,1
1790546400,btc-updown-5m-1790546400,15,2026-09-27T22:04:45.409Z,14.6,16,1.4,84423.24,84660.08,-27.9754,8+,0.001,,84423.24,84422.69,,0.001,0.999,,Down,Down,yes,ui,4,Down,1
1790546700,btc-updown-5m-1790546700,240,2026-09-27T22:06:00.175Z,239.8,240,0.2,84449.08,84425.1,2.8404,2-4,0.68,0.33,84449.08,84477.48,0.67,0.68,0.32,0.33,Up,Up,yes,ui,43,Down,0
1790546700,btc-updown-5m-1790546700,210,2026-09-27T22:06:30.329Z,209.7,211,1.2,84473.67,84425.1,5.753,4-8,0.83,0.18,84473.67,84508.05,0.82,0.83,0.17,0.18,Up,Up,yes,ui,14,Down,0
1790546700,btc-updown-5m-1790546700,180,2026-09-27T22:07:00.435Z,179.6,181,1.4,84500.79,84425.1,8.9653,8+,0.76,0.25,84500.79,84482.03,0.76,0.77,0.23,0.24,Up,Up,yes,ui,33,Down,0
1790546700,btc-updown-5m-1790546700,150,2026-09-27T22:07:30.050Z,149.9,151,1.0,84485.73,84425.1,7.1815,4-8,0.7,0.31,84485.73,84453.13,0.69,0.7,0.3,0.31,Up,Up,yes,ui,30,Down,0
1790546700,btc-updown-5m-1790546700,120,2026-09-27T22:08:00.157Z,119.8,120,0.2,84440.77,84425.1,1.8561,1-2,0.68,0.33,84440.77,84432.57,0.67,0.68,0.32,0.33,Up,Up,yes,ui,56,Down,0
1790546700,btc-updown-5m-1790546700,90,2026-09-27T22:08:30.270Z,89.7,91,1.2,84414.25,84425.1,-1.2852,1-2,0.16,0.85,84414.25,84390.79,0.15,0.16,0.84,0.85,Down,Down,yes,ui,6,Down,1
1790546700,btc-updown-5m-1790546700,75,2026-09-27T22:08:45.366Z,74.6,76,1.4,84401.64,84425.1,-2.7788,2-4,0.02,0.99,84401.64,84363.63,0.01,0.02,0.98,0.99,Down,Down,yes,ui,65,Down,1
1790546700,btc-updown-5m-1790546700,60,2026-09-27T22:09:00.437Z,59.6,61,1.4,84392.48,84425.1,-3.8638,2-4,0.01,,84392.48,84375.0,,0.02,0.98,,Down,Down,yes,ui,11,Down,1
1790546700,btc-updown-5m-1790546700,45,2026-09-27T22:09:15.514Z,44.5,46,1.5,84380.68,84425.1,-5.2615,4-8,0.01,,84380.68,84384.77,,0.01,0.99,,Down,Down,yes,ui,4,Down,1
1790546700,btc-updown-5m-1790546700,30,2026-09-27T22:09:30.097Z,29.9,31,1.1,84375.29,84425.1,-5.8999,4-8,0.01,,84375.29,84363.93,,0.01,0.99,,Down,Down,yes,ui,20,Down,1
1790546700,btc-updown-5m-1790546700,15,2026-09-27T22:09:45.173Z,14.8,16,1.1,84368.22,84425.1,-6.7373,4-8,0.01,,84368.22,84349.09,,0.01,0.99,,Down,Down,yes,ui,16,Down,1
1790547000,btc-updown-5m-1790547000,240,2026-09-27T22:11:00.189Z,239.8,240,0.2,84389.43,84370.68,2.2223,2-4,0.71,0.3,84389.43,84399.81,0.7,0.71,0.29,0.3,Up,Up,yes,ui,42,Down,0
1790547000,btc-updown-5m-1790547000,210,2026-09-27T22:11:30.283Z,209.7,210,0.2,84404.95,84370.68,4.0618,4-8,0.76,0.25,84404.95,84413.07,0.75,0.76,0.24,0.25,Up,Up,yes,ui,9,Down,0
1790547000,btc-updown-5m-1790547000,180,2026-09-27T22:12:00.387Z,179.6,180,0.4,84412.33,84370.68,4.9365,4-8,0.72,0.29,84412.33,84399.8,0.71,0.72,0.28,0.29,Up,Up,yes,ui,26,Down,0
1790547000,btc-updown-5m-1790547000,150,2026-09-27T22:12:30.479Z,149.5,150,0.5,84396.18,84370.68,3.0224,2-4,0.66,0.35,84396.18,84383.91,0.65,0.66,0.34,0.35,Up,Up,yes,ui,30,Down,0
1790547000,btc-updown-5m-1790547000,120,2026-09-27T22:13:00.133Z,119.9,121,1.1,84387.88,84370.68,2.0386,2-4,0.61,0.4,84387.88,84383.16,0.64,0.65,0.35,0.36,Up,Up,yes,ui,6,Down,0
1790547000,btc-updown-5m-1790547000,90,2026-09-27T22:13:30.254Z,89.7,90,0.2,84384.46,84370.68,1.6333,1-2,0.22,0.79,84380.54,84349.16,0.2,0.21,0.79,0.8,Up,Down,no,ui,4,Down,0
1790547000,btc-updown-5m-1790547000,75,2026-09-27T22:13:45.318Z,74.7,75,0.3,84384.46,84370.68,1.6333,1-2,0.1,0.91,84371.83,84345.52,0.09,0.1,0.9,0.91,Up,Down,no,ui,11,Down,0
1790547000,btc-updown-5m-1790547000,60,2026-09-27T22:14:00.387Z,59.6,60,0.3,84384.46,84370.68,1.6333,1-2,0.03,0.98,84358.21,84327.4,0.02,0.03,0.97,0.98,Up,Down,no,ui,4,Down,0
1790547000,btc-updown-5m-1790547000,45,2026-09-27T22:14:15.468Z,44.5,45,0.4,84384.46,84370.68,1.6333,1-2,0.01,,84342.81,84287.37,,0.01,0.99,,Up,Down,no,ui,9,Down,0
1790547000,btc-updown-5m-1790547000,30,2026-09-27T22:14:30.538Z,29.5,30,0.5,84384.46,84370.68,1.6333,1-2,0.01,,84329.44,84290.91,,0.01,0.99,,Up,Down,no,ui,9,Down,0
1790547000,btc-updown-5m-1790547000,15,2026-09-27T22:14:45.125Z,14.9,15,0.1,84384.46,84370.68,1.6333,1-2,0.01,,84316.16,84297.79,,0.01,0.99,,Up,Down,no,ui,5,Down,0
1790547300,btc-updown-5m-1790547300,240,2026-09-27T22:16:00.103Z,239.9,241,1.1,84284.21,84309.69,-3.0222,2-4,0.39,0.62,84284.21,84268.3,0.38,0.39,0.61,0.62,Down,Down,yes,ui,59,Up,0
1790547300,btc-updown-5m-1790547300,210,2026-09-27T22:16:30.247Z,209.8,210,0.2,84271.17,84309.69,-4.5689,4-8,0.4,0.62,84271.17,84287.89,0.4,0.41,0.59,0.6,Down,Down,yes,ui,5,Up,0
1790547300,btc-updown-5m-1790547300,180,2026-09-27T22:17:00.348Z,179.7,180,0.3,84282.57,84309.69,-3.2167,2-4,0.47,0.54,84282.57,84300.67,0.48,0.49,0.51,0.52,Down,Down,yes,ui,34,Up,0
1790547300,btc-updown-5m-1790547300,150,2026-09-27T22:17:30.454Z,149.5,150,0.4,84310.05,84309.69,0.0427,0-0.5,0.87,0.14,84310.05,84357.58,0.86,0.87,0.13,0.14,Up,Up,yes,ui,12,Up,1
1790547300,btc-updown-5m-1790547300,120,2026-09-27T22:18:00.065Z,119.9,121,1.0,84349.12,84309.69,4.6768,4-8,0.95,0.06,84349.12,84373.03,0.94,0.95,0.05,0.06,Up,Up,yes,ui,16,Up,1
1790547300,btc-updown-5m-1790547300,90,2026-09-27T22:18:30.233Z,89.8,90,0.2,84366.56,84309.69,6.7454,4-8,0.99,0.02,84366.56,84370.18,0.98,0.99,0.01,0.02,Up,Up,yes,ui,6,Up,1
1790547300,btc-updown-5m-1790547300,75,2026-09-27T22:18:45.323Z,74.7,75,0.3,84369.74,84309.69,7.1226,4-8,,0.01,84369.9,84377.93,0.99,,,0.01,Up,Up,yes,ui,27,Up,1
1790547300,btc-updown-5m-1790547300,60,2026-09-27T22:19:00.410Z,59.6,60,0.4,84373.88,84309.69,7.6136,4-8,,0.01,84373.88,84395.69,0.99,,,0.01,Up,Up,yes,ui,27,Up,1
1790547300,btc-updown-5m-1790547300,45,2026-09-27T22:19:15.484Z,44.5,45,0.4,84378.83,84309.69,8.2007,8+,,0.01,84378.83,84404.73,0.99,,,0.01,Up,Up,yes,ui,7,Up,1
1790547300,btc-updown-5m-1790547300,30,2026-09-27T22:19:30.061Z,29.9,31,1.0,84389.74,84309.69,9.4948,8+,,0.01,84389.74,84411.74,0.99,,,0.01,Up,Up,yes,ui,7,Up,1
1790547300,btc-updown-5m-1790547300,15,2026-09-27T22:19:45.144Z,14.9,15,0.1,84401.26,84309.69,10.8611,8+,,0.01,84401.26,84438.65,0.99,,,0.01,Up,Up,yes,ui,7,Up,1
1790547600,btc-updown-5m-1790547600,240,2026-09-27T22:21:00.324Z,239.7,241,1.3,84442.2,84412.51,3.5173,2-4,0.34,0.67,84442.2,84395.86,0.33,0.34,0.66,0.67,Up,Down,no,ui,4,Up,1
1790547600,btc-updown-5m-1790547600,210,2026-09-27T22:21:30.446Z,209.6,210,0.4,84417.14,84412.51,0.5485,0.5-1,0.41,0.6,84417.14,84401.46,0.4,0.41,0.59,0.6,Up,Down,no,ui,48,Up,1
1790547600,btc-updown-5m-1790547600,180,2026-09-27T22:22:00.054Z,179.9,181,1.0,84404.04,84412.51,-1.0034,1-2,0.51,0.5,84404.04,84425.12,0.5,0.51,0.49,0.5,Down,Up,no,ui,7,Up,0
1790547600,btc-updown-5m-1790547600,150,2026-09-27T22:22:30.468Z,149.5,151,1.5,84421.54,84412.51,1.0697,1-2,0.73,0.28,84421.54,84443.74,0.72,0.74,0.27,0.28,Up,Up,yes,ui,372,Up,1
1790547600,btc-updown-5m-1790547600,120,2026-09-27T22:23:00.070Z,119.9,121,1.0,84435.36,84412.51,2.7069,2-4,0.89,0.12,84435.36,84445.33,0.89,0.9,0.1,0.11,Up,Up,yes,ui,11,Up,1
1790547600,btc-updown-5m-1790547600,90,2026-09-27T22:23:30.193Z,89.8,91,1.2,84455.29,84412.51,5.068,4-8,0.98,0.03,84455.29,84480.83,0.97,0.98,0.02,0.03,Up,Up,yes,ui,11,Up,1
1790547600,btc-updown-5m-1790547600,75,2026-09-27T22:23:45.271Z,74.7,76,1.2,84465.04,84412.51,6.223,4-8,,0.01,84465.04,84481.04,0.99,,,0.01,Up,Up,yes,ui,5,Up,1
1790547600,btc-updown-5m-1790547600,60,2026-09-27T22:24:00.346Z,59.7,61,1.3,84473.77,84412.51,7.2572,4-8,,0.01,84473.77,84490.47,0.99,,,0.01,Up,Up,yes,ui,21,Up,1
1790547600,btc-updown-5m-1790547600,45,2026-09-27T22:24:15.448Z,44.6,45,0.4,84481.96,84412.51,8.2275,8+,,0.01,84481.96,84494.05,0.99,,,0.01,Up,Up,yes,ui,7,Up,1
1790547600,btc-updown-5m-1790547600,30,2026-09-27T22:24:30.524Z,29.5,30,0.5,84487.07,84412.51,8.8328,8+,,0.01,84487.07,84504.34,0.99,,,0.01,Up,Up,yes,ui,16,Up,1
1790547600,btc-updown-5m-1790547600,15,2026-09-27T22:24:45.113Z,14.9,16,1.1,84492.89,84412.51,9.5223,8+,,0.01,84492.89,84505.31,0.99,,,0.01,Up,Up,yes,ui,15,Up,1
1790547900,btc-updown-5m-1790547900,240,2026-09-27T22:26:00.529Z,239.5,241,1.5,84510.68,84496.82,1.6403,1-2,0.65,0.36,84510.68,84514.64,0.64,0.65,0.35,0.36,Up,Up,yes,ui,31,Up,1
1790547900,btc-updown-5m-1790547900,210,2026-09-27T22:26:30.115Z,209.9,211,1.1,84508.84,84496.82,1.4225,1-2,0.5,0.51,84508.84,84496.81,0.48,0.49,0.51,0.52,Up,Down,no,ui,13,Up,1
1790547900,btc-updown-5m-1790547900,180,2026-09-27T22:27:00.217Z,179.8,181,1.2,84503.01,84496.82,0.7326,0.5-1,0.46,0.55,84503.01,84491.73,0.45,0.46,0.54,0.55,Up,Down,no,ui,11,Up,1
1790547900,btc-updown-5m-1790547900,150,2026-09-27T22:27:30.342Z,149.7,151,1.3,84499.67,84496.82,0.3373,0-0.5,0.72,0.29,84499.67,84517.76,0.71,0.72,0.28,0.29,Up,Up,yes,ui,4,Up,1
1790547900,btc-updown-5m-1790547900,120,2026-09-27T22:28:00.438Z,119.6,121,1.4,84514.0,84496.82,2.0332,2-4,0.95,0.06,84514.0,84539.86,0.94,0.95,0.05,0.06,Up,Up,yes,ui,28,Up,1
1790547900,btc-updown-5m-1790547900,90,2026-09-27T22:28:30.067Z,89.9,91,1.0,84534.16,84496.82,4.4191,4-8,0.99,0.02,84534.16,84549.37,0.98,0.99,0.01,0.02,Up,Up,yes,ui,25,Up,1
1790547900,btc-updown-5m-1790547900,75,2026-09-27T22:28:45.148Z,74.9,76,1.1,84540.72,84496.82,5.1955,4-8,0.99,0.02,84540.72,84542.96,0.98,0.99,0.01,0.02,Up,Up,yes,ui,13,Up,1
1790547900,btc-updown-5m-1790547900,60,2026-09-27T22:29:00.235Z,59.8,61,1.2,84544.91,84496.82,5.6913,4-8,,0.01,84544.91,84549.47,0.99,,,0.01,Up,Up,yes,ui,5,Up,1
1790547900,btc-updown-5m-1790547900,45,2026-09-27T22:29:15.308Z,44.7,46,1.3,84546.96,84496.82,5.934,4-8,,0.01,84546.96,84548.07,0.99,,,0.01,Up,Up,yes,ui,9,Up,1
1790547900,btc-updown-5m-1790547900,30,2026-09-27T22:29:30.382Z,29.6,31,1.3,84546.59,84496.82,5.8902,4-8,,0.01,84546.59,84541.57,0.99,,,0.01,Up,Up,yes,ui,4,Up,1
1790547900,btc-updown-5m-1790547900,15,2026-09-27T22:29:45.459Z,14.5,16,1.4,84546.34,84496.82,5.8606,4-8,,0.01,84546.34,84549.97,0.99,,,0.01,Up,Up,yes,ui,13,Up,1
1790548200,btc-updown-5m-1790548200,240,2026-09-27T22:31:00.074Z,239.9,241,1.0,84490.48,84546.92,-6.6756,4-8,0.07,0.94,84490.48,84442.62,0.06,0.07,0.93,0.94,Down,Down,yes,ui,18,Down,1
1790548200,btc-updown-5m-1790548200,210,2026-09-27T22:31:30.264Z,209.7,210,0.2,84449.28,84546.92,-11.5486,8+,0.05,0.96,84449.28,84433.95,0.04,0.05,0.95,0.96,Down,Down,yes,ui,10,Down,1
1790548200,btc-updown-5m-1790548200,180,2026-09-27T22:32:00.367Z,179.6,180,0.3,84423.82,84546.92,-14.56,8+,0.02,0.99,84423.82,84414.7,0.01,0.02,0.98,0.99,Down,Down,yes,ui,15,Down,1
1790548200,btc-updown-5m-1790548200,150,2026-09-27T22:32:30.472Z,149.5,150,0.5,84412.73,84546.92,-15.8717,8+,0.01,,84412.73,84395.4,,0.01,0.99,,Down,Down,yes,ui,47,Down,1
1790548200,btc-updown-5m-1790548200,120,2026-09-27T22:33:00.073Z,119.9,121,1.0,84400.55,84546.92,-17.3123,8+,0.01,,84400.55,84388.55,,0.01,0.99,,Down,Down,yes,ui,9,Down,1
1790548200,btc-updown-5m-1790548200,90,2026-09-27T22:33:30.178Z,89.8,91,1.2,84391.08,84546.92,-18.4324,8+,0.01,,84391.08,84364.47,,0.01,0.99,,Down,Down,yes,ui,22,Down,1
1790548200,btc-updown-5m-1790548200,75,2026-09-27T22:33:45.258Z,74.7,75,0.2,84381.63,84546.92,-19.5501,8+,0.001,,84381.63,84349.96,,0.001,0.999,,Down,Down,yes,ui,5,Down,1
1790548200,btc-updown-5m-1790548200,60,2026-09-27T22:34:00.332Z,59.7,60,0.3,84365.35,84546.92,-21.4756,8+,0.001,,84365.35,84325.47,,0.001,0.999,,Down,Down,yes,ui,16,Down,1
1790548200,btc-updown-5m-1790548200,45,2026-09-27T22:34:15.453Z,44.5,45,0.4,84350.42,84546.92,-23.2415,8+,0.001,,84350.42,84328.51,,0.001,0.999,,Down,Down,yes,ui,11,Down,1
1790548200,btc-updown-5m-1790548200,30,2026-09-27T22:34:30.535Z,29.5,30,0.5,84341.02,84546.92,-24.3533,8+,0.001,,84341.02,84315.94,,0.001,0.999,,Down,Down,yes,ui,10,Down,1
1790548200,btc-updown-5m-1790548200,15,2026-09-27T22:34:45.120Z,14.9,16,1.1,84326.17,84546.92,-26.1098,8+,0.001,,84326.17,84287.66,,0.001,0.999,,Down,Down,yes,ui,6,Down,1
1790548500,btc-updown-5m-1790548500,240,2026-09-27T22:36:00.342Z,239.7,240,0.3,84242.67,84308.64,-7.8248,4-8,0.28,0.73,84242.67,84239.64,0.25,0.26,0.74,0.75,Down,Down,yes,ui,6,Down,1
1790548500,btc-updown-5m-1790548500,210,2026-09-27T22:36:30.447Z,209.6,210,0.4,84225.91,84308.64,-9.8128,8+,0.21,0.8,84225.13,84245.41,0.2,0.21,0.79,0.8,Down,Down,yes,ui,43,Down,1
1790548500,btc-updown-5m-1790548500,180,2026-09-27T22:37:00.577Z,179.4,180,0.5,84228.33,84308.64,-9.5257,8+,0.06,0.95,84228.33,84205.39,0.06,0.08,0.92,0.94,Down,Down,yes,ui,20,Down,1
1790548500,btc-updown-5m-1790548500,150,2026-09-27T22:37:30.216Z,149.8,150,0.2,84210.54,84308.64,-11.6358,8+,0.02,0.99,84210.54,84172.21,0.01,0.02,0.98,0.99,Down,Down,yes,ui,34,Down,1
1790548500,btc-updown-5m-1790548500,120,2026-09-27T22:38:00.327Z,119.7,120,0.3,84183.16,84308.64,-14.8834,8+,0.02,0.99,84183.16,84189.62,0.01,0.02,0.98,0.99,Down,Down,yes,ui,5,Down,1
1790548500,btc-updown-5m-1790548500,90,2026-09-27T22:38:30.525Z,89.5,90,0.5,84188.92,84308.64,-14.2002,8+,0.01,,84188.92,84223.01,,0.01,0.99,,Down,Down,yes,ui,99,Down,1
1790548500,btc-updown-5m-1790548500,75,2026-09-27T22:38:45.105Z,74.9,75,0.1,84202.04,84308.64,-12.644,8+,0.01,,84202.04,84225.14,,0.01,0.99,,Down,Down,yes,ui,23,Down,1
1790548500,btc-updown-5m-1790548500,60,2026-09-27T22:39:00.192Z,59.8,60,0.1,84212.26,84308.64,-11.4318,8+,0.01,,84212.26,84208.62,,0.01,0.99,,Down,Down,yes,ui,12,Down,1
1790548500,btc-updown-5m-1790548500,45,2026-09-27T22:39:15.281Z,44.7,45,0.2,84219.33,84308.64,-10.5932,8+,0.01,,84219.33,84226.2,,0.01,0.99,,Down,Down,yes,ui,7,Down,1
1790548500,btc-updown-5m-1790548500,30,2026-09-27T22:39:30.360Z,29.6,30,0.3,84222.41,84308.64,-10.2279,8+,0.001,,84222.41,84226.1,,0.001,0.999,,Down,Down,yes,ui,11,Down,1
1790548500,btc-updown-5m-1790548500,15,2026-09-27T22:39:45.440Z,14.6,15,0.4,84223.0,84308.64,-10.1579,8+,0.001,,84223.0,84223.83,,0.001,0.999,,Down,Down,yes,ui,18,Down,1
1790548800,btc-updown-5m-1790548800,240,2026-09-27T22:41:00.385Z,239.6,241,1.3,84208.06,84222.55,-1.7204,1-2,0.47,0.54,84208.06,84218.04,0.46,0.47,0.53,0.54,Down,Down,yes,ui,11,Down,1
1790548800,btc-updown-5m-1790548800,210,2026-09-27T22:41:30.497Z,209.5,210,0.5,84211.98,84222.55,-1.255,1-2,0.38,0.63,84211.98,84206.05,0.39,0.4,0.6,0.61,Down,Down,yes,ui,37,Down,1
1790548800,btc-updown-5m-1790548800,180,2026-09-27T22:42:00.096Z,179.9,181,1.1,84204.9,84222.55,-2.0956,2-4,0.2,0.81,84204.9,84181.86,0.19,0.2,0.8,0.81,Down,Down,yes,ui,12,Down,1
1790548800,btc-updown-5m-1790548800,150,2026-09-27T22:42:30.233Z,149.8,151,1.2,84190.89,84222.55,-3.7591,2-4,0.21,0.8,84190.89,84188.19,0.17,0.18,0.82,0.83,Down,Down,yes,ui,96,Down,1
1790548800,btc-updown-5m-1790548800,120,2026-09-27T22:43:00.352Z,119.6,121,1.3,84183.66,84222.55,-4.6175,4-8,0.14,0.87,84183.66,84184.39,0.13,0.14,0.86,0.87,Down,Down,yes,ui,6,Down,1
1790548800,btc-updown-5m-1790548800,90,2026-09-27T22:43:30.459Z,89.5,90,0.4,84186.68,84222.55,-4.259,4-8,0.04,0.97,84186.68,84177.63,0.03,0.04,0.96,0.97,Down,Down,yes,ui,29,Down,1
1790548800,btc-updown-5m-1790548800,75,2026-09-27T22:43:45.073Z,74.9,76,1.1,84184.65,84222.55,-4.5,4-8,0.03,0.98,84184.65,84180.6,0.02,0.03,0.97,0.98,Down,Down,yes,ui,53,Down,1
1790548800,btc-updown-5m-1790548800,60,2026-09-27T22:44:00.161Z,59.8,61,1.1,84183.27,84222.55,-4.6638,4-8,0.02,0.99,84183.27,84177.5,0.01,0.02,0.98,0.99,Down,Down,yes,ui,5,Down,1
1790548800,btc-updown-5m-1790548800,45,2026-09-27T22:44:15.252Z,44.7,46,1.2,84180.45,84222.55,-4.9987,4-8,0.01,,84180.45,84177.36,,0.01,0.99,,Down,Down,yes,ui,12,Down,1
1790548800,btc-updown-5m-1790548800,30,2026-09-27T22:44:30.371Z,29.6,31,1.3,84179.91,84222.55,-5.0628,4-8,0.01,,84179.91,84169.45,,0.01,0.99,,Down,Down,yes,ui,11,Down,1
1790548800,btc-updown-5m-1790548800,15,2026-09-27T22:44:45.448Z,14.6,15,0.4,84177.57,84222.55,-5.3406,4-8,0.01,,84177.57,84172.14,,0.01,0.99,,Down,Down,yes,ui,26,Down,1
1790549100,btc-updown-5m-1790549100,240,2026-09-27T22:46:00.514Z,239.5,241,1.5,84145.5,84175.49,-3.5628,2-4,0.27,0.74,84145.5,84136.02,0.26,0.27,0.73,0.74,Down,Down,yes,ui,4,Down,1
1790549100,btc-updown-5m-1790549100,210,2026-09-27T22:46:30.109Z,209.9,210,0.1,84136.68,84175.49,-4.6106,4-8,0.2,0.81,84136.68,84129.77,0.19,0.2,0.8,0.81,Down,Down,yes,ui,28,Down,1
1790549100,btc-updown-5m-1790549100,180,2026-09-27T22:47:00.204Z,179.8,181,1.2,84133.08,84175.49,-5.0383,4-8,0.18,0.83,84133.04,84134.42,0.17,0.18,0.82,0.83,Down,Down,yes,ui,19,Down,1
1790549100,btc-updown-5m-1790549100,150,2026-09-27T22:47:30.329Z,149.7,151,1.3,84132.88,84175.49,-5.062,4-8,0.1,0.91,84132.88,84131.49,0.09,0.1,0.9,0.91,Down,Down,yes,ui,59,Down,1
1790549100,btc-updown-5m-1790549100,120,2026-09-27T22:48:00.445Z,119.6,121,1.4,84133.41,84175.49,-4.9991,4-8,0.6,0.44,84133.41,84178.01,0.6,0.61,0.39,0.4,Down,Up,no,ui,43,Down,1
1790549100,btc-updown-5m-1790549100,90,2026-09-27T22:48:30.552Z,89.4,91,1.5,84149.02,84175.49,-3.1446,2-4,0.3,0.71,84149.02,84162.09,0.29,0.3,0.7,0.71,Down,Down,yes,ui,52,Down,1
1790549100,btc-updown-5m-1790549100,75,2026-09-27T22:48:45.155Z,74.8,76,1.1,84159.74,84175.49,-1.8711,1-2,0.12,0.89,84159.74,84154.64,0.11,0.12,0.88,0.89,Down,Down,yes,ui,52,Down,1
1790549100,btc-updown-5m-1790549100,60,2026-09-27T22:49:00.251Z,59.7,61,1.2,84161.53,84175.49,-1.6584,1-2,0.05,0.96,84161.53,84148.62,0.04,0.05,0.95,0.96,Down,Down,yes,ui,50,Down,1
1790549100,btc-updown-5m-1790549100,45,2026-09-27T22:49:15.343Z,44.7,46,1.3,84156.54,84175.49,-2.2512,2-4,0.05,0.96,84156.54,84160.67,0.03,0.04,0.96,0.97,Down,Down,yes,ui,66,Down,1
1790549100,btc-updown-5m-1790549100,30,2026-09-27T22:49:30.428Z,29.6,31,1.4,84158.35,84175.49,-2.0362,2-4,0.01,,84158.38,84163.91,,0.01,0.99,,Down,Down,yes,ui,19,Down,1
1790549100,btc-updown-5m-1790549100,15,2026-09-27T22:49:45.505Z,14.5,16,1.5,84157.64,84175.49,-2.1206,2-4,0.01,,84157.64,84162.95,,0.01,0.99,,Down,Down,yes,ui,6,Down,1
1790549400,btc-updown-5m-1790549400,240,2026-09-27T22:51:00.317Z,239.7,240,0.3,84172.44,84159.13,1.5815,1-2,0.76,0.25,84172.44,84190.98,0.75,0.76,0.24,0.25,Up,Up,yes,ui,19,Up,1
1790549400,btc-updown-5m-1790549400,210,2026-09-27T22:51:30.404Z,209.6,210,0.4,84187.57,84159.13,3.3793,2-4,0.73,0.28,84187.57,84188.34,0.72,0.73,0.27,0.28,Up,Up,yes,ui,17,Up,1
1790549400,btc-updown-5m-1790549400,180,2026-09-27T22:52:00.490Z,179.5,180,0.5,84188.97,84159.13,3.5457,2-4,0.84,0.18,84188.97,84184.9,0.84,0.85,0.15,0.16,Up,Up,yes,ui,10,Up,1
1790549400,btc-updown-5m-1790549400,150,2026-09-27T22:52:30.090Z,149.9,151,1.1,84192.34,84159.13,3.9461,2-4,0.94,0.07,84192.34,84212.47,0.93,0.94,0.06,0.07,Up,Up,yes,ui,25,Up,1
1790549400,btc-updown-5m-1790549400,120,2026-09-27T22:53:00.221Z,119.8,120,0.2,84207.04,84159.13,5.6928,4-8,0.96,0.05,84207.04,84206.7,0.96,0.97,0.03,0.04,Up,Up,yes,ui,8,Up,1
1790549400,btc-updown-5m-1790549400,90,2026-09-27T22:53:30.381Z,89.6,90,0.3,84208.94,84159.13,5.9185,4-8,0.99,0.02,84208.94,84204.99,0.98,0.99,0.01,0.02,Up,Up,yes,ui,24,Up,1
1790549400,btc-updown-5m-1790549400,75,2026-09-27T22:53:45.456Z,74.5,75,0.4,84208.13,84159.13,5.8223,4-8,,0.01,84208.13,84213.09,0.99,,,0.01,Up,Up,yes,ui,4,Up,1
1790549400,btc-updown-5m-1790549400,60,2026-09-27T22:54:00.139Z,59.9,60,0.1,84209.07,84159.13,5.934,4-8,,0.01,84209.07,84220.3,0.99,,,0.01,Up,Up,yes,ui,7,Up,1
1790549400,btc-updown-5m-1790549400,45,2026-09-27T22:54:15.220Z,44.8,45,0.2,84211.1,84159.13,6.1752,4-8,,0.01,84211.1,84217.95,0.99,,,0.01,Up,Up,yes,ui,9,Up,1
1790549400,btc-updown-5m-1790549400,30,2026-09-27T22:54:30.307Z,29.7,30,0.3,84215.32,84159.13,6.6766,4-8,,0.01,84215.32,84212.33,0.99,,,0.01,Up,Up,yes,ui,13,Up,1
1790549400,btc-updown-5m-1790549400,15,2026-09-27T22:54:45.381Z,14.6,15,0.3,84213.89,84159.13,6.5067,4-8,,0.01,84213.89,84196.69,0.99,,,0.01,Up,Up,yes,ui,5,Up,1
1790549700,btc-updown-5m-1790549700,240,2026-09-27T22:56:00.397Z,239.6,240,0.4,84213.89,84210.38,0.4168,0-0.5,0.61,0.4,84213.89,84219.16,0.6,0.61,0.39,0.4,Up,Up,yes,ui,5,Down,0
1790549700,btc-updown-5m-1790549700,210,2026-09-27T22:56:30.516Z,209.5,210,0.5,84216.64,84210.38,0.7434,0.5-1,0.44,0.57,84216.64,84199.58,0.44,0.45,0.55,0.56,Up,Down,no,ui,14,Down,0
1790549700,btc-updown-5m-1790549700,180,2026-09-27T22:57:00.109Z,179.9,180,0.1,84211.51,84210.38,0.1342,0-0.5,0.53,0.48,84211.51,84209.3,0.54,0.55,0.45,0.46,Up,Up,yes,ui,20,Down,0
1790549700,btc-updown-5m-1790549700,150,2026-09-27T22:57:30.207Z,149.8,150,0.2,84208.24,84210.38,-0.2541,0-0.5,0.63,0.38,84208.33,84213.4,0.62,0.63,0.37,0.38,Down,Up,no,ui,10,Down,1
1790549700,btc-updown-5m-1790549700,120,2026-09-27T22:58:00.310Z,119.7,120,0.3,84210.9,84210.38,0.0618,0-0.5,0.43,0.58,84210.9,84205.01,0.41,0.42,0.58,0.59,Up,Down,no,ui,13,Down,0
1790549700,btc-updown-5m-1790549700,90,2026-09-27T22:58:30.432Z,89.6,90,0.4,84208.72,84210.38,-0.1971,0-0.5,0.54,0.47,84208.66,84208.19,0.53,0.54,0.46,0.47,Down,Up,no,ui,9,Down,1
1790549700,btc-updown-5m-1790549700,75,2026-09-27T22:58:45.547Z,74.5,75,0.5,84207.34,84210.38,-0.361,0-0.5,0.43,0.58,84207.34,84209.19,0.43,0.44,0.56,0.57,Down,Down,yes,ui,8,Down,1
1790549700,btc-updown-5m-1790549700,60,2026-09-27T22:59:00.217Z,59.8,61,1.2,84206.94,84210.38,-0.4085,0-0.5,0.33,0.68,84206.94,84207.5,0.33,0.34,0.66,0.67,Down,Down,yes,ui,138,Down,1
1790549700,btc-updown-5m-1790549700,45,2026-09-27T22:59:15.324Z,44.7,45,0.3,84207.37,84210.38,-0.3574,0-0.5,0.18,0.83,84207.37,84205.23,0.16,0.17,0.83,0.84,Down,Down,yes,ui,64,Down,1
1790549700,btc-updown-5m-1790549700,30,2026-09-27T22:59:30.402Z,29.6,30,0.4,84206.76,84210.38,-0.4299,0-0.5,0.03,0.98,84206.76,84201.76,0.02,0.03,0.97,0.98,Down,Down,yes,ui,4,Down,1
1790549700,btc-updown-5m-1790549700,15,2026-09-27T22:59:45.478Z,14.5,15,0.4,84203.96,84210.38,-0.7624,0.5-1,0.01,,84203.96,84175.98,,0.01,0.99,,Down,Down,yes,ui,5,Down,1
1790550000,btc-updown-5m-1790550000,240,2026-09-27T23:01:00.297Z,239.7,241,1.3,84201.06,84193.88,0.8528,0.5-1,0.77,0.24,84201.06,84237.98,0.76,0.77,0.23,0.24,Up,Up,yes,ui,5,Up,1
1790550000,btc-updown-5m-1790550000,210,2026-09-27T23:01:30.398Z,209.6,211,1.4,84236.36,84193.88,5.0455,4-8,0.7,0.31,84236.36,84230.69,0.67,0.68,0.32,0.33,Up,Up,yes,ui,40,Up,1
1790550000,btc-updown-5m-1790550000,180,2026-09-27T23:02:00.491Z,179.5,181,1.5,84238.9,84193.88,5.3472,4-8,0.87,0.14,84238.9,84243.66,0.86,0.87,0.13,0.14,Up,Up,yes,ui,18,Up,1
1790550000,btc-updown-5m-1790550000,150,2026-09-27T23:02:30.121Z,149.9,151,1.1,84243.04,84193.88,5.8389,4-8,0.95,0.06,84243.46,84262.27,0.94,0.95,0.05,0.06,Up,Up,yes,ui,7,Up,1
1790550000,btc-updown-5m-1790550000,120,2026-09-27T23:03:00.250Z,119.7,121,1.2,84258.04,84193.88,7.6205,4-8,0.94,0.07,84258.04,84248.25,0.93,0.94,0.06,0.07,Up,Up,yes,ui,7,Up,1
1790550000,btc-updown-5m-1790550000,90,2026-09-27T23:03:30.359Z,89.6,91,1.4,84255.15,84193.88,7.2773,4-8,0.89,0.12,84255.15,84236.37,0.88,0.89,0.11,0.12,Up,Up,yes,ui,46,Up,1
1790550000,btc-updown-5m-1790550000,75,2026-09-27T23:03:45.445Z,74.6,76,1.4,84243.39,84193.88,5.8805,4-8,0.84,0.17,84243.39,84215.83,0.83,0.84,0.16,0.17,Up,Up,yes,ui,55,Up,1
1790550000,btc-updown-5m-1790550000,60,2026-09-27T23:04:00.518Z,59.5,61,1.5,84236.39,84193.88,5.0491,4-8,0.99,0.02,84236.39,84225.82,0.98,0.99,0.01,0.02,Up,Up,yes,ui,20,Up,1
1790550000,btc-updown-5m-1790550000,45,2026-09-27T23:04:15.110Z,44.9,46,1.1,84234.09,84193.88,4.7759,4-8,,0.01,84234.09,84231.22,0.99,,,0.01,Up,Up,yes,ui,6,Up,1
1790550000,btc-updown-5m-1790550000,30,2026-09-27T23:04:30.188Z,29.8,31,1.1,84229.28,84193.88,4.2046,4-8,,0.001,84229.28,84237.91,0.999,,,0.001,Up,Up,yes,ui,8,Up,1
1790550000,btc-updown-5m-1790550000,15,2026-09-27T23:04:45.267Z,14.7,16,1.2,84234.37,84193.88,4.8091,4-8,,0.001,84234.37,84262.74,0.999,,,0.001,Up,Up,yes,ui,4,Up,1
1790550300,btc-updown-5m-1790550300,240,2026-09-27T23:06:00.540Z,239.5,240,0.5,84247.09,84244.8,0.2718,0-0.5,0.3,0.71,84247.09,84223.54,0.29,0.3,0.7,0.71,Up,Down,no,ui,30,Down,0
1790550300,btc-updown-5m-1790550300,210,2026-09-27T23:06:30.156Z,209.8,211,1.1,84217.54,84244.8,-3.2358,2-4,0.18,0.83,84217.54,84187.52,0.17,0.18,0.82,0.83,Down,Down,yes,ui,15,Down,1
1790550300,btc-updown-5m-1790550300,180,2026-09-27T23:07:00.265Z,179.7,180,0.3,84191.35,84244.8,-6.3446,4-8,0.09,0.92,84191.35,84171.47,0.08,0.09,0.91,0.92,Down,Down,yes,ui,59,Down,1
1790550300,btc-updown-5m-1790550300,150,2026-09-27T23:07:30.390Z,149.6,150,0.4,84180.87,84244.8,-7.5886,4-8,0.07,0.94,84180.87,84166.99,0.06,0.07,0.93,0.94,Down,Down,yes,ui,14,Down,1
1790550300,btc-updown-5m-1790550300,120,2026-09-27T23:08:00.505Z,119.5,120,0.5,84172.24,84244.8,-8.613,8+,0.02,0.99,84172.24,84167.31,0.01,0.02,0.98,0.99,Down,Down,yes,ui,22,Down,1
1790550300,btc-updown-5m-1790550300,90,2026-09-27T23:08:30.142Z,89.9,91,1.1,84168.45,84244.8,-9.0629,8+,0.01,,84168.52,84170.66,,0.01,0.99,,Down,Down,yes,ui,10,Down,1
1790550300,btc-updown-5m-1790550300,75,2026-09-27T23:08:45.230Z,74.8,76,1.2,84166.99,84244.8,-9.2362,8+,0.01,,84166.99,84164.95,,0.01,0.99,,Down,Down,yes,ui,16,Down,1
1790550300,btc-updown-5m-1790550300,60,2026-09-27T23:09:00.335Z,59.7,60,0.3,84161.86,84244.8,-9.8451,8+,0.01,,84161.86,84147.51,,0.01,0.99,,Down,Down,yes,ui,12,Down,1
1790550300,btc-updown-5m-1790550300,45,2026-09-27T23:09:15.440Z,44.6,45,0.4,84157.59,84244.8,-10.352,8+,0.01,,84157.59,84146.14,,0.01,0.99,,Down,Down,yes,ui,12,Down,1
1790550300,btc-updown-5m-1790550300,30,2026-09-27T23:09:30.515Z,29.5,30,0.5,84152.93,84244.8,-10.9051,8+,0.01,,84152.93,84145.35,,0.01,0.99,,Down,Down,yes,ui,5,Down,1
1790550300,btc-updown-5m-1790550300,15,2026-09-27T23:09:45.096Z,14.9,16,1.1,84145.52,84244.8,-11.7847,8+,0.01,,84145.52,84127.44,,0.01,0.99,,Down,Down,yes,ui,20,Down,1
1790550600,btc-updown-5m-1790550600,240,2026-09-27T23:11:05.529Z,234.5,,,84137.28,84139.33,-0.2434,0-0.5,,,84137.28,84155.88,0.67,0.68,0.32,0.33,Down,Up,no,api_fallback(ui_unavailable),,Up,0
1790550600,btc-updown-5m-1790550600,210,2026-09-27T23:11:34.375Z,205.6,229,23.4,84150.99,84139.33,1.3866,1-2,0.35,0.66,84150.99,84175.43,0.8,0.81,0.19,0.2,Up,Up,yes,api_fallback(ui_late),4226,Up,1
1790550600,btc-updown-5m-1790550600,180,2026-09-27T23:12:00.486Z,179.5,181,1.4,84163.99,84139.33,2.9309,2-4,0.79,0.22,84163.99,84167.76,0.78,0.79,0.21,0.22,Up,Up,yes,ui,7,Up,1
1790550600,btc-updown-5m-1790550600,150,2026-09-27T23:12:30.103Z,149.9,152,2.1,84172.9,84139.33,3.9898,2-4,0.86,0.15,84172.9,84168.6,0.77,0.78,0.22,0.23,Up,Up,yes,ui,58,Up,1
1790550600,btc-updown-5m-1790550600,120,2026-09-27T23:13:00.214Z,119.8,121,1.2,84170.79,84139.33,3.739,2-4,0.85,0.16,84170.79,84172.64,0.93,0.94,0.06,0.07,Up,Up,yes,ui,42,Up,1
1790550600,btc-updown-5m-1790550600,90,2026-09-27T23:13:30.315Z,89.7,91,1.3,84183.48,84139.33,5.2472,4-8,0.91,0.1,84183.48,84250.78,0.99,,,0.01,Up,Up,yes,ui,28,Up,1
1790550600,btc-updown-5m-1790550600,75,2026-09-27T23:13:45.421Z,74.6,76,1.4,84205.09,84139.33,7.8156,4-8,0.99,0.02,84205.09,84254.74,0.99,,,0.01,Up,Up,yes,ui,8,Up,1
1790550600,btc-updown-5m-1790550600,60,2026-09-27T23:14:00.511Z,59.5,61,1.5,84231.52,84139.33,10.9568,8+,,0.01,84231.52,84278.79,0.99,,,0.01,Up,Up,yes,ui,4,Up,1
1790550600,btc-updown-5m-1790550600,45,2026-09-27T23:14:15.085Z,44.9,46,1.0,84251.97,84139.33,13.3873,8+,,0.01,84251.97,84231.64,0.99,,,0.01,Up,Up,yes,ui,5,Up,1
1790550600,btc-updown-5m-1790550600,30,2026-09-27T23:14:30.158Z,29.8,31,1.1,84254.69,84139.33,13.7106,8+,,0.01,84254.69,84218.81,0.99,,,0.01,Up,Up,yes,ui,21,Up,1
1790550600,btc-updown-5m-1790550600,15,2026-09-27T23:14:45.237Z,14.8,16,1.2,84245.51,84139.33,12.6195,8+,,0.01,84245.51,84218.92,0.99,,,0.01,Up,Up,yes,ui,8,Up,1
1790550900,btc-updown-5m-1790550900,240,2026-09-27T23:16:05.747Z,234.3,241,6.7,84197.98,84230.46,-3.8558,2-4,0.52,0.49,84197.98,84185.15,0.21,0.22,0.78,0.79,Down,Down,yes,api_fallback(ui_late),5459,Up,0
1790550900,btc-updown-5m-1790550900,210,2026-09-27T23:16:30.361Z,209.6,211,1.3,84196.76,84230.46,-4.0009,4-8,0.4,0.61,84196.77,84214.55,0.44,0.45,0.55,0.56,Down,Down,yes,ui,50,Up,0
1790550900,btc-updown-5m-1790550900,180,2026-09-27T23:17:00.576Z,179.4,187,7.6,84214.8,84230.46,-1.8588,1-2,0.61,0.45,84214.8,84252.41,0.7,0.71,0.29,0.3,Down,Up,no,api_fallback(ui_late),150,Up,0
1790550900,btc-updown-5m-1790550900,150,2026-09-27T23:17:30.219Z,149.8,155,5.2,84245.39,84230.46,1.7725,1-2,0.62,0.39,84245.39,84236.77,0.5,0.51,0.49,0.5,Up,Up,yes,ui,65,Up,1
1790550900,btc-updown-5m-1790550900,120,2026-09-27T23:18:00.356Z,119.6,126,6.4,84246.03,84230.46,1.8486,1-2,0.65,0.36,84246.03,84235.07,0.48,0.49,0.51,0.52,Up,Down,no,api_fallback(ui_late),74,Up,1
1790550900,btc-updown-5m-1790550900,90,2026-09-27T23:18:30.211Z,89.8,96,6.2,84232.61,84230.46,0.2551,0-0.5,0.64,0.37,84232.61,84227.96,0.46,0.47,0.53,0.54,Up,Down,no,api_fallback(ui_late),184,Up,1
1790550900,btc-updown-5m-1790550900,75,2026-09-27T23:18:45.342Z,74.7,79,4.3,84233.54,84230.46,0.3657,0-0.5,0.62,0.39,84233.54,84256.94,0.91,0.92,0.08,0.1,Up,Up,yes,ui,32,Up,1
1790550900,btc-updown-5m-1790550900,60,2026-09-27T23:19:00.492Z,59.5,61,1.4,84236.39,84230.46,0.704,0.5-1,0.55,0.46,84236.39,84238.93,0.85,0.86,0.14,0.18,Up,Up,yes,ui,55,Up,1
1790550900,btc-updown-5m-1790550900,45,2026-09-27T23:19:15.202Z,44.8,50,5.2,84238.92,84230.46,1.0044,1-2,0.62,0.39,84239.38,84260.99,0.98,0.99,0.01,0.02,Up,Up,yes,ui,178,Up,1
1790550900,btc-updown-5m-1790550900,30,2026-09-27T23:19:30.279Z,29.7,32,2.3,84247.96,84230.46,2.0776,2-4,0.64,0.37,84247.96,84270.94,0.99,,,0.01,Up,Up,yes,ui,30,Up,1
1790550900,btc-updown-5m-1790550900,15,2026-09-27T23:19:45.362Z,14.6,19,4.3,84255.55,84230.46,2.9787,2-4,0.74,0.27,84255.55,84272.26,0.99,,,0.01,Up,Up,yes,ui,5,Up,1
1790551200,btc-updown-5m-1790551200,240,2026-09-27T23:21:00.686Z,239.3,241,1.7,84304.22,84263.38,4.8467,4-8,0.51,0.5,84304.22,84320.9,0.75,0.76,0.24,0.25,Up,Up,yes,ui,141,Up,1
1790551200,btc-updown-5m-1790551200,210,2026-09-27T23:21:30.438Z,209.6,212,2.4,84313.11,84263.38,5.9017,4-8,0.51,0.5,84313.11,84300.48,0.78,0.79,0.21,0.22,Up,Up,yes,ui,30,Up,1
1790551200,btc-updown-5m-1790551200,180,2026-09-27T23:22:00.561Z,179.4,184,4.5,84308.92,84263.38,5.4045,4-8,0.51,0.5,84308.78,84312.68,0.89,0.9,0.1,0.11,Up,Up,yes,ui,32,Up,1
1790551200,btc-updown-5m-1790551200,150,2026-09-27T23:22:30.196Z,149.8,153,3.2,84312.81,84263.38,5.8661,4-8,0.51,0.5,84312.81,84321.76,0.94,0.95,0.05,0.06,Up,Up,yes,ui,64,Up,1
1790551200,btc-updown-5m-1790551200,120,2026-09-27T23:23:01.062Z,118.9,123,4.1,84315.48,84263.38,6.183,4-8,0.51,0.5,84315.61,84313.96,0.96,0.97,0.03,0.04,Up,Up,yes,ui,805,Up,1
1790551200,btc-updown-5m-1790551200,90,2026-09-27T23:23:30.173Z,89.8,92,2.2,84318.45,84263.38,6.5355,4-8,0.51,0.5,84318.45,84338.13,0.98,0.99,0.01,0.02,Up,Up,yes,ui,59,Up,1
1790551200,btc-updown-5m-1790551200,75,2026-09-27T23:23:45.313Z,74.7,76,1.3,84324.08,84263.38,7.2036,4-8,0.51,0.5,84324.08,84339.08,0.99,,,0.01,Up,Up,yes,ui,110,Up,1
1790551200,btc-updown-5m-1790551200,60,2026-09-27T23:24:00.390Z,59.6,62,2.4,84329.44,84263.38,7.8397,4-8,0.51,0.5,84329.44,84316.14,0.99,,,0.01,Up,Up,yes,ui,32,Up,1
1790551200,btc-updown-5m-1790551200,45,2026-09-27T23:24:15.470Z,44.5,46,1.5,84328.18,84263.38,7.6902,4-8,0.51,0.5,84328.18,84315.55,0.99,,,0.01,Up,Up,yes,ui,37,Up,1
1790551200,btc-updown-5m-1790551200,30,2026-09-27T23:24:30.582Z,29.4,31,1.6,84325.43,84263.38,7.3638,4-8,0.51,0.5,84325.17,84304.06,0.99,,,0.01,Up,Up,yes,ui,81,Up,1
1790551200,btc-updown-5m-1790551200,15,2026-09-27T23:24:45.177Z,14.8,16,1.1,84317.73,84263.38,6.45,4-8,0.51,0.5,84316.55,84303.39,0.99,,,0.01,Up,Up,yes,ui,33,Up,1
1790551500,btc-updown-5m-1790551500,240,2026-09-27T23:26:00.188Z,239.8,,,84342.43,84313.65,3.4131,2-4,,,84342.43,84356.82,0.82,0.83,0.17,0.18,Up,Up,yes,api_fallback(ui_unavailable),,Up,1
1790551500,btc-updown-5m-1790551500,210,2026-09-27T23:26:30.151Z,209.8,212,2.1,84356.22,84313.65,5.049,4-8,0.5,0.51,84356.78,84368.88,0.88,0.89,0.11,0.12,Up,Up,yes,ui,8,Up,1
1790551500,btc-updown-5m-1790551500,180,2026-09-27T23:27:00.496Z,179.5,183,3.5,84365.8,84313.65,6.1852,4-8,0.92,0.09,84366.21,84380.48,0.95,0.96,0.04,0.05,Up,Up,yes,ui,286,Up,1
1790551500,btc-updown-5m-1790551500,150,2026-09-27T23:27:30.199Z,149.8,153,3.2,84379.53,84313.65,7.8137,4-8,0.96,0.05,84379.96,84382.9,0.96,0.97,0.03,0.04,Up,Up,yes,ui,32,Up,1
1790551500,btc-updown-5m-1790551500,120,2026-09-27T23:28:00.314Z,119.7,125,5.3,84384.31,84313.65,8.3806,8+,0.98,0.03,84384.31,84411.53,0.98,0.99,0.01,0.02,Up,Up,yes,ui,6,Up,1
1790551500,btc-updown-5m-1790551500,90,2026-09-27T23:28:30.438Z,89.6,92,2.4,84400.44,84313.65,10.2937,8+,0.91,0.1,84400.44,84405.59,0.99,,,0.01,Up,Up,yes,ui,61,Up,1
1790551500,btc-updown-5m-1790551500,75,2026-09-27T23:28:45.525Z,74.5,79,4.5,84405.37,84313.65,10.8784,8+,0.93,0.08,84405.37,84382.69,0.99,,,0.01,Up,Up,yes,ui,6,Up,1
1790551500,btc-updown-5m-1790551500,60,2026-09-27T23:29:00.211Z,59.8,61,1.2,84404.36,84313.65,10.7586,8+,0.96,0.05,84404.36,84384.54,0.99,,,0.01,Up,Up,yes,ui,134,Up,1
1790551500,btc-updown-5m-1790551500,45,2026-09-27T23:29:15.282Z,44.7,46,1.2,84396.15,84313.65,9.7849,8+,,0.01,84396.15,84384.02,0.99,,,0.01,Up,Up,yes,ui,12,Up,1
1790551500,btc-updown-5m-1790551500,30,2026-09-27T23:29:30.358Z,29.6,31,1.3,84386.48,84313.65,8.638,8+,,0.001,84386.48,84394.17,0.999,,,0.001,Up,Up,yes,ui,10,Up,1
1790551500,btc-updown-5m-1790551500,15,2026-09-27T23:29:45.427Z,14.6,16,1.4,84385.22,84313.65,8.4885,8+,,0.001,84385.22,84391.67,0.999,,,0.001,Up,Up,yes,ui,4,Up,1
1790551800,btc-updown-5m-1790551800,240,2026-09-27T23:31:00.229Z,239.8,241,1.2,84403.37,84386.75,1.9695,1-2,0.78,0.23,84403.37,84430.55,0.77,0.78,0.22,0.23,Up,Up,yes,ui,96,Up,1
1790551800,btc-updown-5m-1790551800,210,2026-09-27T23:31:30.374Z,209.6,210,0.4,84424.52,84386.75,4.4758,4-8,0.82,0.19,84424.52,84421.48,0.82,0.83,0.17,0.18,Up,Up,yes,ui,58,Up,1
1790551800,btc-updown-5m-1790551800,180,2026-09-27T23:32:00.645Z,179.4,182,2.6,84425.15,84386.75,4.5505,4-8,0.8,0.21,84425.15,84423.68,0.84,0.85,0.15,0.16,Up,Up,yes,ui,213,Up,1
1790551800,btc-updown-5m-1790551800,150,2026-09-27T23:32:30.289Z,149.7,153,3.3,84426.92,84386.75,4.7602,4-8,0.82,0.19,84426.92,84441.03,0.96,0.97,0.03,0.04,Up,Up,yes,ui,62,Up,1
1790551800,btc-updown-5m-1790551800,120,2026-09-27T23:33:00.488Z,119.5,121,1.4,84432.11,84386.75,5.3753,4-8,0.94,0.07,84432.11,84415.98,0.92,0.93,0.07,0.08,Up,Up,yes,ui,9,Up,1
1790551800,btc-updown-5m-1790551800,90,2026-09-27T23:33:30.093Z,89.9,91,1.1,84425.3,84386.75,4.5683,4-8,0.91,0.1,84425.3,84407.27,0.84,0.85,0.15,0.16,Up,Up,yes,ui,49,Up,1
1790551800,btc-updown-5m-1790551800,75,2026-09-27T23:33:45.168Z,74.8,79,4.1,84414.88,84386.75,3.3335,2-4,0.85,0.16,84414.88,84404.07,0.85,0.86,0.14,0.15,Up,Up,yes,ui,20,Up,1
1790551800,btc-updown-5m-1790551800,60,2026-09-27T23:34:00.251Z,59.7,62,2.2,84409.47,84386.75,2.6924,2-4,0.86,0.15,84409.47,84403.59,0.97,0.98,0.02,0.03,Up,Up,yes,ui,22,Up,1
1790551800,btc-updown-5m-1790551800,45,2026-09-27T23:34:15.332Z,44.7,48,3.3,84406.78,84386.75,2.3736,2-4,0.82,0.19,84406.78,84407.91,0.98,0.99,0.01,0.02,Up,Up,yes,ui,51,Up,1
1790551800,btc-updown-5m-1790551800,30,2026-09-27T23:34:30.430Z,29.6,31,1.4,84404.67,84386.75,2.1236,2-4,0.7,0.31,84404.67,84387.27,0.99,,,0.01,Up,Up,yes,ui,35,Up,1
1790551800,btc-updown-5m-1790551800,15,2026-09-27T23:34:45.593Z,14.4,17,2.6,84402.28,84386.75,1.8403,1-2,0.93,0.08,84402.28,84400.42,0.99,,,0.01,Up,Up,yes,ui,128,Up,1
1790552100,btc-updown-5m-1790552100,240,2026-09-27T23:36:08.370Z,231.6,232,0.4,84397.54,84403.58,-0.7154,0.5-1,0.5,0.51,84397.54,84383.73,0.35,0.36,0.64,0.65,Down,Down,yes,api_fallback(ui_incomplete),3726,Down,1
1790552100,btc-updown-5m-1790552100,210,2026-09-27T23:36:30.499Z,209.5,212,2.5,84383.15,84403.58,-2.4205,2-4,0.35,0.66,84383.15,84381.81,0.31,0.32,0.68,0.69,Down,Down,yes,ui,5,Down,1
1790552100,btc-updown-5m-1790552100,180,2026-09-27T23:37:00.101Z,179.9,183,3.1,84381.02,84403.58,-2.6729,2-4,0.41,0.6,84380.46,84369.26,0.17,0.18,0.82,0.83,Down,Down,yes,ui,33,Down,1
1790552100,btc-updown-5m-1790552100,150,2026-09-27T23:37:30.204Z,149.8,151,1.2,84375.55,84403.58,-3.3209,2-4,0.32,0.69,84375.55,84385.77,0.37,0.38,0.62,0.63,Down,Down,yes,ui,31,Down,1
1790552100,btc-updown-5m-1790552100,120,2026-09-27T23:38:00.311Z,119.7,123,3.3,84383.97,84403.58,-2.3234,2-4,0.31,0.7,84383.97,84389.26,0.27,0.28,0.72,0.73,Down,Down,yes,ui,25,Down,1
1790552100,btc-updown-5m-1790552100,90,2026-09-27T23:38:34.219Z,85.8,96,10.2,84393.47,84403.58,-1.1976,1-2,0.18,0.83,84393.47,84388.54,0.21,0.22,0.78,0.79,Down,Down,yes,api_fallback(ui_late),3845,Down,1
1790552100,btc-updown-5m-1790552100,75,2026-09-27T23:38:45.334Z,74.7,80,5.2,84392.54,84403.58,-1.308,1-2,0.17,0.84,84392.54,84387.95,0.17,0.21,0.79,0.82,Down,Down,yes,ui,4,Down,1
1790552100,btc-updown-5m-1790552100,60,2026-09-27T23:39:00.495Z,59.5,67,7.5,84390.96,84403.58,-1.4952,1-2,0.2,0.81,84390.96,84385.25,0.04,0.05,0.95,0.96,Down,Down,yes,api_fallback(ui_late),57,Down,1
1790552100,btc-updown-5m-1790552100,45,2026-09-27T23:39:15.086Z,44.9,51,6.1,84389.75,84403.58,-1.639,1-2,0.25,0.76,84389.75,84388.13,0.02,0.03,0.97,0.98,Down,Down,yes,api_fallback(ui_late),45,Down,1
1790552100,btc-updown-5m-1790552100,30,2026-09-27T23:39:30.171Z,29.8,33,3.1,84387.4,84403.58,-1.917,1-2,0.28,0.73,84387.4,84388.53,,0.01,0.99,,Down,Down,yes,ui,30,Down,1
1790552100,btc-updown-5m-1790552100,15,2026-09-27T23:39:45.243Z,14.8,18,3.2,84388.03,84403.58,-1.8423,1-2,0.2,0.81,84388.03,84392.2,,0.01,0.99,,Down,Down,yes,ui,5,Down,1
1790552400,btc-updown-5m-1790552400,240,2026-09-27T23:41:06.835Z,233.2,270,36.8,84389.19,84389.87,-0.0798,0-0.5,0.51,0.5,84389.19,84371.33,0.28,0.3,0.71,0.72,Down,Down,yes,api_fallback(ui_incomplete),1248,Down,1
1790552400,btc-updown-5m-1790552400,210,2026-09-27T23:41:31.085Z,208.9,234,25.1,84374.47,84389.87,-1.824,1-2,0.51,0.5,84374.47,84351.81,0.13,0.14,0.86,0.87,Down,Down,yes,api_fallback(ui_incomplete),791,Down,1
1790552400,btc-updown-5m-1790552400,180,2026-09-27T23:42:00.196Z,179.8,183,3.2,84356.92,84389.87,-3.9045,2-4,0.16,0.85,84356.92,84346.36,0.1,0.11,0.89,0.9,Down,Down,yes,ui,31,Down,1
1790552400,btc-updown-5m-1790552400,150,2026-09-27T23:42:30.303Z,149.7,154,4.3,84344.19,84389.87,-5.413,4-8,0.09,0.92,84343.79,84325.33,0.03,0.04,0.96,0.97,Down,Down,yes,ui,33,Down,1
1790552400,btc-updown-5m-1790552400,120,2026-09-27T23:43:00.440Z,119.6,123,3.4,84341.39,84389.87,-5.7448,4-8,0.06,0.95,84341.33,84349.09,0.03,0.04,0.96,0.97,Down,Down,yes,ui,76,Down,1
1790552400,btc-updown-5m-1790552400,90,2026-09-27T23:43:30.043Z,90.0,94,4.0,84342.25,84389.87,-5.6429,4-8,0.04,0.97,84342.25,84331.97,0.01,0.02,0.98,0.99,Down,Down,yes,ui,35,Down,1
1790552400,btc-updown-5m-1790552400,75,2026-09-27T23:43:45.164Z,74.8,79,4.2,84341.62,84389.87,-5.7175,4-8,0.05,0.96,84341.24,84334.55,,0.01,0.99,,Down,Down,yes,ui,78,Down,1
1790552400,btc-updown-5m-1790552400,60,2026-09-27T23:44:00.252Z,59.7,63,3.2,84337.13,84389.87,-6.2496,4-8,0.04,0.97,84336.92,84335.84,,0.01,0.99,,Down,Down,yes,ui,27,Down,1
1790552400,btc-updown-5m-1790552400,45,2026-09-27T23:44:15.333Z,44.7,48,3.3,84334.09,84389.87,-6.6098,4-8,0.04,0.97,84334.09,84336.68,,0.01,0.99,,Down,Down,yes,ui,5,Down,1
1790552400,btc-updown-5m-1790552400,30,2026-09-27T23:44:30.517Z,29.5,31,1.5,84335.26,84389.87,-6.4712,4-8,0.05,0.96,84335.35,84332.61,,0.01,0.99,,Down,Down,yes,ui,147,Down,1
1790552400,btc-updown-5m-1790552400,15,2026-09-27T23:44:45.141Z,14.9,16,1.1,84335.35,84389.87,-6.4605,4-8,0.1,0.91,84335.35,84334.33,,0.01,0.99,,Down,Down,yes,ui,92,Down,1
1790552700,btc-updown-5m-1790552700,240,2026-09-27T23:46:00.220Z,239.8,,,84327.98,84333.39,-0.6415,0.5-1,,,84327.98,84321.57,0.36,0.37,0.63,0.64,Down,Down,yes,api_fallback(ui_unavailable),,Up,0
1790552700,btc-updown-5m-1790552700,210,2026-09-27T23:46:30.528Z,209.5,213,3.5,84326.65,84333.39,-0.7992,0.5-1,0.51,0.5,84326.65,84360.57,0.73,0.74,0.26,0.27,Down,Up,no,ui,124,Up,0
1790552700,btc-updown-5m-1790552700,180,2026-09-27T23:47:00.141Z,179.9,184,4.1,84344.24,84333.39,1.2866,1-2,0.51,0.5,84344.24,84362.13,0.73,0.74,0.26,0.27,Up,Up,yes,ui,32,Up,1
1790552700,btc-updown-5m-1790552700,150,2026-09-27T23:47:30.246Z,149.8,153,3.2,84356.04,84333.39,2.6858,2-4,0.51,0.5,84356.04,84336.46,0.52,0.53,0.47,0.48,Up,Up,yes,ui,28,Up,1
1790552700,btc-updown-5m-1790552700,120,2026-09-27T23:48:00.449Z,119.6,126,6.4,84350.77,84333.39,2.0602,2-4,0.51,0.5,84350.77,84386.45,0.96,0.97,0.03,0.04,Up,Up,yes,api_fallback(ui_late),144,Up,1
1790552700,btc-updown-5m-1790552700,90,2026-09-27T23:48:30.055Z,89.9,97,7.0,84372.46,84333.39,4.6321,4-8,0.51,0.5,84372.46,84407.86,0.99,,,0.01,Up,Up,yes,api_fallback(ui_late),28,Up,1
1790552700,btc-updown-5m-1790552700,75,2026-09-27T23:48:45.139Z,74.9,78,3.1,84390.67,84333.39,6.7921,4-8,0.51,0.5,84390.67,84408.72,0.99,,,0.01,Up,Up,yes,ui,31,Up,1
1790552700,btc-updown-5m-1790552700,60,2026-09-27T23:49:00.219Z,59.8,65,5.2,84402.89,84333.39,8.2411,8+,0.51,0.5,84402.89,84420.96,0.99,,,0.01,Up,Up,yes,ui,33,Up,1
1790552700,btc-updown-5m-1790552700,45,2026-09-27T23:49:15.317Z,44.7,46,1.3,84411.95,84333.39,9.3154,8+,0.51,0.5,84411.95,84429.89,0.99,,,0.01,Up,Up,yes,ui,30,Up,1
1790552700,btc-updown-5m-1790552700,30,2026-09-27T23:49:30.434Z,29.6,31,1.4,84419.96,84333.39,10.2652,8+,0.51,0.5,84419.96,84440.78,0.99,,,0.01,Up,Up,yes,ui,43,Up,1
1790552700,btc-updown-5m-1790552700,15,2026-09-27T23:49:45.809Z,14.2,15,0.8,84427.36,84333.39,11.1427,8+,0.51,0.5,84427.76,84434.16,0.99,,,0.01,Up,Up,yes,ui,344,Up,1
1790553000,btc-updown-5m-1790553000,240,2026-09-27T23:51:00.304Z,239.7,,,84440.73,84433.81,0.8188,0.5-1,,,84440.73,84456.68,0.72,0.73,0.27,0.37,Up,Up,yes,api_fallback(ui_unavailable),,Up,1
1790553000,btc-updown-5m-1790553000,210,2026-09-27T23:51:30.554Z,209.4,,,84444.75,84433.81,1.296,1-2,,,84444.75,84448.78,0.7,0.71,0.31,0.32,Up,Up,yes,api_fallback(ui_unavailable),,Up,1
1790553000,btc-updown-5m-1790553000,180,2026-09-27T23:52:00.206Z,179.8,,,84448.84,84433.81,1.7796,1-2,,,84448.84,84460.17,0.8,0.81,0.19,0.2,Up,Up,yes,api_fallback(ui_unavailable),,Up,1
1790553000,btc-updown-5m-1790553000,150,2026-09-27T23:52:30.321Z,149.7,,,84461.17,84433.81,3.2397,2-4,,,84461.17,84471.61,0.92,0.93,0.07,0.08,Up,Up,yes,api_fallback(ui_unavailable),,Up,1
1790553000,btc-updown-5m-1790553000,120,2026-09-27T23:53:00.220Z,119.8,,,84472.62,84433.81,4.5965,4-8,,,84472.62,84478.39,0.96,0.97,0.03,0.04,Up,Up,yes,api_fallback(ui_unavailable),,Up,1
1790553000,btc-updown-5m-1790553000,90,2026-09-27T23:53:30.301Z,89.7,,,84477.7,84433.81,5.1982,4-8,0.99,0.02,84477.7,84478.63,0.98,0.99,0.01,0.02,Up,Up,yes,ui,10,Up,1
1790553000,btc-updown-5m-1790553000,75,2026-09-27T23:53:45.414Z,74.6,,,84477.45,84433.81,5.1685,4-8,0.99,0.02,84477.45,84472.84,0.98,0.99,0.01,0.02,Up,Up,yes,ui,22,Up,1
1790553000,btc-updown-5m-1790553000,60,2026-09-27T23:54:00.493Z,59.5,,,84476.94,84433.81,5.1081,4-8,,0.01,84476.94,84479.53,0.99,,,0.01,Up,Up,yes,ui,35,Up,1
1790553000,btc-updown-5m-1790553000,45,2026-09-27T23:54:15.092Z,44.9,45,0.1,84475.27,84433.81,4.9104,4-8,,0.01,84475.27,84459.3,0.99,,,0.01,Up,Up,yes,ui,11,Up,1
1790553000,btc-updown-5m-1790553000,30,2026-09-27T23:54:30.171Z,29.8,30,0.2,84471.4,84433.81,4.452,4-8,,0.01,84471.4,84461.75,0.99,,,0.01,Up,Up,yes,ui,47,Up,1
1790553000,btc-updown-5m-1790553000,15,2026-09-27T23:54:45.267Z,14.7,15,0.2,84468.13,84433.81,4.0647,4-8,,0.01,84468.13,84468.36,0.99,,,0.01,Up,Up,yes,ui,26,Up,1
1790553300,btc-updown-5m-1790553300,240,2026-09-27T23:56:00.298Z,239.7,240,0.2,84474.7,84466.72,0.9448,0.5-1,0.65,0.36,84474.7,84473.88,0.63,0.64,0.36,0.37,Up,Up,yes,ui,6,Down,0
1790553300,btc-updown-5m-1790553300,210,2026-09-27T23:56:30.391Z,209.6,210,0.4,84478.94,84466.72,1.4467,1-2,0.86,0.15,84478.94,84500.22,0.85,0.86,0.14,0.15,Up,Up,yes,ui,10,Down,0
1790553300,btc-updown-5m-1790553300,180,2026-09-27T23:57:00.562Z,179.4,180,0.5,84491.7,84466.72,2.9574,2-4,0.88,0.13,84491.7,84499.28,0.87,0.88,0.12,0.13,Up,Up,yes,ui,61,Down,0
1790553300,btc-updown-5m-1790553300,150,2026-09-27T23:57:30.228Z,149.8,150,0.2,84502.81,84466.72,4.2727,4-8,0.96,0.05,84502.81,84513.43,0.95,0.96,0.04,0.05,Up,Up,yes,ui,47,Down,0
1790553300,btc-updown-5m-1790553300,120,2026-09-27T23:58:00.458Z,119.5,120,0.5,84509.51,84466.72,5.0659,4-8,0.95,0.06,84509.51,84509.58,0.96,0.97,0.03,0.04,Up,Up,yes,ui,65,Down,0
1790553300,btc-updown-5m-1790553300,90,2026-09-27T23:58:30.573Z,89.4,90,0.6,84495.38,84466.72,3.3931,2-4,0.34,0.67,84495.38,84449.56,0.38,0.42,0.58,0.62,Up,Down,no,ui,75,Down,0
1790553300,btc-updown-5m-1790553300,75,2026-09-27T23:58:45.179Z,74.8,76,1.2,84480.81,84466.72,1.6681,1-2,0.42,0.59,84480.81,84453.08,0.41,0.42,0.58,0.59,Up,Down,no,ui,77,Down,0
1790553300,btc-updown-5m-1790553300,60,2026-09-27T23:59:00.254Z,59.7,60,0.2,84464.66,84466.72,-0.2439,0-0.5,0.08,0.93,84464.66,84445.5,0.07,0.08,0.92,0.93,Down,Down,yes,ui,43,Down,1
1790553300,btc-updown-5m-1790553300,45,2026-09-27T23:59:15.323Z,44.7,45,0.3,84448.74,84466.72,-2.1286,2-4,0.01,,84448.74,84435.76,,0.01,0.99,,Down,Down,yes,ui,5,Down,1
1790553300,btc-updown-5m-1790553300,30,2026-09-27T23:59:30.388Z,29.6,30,0.4,84445.41,84466.72,-2.5229,2-4,0.01,,84445.24,84439.22,,0.01,0.99,,Down,Down,yes,ui,4,Down,1
1790553300,btc-updown-5m-1790553300,15,2026-09-27T23:59:45.469Z,14.5,15,0.4,84442.25,84466.72,-2.897,2-4,0.01,,84441.96,84437.44,,0.01,0.99,,Down,Down,yes,ui,4,Down,1
1790553600,btc-updown-5m-1790553600,240,2026-09-28T00:01:00.323Z,239.7,240,0.3,84444.24,84438.79,0.6454,0.5-1,0.59,0.42,84444.24,84455.71,0.58,0.59,0.41,0.42,Up,Up,yes,ui,52,Up,1
1790553600,btc-updown-5m-1790553600,210,2026-09-28T00:01:30.452Z,209.5,210,0.4,84445.72,84438.79,0.8207,0.5-1,0.69,0.32,84445.72,84454.02,0.68,0.69,0.31,0.32,Up,Up,yes,ui,32,Up,1
1790553600,btc-updown-5m-1790553600,180,2026-09-28T00:02:00.068Z,179.9,181,1.0,84466.07,84438.79,3.2307,2-4,0.94,0.07,84466.07,84513.94,0.93,0.94,0.06,0.07,Up,Up,yes,ui,11,Up,1
1790553600,btc-updown-5m-1790553600,150,2026-09-28T00:02:30.194Z,149.8,150,0.2,84502.72,84438.79,7.5712,4-8,0.97,0.04,84502.72,84523.86,0.96,0.97,0.03,0.04,Up,Up,yes,ui,10,Up,1
1790553600,btc-updown-5m-1790553600,120,2026-09-28T00:03:00.334Z,119.7,120,0.3,84523.22,84438.79,9.999,8+,0.99,0.02,84523.22,84520.98,0.98,0.99,0.01,0.02,Up,Up,yes,ui,5,Up,1
1790553600,btc-updown-5m-1790553600,90,2026-09-28T00:03:30.445Z,89.6,90,0.4,84522.21,84438.79,9.8793,8+,,0.01,84522.21,84518.51,0.99,,,0.01,Up,Up,yes,ui,6,Up,1
1790553600,btc-updown-5m-1790553600,75,2026-09-28T00:03:45.518Z,74.5,75,0.5,84523.77,84438.79,10.0641,8+,,0.01,84523.95,84535.6,0.99,,,0.01,Up,Up,yes,ui,11,Up,1
1790553600,btc-updown-5m-1790553600,60,2026-09-28T00:04:00.097Z,59.9,60,0.1,84527.21,84438.79,10.4715,8+,,0.001,84527.21,84544.34,0.999,,,0.001,Up,Up,yes,ui,15,Up,1
1790553600,btc-updown-5m-1790553600,45,2026-09-28T00:04:15.169Z,44.8,45,0.1,84532.26,84438.79,11.0696,8+,,0.001,84532.26,84545.21,0.999,,,0.001,Up,Up,yes,ui,13,Up,1
1790553600,btc-updown-5m-1790553600,30,2026-09-28T00:04:30.261Z,29.7,30,0.2,84537.44,84438.79,11.683,8+,,0.001,84537.44,84545.28,0.999,,,0.001,Up,Up,yes,ui,14,Up,1
1790553600,btc-updown-5m-1790553600,15,2026-09-28T00:04:45.338Z,14.7,15,0.3,84542.23,84438.79,12.2503,8+,,0.001,84542.23,84537.4,0.999,,,0.001,Up,Up,yes,ui,5,Up,1
1790553900,btc-updown-5m-1790553900,240,2026-09-28T00:06:00.146Z,239.9,241,1.1,84523.83,84541.33,-2.07,2-4,0.29,0.72,84523.83,84502.82,0.28,0.29,0.71,0.72,Down,Down,yes,ui,65,Down,1
1790553900,btc-updown-5m-1790553900,210,2026-09-28T00:06:30.249Z,209.8,210,0.2,84513.5,84541.33,-3.2919,2-4,0.27,0.74,84513.5,84510.74,0.26,0.27,0.73,0.74,Down,Down,yes,ui,5,Down,1
1790553900,btc-updown-5m-1790553900,180,2026-09-28T00:07:00.355Z,179.6,180,0.4,84511.7,84541.33,-3.5048,2-4,0.32,0.69,84511.7,84519.1,0.31,0.32,0.68,0.69,Down,Down,yes,ui,49,Down,1
1790553900,btc-updown-5m-1790553900,150,2026-09-28T00:07:30.447Z,149.6,150,0.4,84511.38,84541.33,-3.5426,2-4,0.06,0.95,84511.38,84487.99,0.05,0.06,0.94,0.95,Down,Down,yes,ui,6,Down,1
1790553900,btc-updown-5m-1790553900,120,2026-09-28T00:08:00.089Z,119.9,121,1.0,84485.08,84541.33,-6.6536,4-8,0.01,,84486.36,84448.45,,0.01,0.99,,Down,Down,yes,ui,19,Down,1
1790553900,btc-updown-5m-1790553900,90,2026-09-28T00:08:30.206Z,89.8,90,0.2,84455.12,84541.33,-10.1974,8+,0.01,,84455.12,84434.09,,0.01,0.99,,Down,Down,yes,ui,14,Down,1
1790553900,btc-updown-5m-1790553900,75,2026-09-28T00:08:45.297Z,74.7,75,0.3,84443.69,84541.33,-11.5494,8+,0.01,,84443.69,84416.58,,0.01,0.99,,Down,Down,yes,ui,27,Down,1
1790553900,btc-updown-5m-1790553900,60,2026-09-28T00:09:00.375Z,59.6,60,0.3,84435.33,84541.33,-12.5382,8+,0.01,,84435.33,84405.01,,0.01,0.99,,Down,Down,yes,ui,11,Down,1
1790553900,btc-updown-5m-1790553900,45,2026-09-28T00:09:15.462Z,44.5,45,0.4,84423.01,84541.33,-13.9955,8+,0.01,,84423.01,84395.74,,0.01,0.99,,Down,Down,yes,ui,20,Down,1
1790553900,btc-updown-5m-1790553900,30,2026-09-28T00:09:30.539Z,29.5,30,0.5,84408.54,84541.33,-15.7071,8+,0.001,,84407.31,84360.35,,0.001,0.999,,Down,Down,yes,ui,5,Down,1
1790553900,btc-updown-5m-1790553900,15,2026-09-28T00:09:45.118Z,14.9,16,1.1,84390.71,84541.33,-17.8161,8+,0.001,,84389.63,84365.21,,0.001,0.999,,Down,Down,yes,ui,19,Down,1
1790554200,btc-updown-5m-1790554200,240,2026-09-28T00:11:00.261Z,239.7,240,0.3,84382.46,84378.48,0.4717,0-0.5,0.36,0.65,84382.46,84358.34,0.36,0.37,0.63,0.64,Up,Down,no,ui,40,Up,1
1790554200,btc-updown-5m-1790554200,210,2026-09-28T00:11:30.358Z,209.6,210,0.3,84368.98,84378.48,-1.1259,1-2,0.4,0.61,84368.98,84367.31,0.39,0.4,0.6,0.61,Down,Down,yes,ui,27,Up,0
1790554200,btc-updown-5m-1790554200,180,2026-09-28T00:12:00.452Z,179.5,180,0.4,84368.39,84378.48,-1.1958,1-2,0.31,0.7,84368.39,84359.54,0.3,0.31,0.69,0.7,Down,Down,yes,ui,6,Up,0
1790554200,btc-updown-5m-1790554200,150,2026-09-28T00:12:30.067Z,149.9,151,1.0,84368.84,84378.48,-1.1425,1-2,0.24,0.77,84368.84,84357.98,0.23,0.24,0.76,0.77,Down,Down,yes,ui,30,Up,0
1790554200,btc-updown-5m-1790554200,120,2026-09-28T00:13:00.181Z,119.8,120,0.1,84360.47,84378.48,-2.1344,2-4,0.51,0.5,84360.47,84364.45,0.48,0.49,0.51,0.52,Down,Down,yes,ui,25,Up,0
1790554200,btc-updown-5m-1790554200,90,2026-09-28T00:13:30.291Z,89.7,90,0.2,84366.8,84378.48,-1.3842,1-2,0.37,0.64,84366.96,84372.95,0.36,0.37,0.63,0.64,Down,Down,yes,ui,20,Up,0
1790554200,btc-updown-5m-1790554200,75,2026-09-28T00:13:45.354Z,74.6,75,0.4,84371.32,84378.48,-0.8486,0.5-1,0.28,0.73,84371.32,84374.67,0.27,0.28,0.72,0.73,Down,Down,yes,ui,43,Up,0
1790554200,btc-updown-5m-1790554200,60,2026-09-28T00:14:00.444Z,59.6,60,0.4,84375.18,84378.48,-0.3911,0-0.5,0.3,0.71,84375.18,84373.55,0.28,0.29,0.71,0.72,Down,Down,yes,ui,14,Up,0
1790554200,btc-updown-5m-1790554200,45,2026-09-28T00:14:15.541Z,44.5,45,0.5,84376.65,84378.48,-0.2169,0-0.5,0.98,0.03,84376.8,84391.19,0.97,0.98,0.02,0.03,Down,Up,no,ui,70,Up,0
1790554200,btc-updown-5m-1790554200,30,2026-09-28T00:14:30.145Z,29.9,30,0.1,84382.96,84378.48,0.5309,0.5-1,,0.01,84382.96,84410.26,0.99,,,0.01,Up,Up,yes,ui,14,Up,1
1790554200,btc-updown-5m-1790554200,15,2026-09-28T00:14:45.232Z,14.8,15,0.2,84392.33,84378.48,1.6414,1-2,,0.01,84392.33,84413.73,0.99,,,0.01,Up,Up,yes,ui,4,Up,1
1790554500,btc-updown-5m-1790554500,240,2026-09-28T00:16:00.338Z,239.7,240,0.3,84414.19,84402.86,1.3424,1-2,0.73,0.28,84414.19,84415.85,0.72,0.73,0.27,0.28,Up,Up,yes,ui,26,Up,1
1790554500,btc-updown-5m-1790554500,210,2026-09-28T00:16:30.462Z,209.5,210,0.4,84431.48,84402.86,3.3909,2-4,0.92,0.09,84432.42,84472.45,0.91,0.92,0.08,0.09,Up,Up,yes,ui,8,Up,1
1790554500,btc-updown-5m-1790554500,180,2026-09-28T00:17:00.123Z,179.9,181,1.0,84431.48,84402.86,3.3909,2-4,0.94,0.07,84464.19,84486.47,0.93,0.94,0.06,0.07,Up,Up,yes,ui,9,Up,1
1790554500,btc-updown-5m-1790554500,150,2026-09-28T00:17:30.222Z,149.8,150,0.2,84431.48,84402.86,3.3909,2-4,0.97,0.04,84479.85,84485.14,0.96,0.97,0.03,0.04,Up,Up,yes,ui,8,Up,1
1790554500,btc-updown-5m-1790554500,120,2026-09-28T00:18:00.322Z,119.7,120,0.3,84431.48,84402.86,3.3909,2-4,0.99,0.02,84483.61,84485.66,0.98,0.99,0.01,0.02,Up,Up,yes,ui,10,Up,1
1790554500,btc-updown-5m-1790554500,90,2026-09-28T00:18:30.427Z,89.6,90,0.4,84431.48,84402.86,3.3909,2-4,,0.01,84486.28,84494.03,0.99,,,0.01,Up,Up,yes,ui,5,Up,1
1790554500,btc-updown-5m-1790554500,75,2026-09-28T00:18:45.516Z,74.5,75,0.5,84431.48,84402.86,3.3909,2-4,,0.01,84491.81,84532.94,0.99,,,0.01,Up,Up,yes,ui,5,Up,1
1790554500,btc-updown-5m-1790554500,60,2026-09-28T00:19:00.093Z,59.9,61,1.1,84431.48,84402.86,3.3909,2-4,,0.01,84503.04,84535.66,0.99,,,0.01,Up,Up,yes,ui,11,Up,1
1790554500,btc-updown-5m-1790554500,45,2026-09-28T00:19:15.165Z,44.8,45,0.1,84431.48,84402.86,3.3909,2-4,,0.01,84516.25,84560.9,0.99,,,0.01,Up,Up,yes,ui,6,Up,1
1790554500,btc-updown-5m-1790554500,30,2026-09-28T00:19:30.241Z,29.8,30,0.2,84431.48,84402.86,3.3909,2-4,,0.01,84536.35,84554.27,0.99,,,0.01,Up,Up,yes,ui,8,Up,1
1790554500,btc-updown-5m-1790554500,15,2026-09-28T00:19:45.311Z,14.7,15,0.3,84431.48,84402.86,3.3909,2-4,,0.01,84551.17,84622.18,0.99,,,0.01,Up,Up,yes,ui,5,Up,1
1790554800,btc-updown-5m-1790554800,240,2026-09-28T00:21:00.500Z,239.5,240,0.4,84715.41,84568.63,17.3563,8+,0.98,0.03,84715.41,84785.73,0.97,0.98,0.02,0.03,Up,Up,yes,ui,5,Up,1
1790554800,btc-updown-5m-1790554800,210,2026-09-28T00:21:30.140Z,209.9,210,0.1,84796.5,84568.63,26.945,8+,0.99,0.02,84796.5,84932.9,0.98,0.99,0.01,0.02,Up,Up,yes,ui,51,Up,1
1790554800,btc-updown-5m-1790554800,180,2026-09-28T00:22:00.254Z,179.7,180,0.2,84912.91,84568.63,40.7101,8+,,0.01,84915.9,84954.56,0.99,,,0.01,Up,Up,yes,ui,11,Up,1
1790554800,btc-updown-5m-1790554800,150,2026-09-28T00:22:30.353Z,149.6,150,0.3,84953.86,84568.63,45.5524,8+,,0.01,84953.86,84946.63,0.99,,,0.01,Up,Up,yes,ui,6,Up,1
1790554800,btc-updown-5m-1790554800,120,2026-09-28T00:23:00.456Z,119.5,120,0.4,84932.66,84568.63,43.0455,8+,,0.01,84932.66,84880.42,0.99,,,0.01,Up,Up,yes,ui,12,Up,1
1790554800,btc-updown-5m-1790554800,90,2026-09-28T00:23:30.077Z,89.9,90,0.0,84907.55,84568.63,40.0763,8+,,0.001,84907.55,84883.09,0.999,,,0.001,Up,Up,yes,ui,17,Up,1
1790554800,btc-updown-5m-1790554800,75,2026-09-28T00:23:45.149Z,74.9,75,0.1,84896.9,84568.63,38.817,8+,,0.001,84896.9,84890.98,0.999,,,0.001,Up,Up,yes,ui,6,Up,1
1790554800,btc-updown-5m-1790554800,60,2026-09-28T00:24:00.225Z,59.8,60,0.2,84895.64,84568.63,38.668,8+,,0.001,84895.64,84886.82,0.999,,,0.001,Up,Up,yes,ui,13,Up,1
1790554800,btc-updown-5m-1790554800,45,2026-09-28T00:24:15.325Z,44.7,45,0.3,84895.55,84568.63,38.6574,8+,,0.001,84895.55,84875.7,0.999,,,0.001,Up,Up,yes,ui,8,Up,1
1790554800,btc-updown-5m-1790554800,30,2026-09-28T00:24:30.393Z,29.6,30,0.4,84887.44,84568.63,37.6984,8+,,0.001,84887.44,84879.18,0.999,,,0.001,Up,Up,yes,ui,13,Up,1
1790554800,btc-updown-5m-1790554800,15,2026-09-28T00:24:45.475Z,14.5,15,0.4,84881.88,84568.63,37.0409,8+,,0.001,84881.88,84884.54,0.999,,,0.001,Up,Up,yes,ui,5,Up,1
1790555100,btc-updown-5m-1790555100,240,2026-09-28T00:26:00.333Z,239.7,240,0.3,84819.09,84878.51,-7.0006,4-8,0.36,0.65,84819.09,84853.16,0.35,0.36,0.64,0.65,Down,Down,yes,ui,60,Down,1
1790555100,btc-updown-5m-1790555100,210,2026-09-28T00:26:30.451Z,209.5,210,0.4,84848.77,84878.51,-3.5038,2-4,0.38,0.63,84848.77,84877.6,0.37,0.38,0.62,0.63,Down,Down,yes,ui,26,Down,1
1790555100,btc-updown-5m-1790555100,180,2026-09-28T00:27:00.059Z,179.9,181,1.0,84869.43,84878.51,-1.0698,1-2,0.16,0.85,84869.43,84833.74,0.14,0.15,0.85,0.86,Down,Down,yes,ui,28,Down,1
1790555100,btc-updown-5m-1790555100,150,2026-09-28T00:27:30.164Z,149.8,150,0.1,84843.32,84878.51,-4.1459,4-8,0.05,0.96,84843.32,84792.36,0.04,0.05,0.95,0.96,Down,Down,yes,ui,22,Down,1
1790555100,btc-updown-5m-1790555100,120,2026-09-28T00:28:00.279Z,119.7,120,0.3,84804.13,84878.51,-8.7631,8+,0.02,0.99,84804.13,84749.57,0.01,0.02,0.98,0.99,Down,Down,yes,ui,32,Down,1
1790555100,btc-updown-5m-1790555100,90,2026-09-28T00:28:30.387Z,89.6,90,0.4,84744.13,84878.51,-15.832,8+,0.01,,84744.13,84674.6,,0.01,0.99,,Down,Down,yes,ui,26,Down,1
1790555100,btc-updown-5m-1790555100,75,2026-09-28T00:28:45.473Z,74.5,75,0.4,84717.08,84878.51,-19.0189,8+,0.01,,84717.08,84720.05,,0.01,0.99,,Down,Down,yes,ui,16,Down,1
1790555100,btc-updown-5m-1790555100,60,2026-09-28T00:29:00.061Z,59.9,61,1.0,84704.88,84878.51,-20.4563,8+,0.001,,84704.88,84745.86,,0.001,0.999,,Down,Down,yes,ui,20,Down,1
1790555100,btc-updown-5m-1790555100,45,2026-09-28T00:29:15.136Z,44.9,46,1.1,84713.95,84878.51,-19.3877,8+,0.001,,84713.95,84771.67,,0.001,0.999,,Down,Down,yes,ui,13,Down,1
1790555100,btc-updown-5m-1790555100,30,2026-09-28T00:29:30.209Z,29.8,30,0.2,84736.85,84878.51,-16.6897,8+,0.001,,84736.85,84770.09,,0.001,0.999,,Down,Down,yes,ui,7,Down,1
1790555100,btc-updown-5m-1790555100,15,2026-09-28T00:29:45.292Z,14.7,15,0.3,84758.85,84878.51,-14.0978,8+,0.001,,84758.85,84773.95,,0.001,0.999,,Down,Down,yes,ui,17,Down,1
1790555400,btc-updown-5m-1790555400,240,2026-09-28T00:31:00.286Z,239.7,240,0.2,84731.94,84769.11,-4.3849,4-8,0.34,0.67,84731.94,84729.01,0.33,0.34,0.66,0.67,Down,Down,yes,ui,12,Down,1
1790555400,btc-updown-5m-1790555400,210,2026-09-28T00:31:30.460Z,209.5,210,0.4,84683.1,84769.11,-10.1464,8+,0.12,0.89,84683.1,84606.46,0.1,0.11,0.89,0.9,Down,Down,yes,ui,50,Down,1
1790555400,btc-updown-5m-1790555400,180,2026-09-28T00:32:00.125Z,179.9,181,1.1,84626.68,84769.11,-16.8021,8+,0.04,0.97,84626.68,84597.5,0.03,0.04,0.96,0.97,Down,Down,yes,ui,112,Down,1
1790555400,btc-updown-5m-1790555400,150,2026-09-28T00:32:30.230Z,149.8,150,0.2,84580.74,84769.11,-22.2215,8+,0.01,,84580.74,84524.18,,0.01,0.99,,Down,Down,yes,ui,8,Down,1
1790555400,btc-updown-5m-1790555400,120,2026-09-28T00:33:00.346Z,119.7,120,0.3,84505.18,84769.11,-31.1352,8+,0.01,,84508.23,84428.02,,0.01,0.99,,Down,Down,yes,ui,17,Down,1
1790555400,btc-updown-5m-1790555400,90,2026-09-28T00:33:30.454Z,89.5,90,0.4,84436.27,84769.11,-39.2643,8+,0.01,,84436.27,84422.48,,0.01,0.99,,Down,Down,yes,ui,5,Down,1
1790555400,btc-updown-5m-1790555400,75,2026-09-28T00:33:45.528Z,74.5,75,0.5,84417.44,84769.11,-41.4856,8+,0.01,,84417.44,84371.62,,0.01,0.99,,Down,Down,yes,ui,13,Down,1
1790555400,btc-updown-5m-1790555400,60,2026-09-28T00:34:00.125Z,59.9,60,0.1,84398.31,84769.11,-43.7423,8+,0.01,,84398.31,84325.32,,0.01,0.99,,Down,Down,yes,ui,17,Down,1
1790555400,btc-updown-5m-1790555400,45,2026-09-28T00:34:15.205Z,44.8,45,0.2,84375.26,84769.11,-46.4615,8+,0.01,,84375.26,84298.42,,0.01,0.99,,Down,Down,yes,ui,6,Down,1
1790555400,btc-updown-5m-1790555400,30,2026-09-28T00:34:30.421Z,29.6,30,0.4,84350.84,84769.11,-49.3423,8+,0.01,,84350.84,84329.92,,0.01,0.99,,Down,Down,yes,ui,17,Down,1
1790555400,btc-updown-5m-1790555400,15,2026-09-28T00:34:45.499Z,14.5,15,0.5,84335.6,84769.11,-51.1401,8+,0.001,,84335.6,84388.73,,0.001,0.999,,Down,Down,yes,ui,5,Down,1
1790555700,btc-updown-5m-1790555700,240,2026-09-28T00:36:00.531Z,239.5,240,0.5,84278.63,84342.51,-7.5739,4-8,0.22,0.79,84278.63,84233.04,0.22,0.23,0.77,0.78,Down,Down,yes,ui,7,Down,1
1790555700,btc-updown-5m-1790555700,210,2026-09-28T00:36:30.150Z,209.8,210,0.1,84236.5,84342.51,-12.569,8+,0.33,0.71,84236.5,84268.02,0.28,0.29,0.71,0.72,Down,Down,yes,ui,76,Down,1
1790555700,btc-updown-5m-1790555700,180,2026-09-28T00:37:00.273Z,179.7,180,0.2,84244.22,84342.51,-11.6537,8+,0.11,0.9,84244.22,84210.34,0.1,0.11,0.89,0.9,Down,Down,yes,ui,11,Down,1
1790555700,btc-updown-5m-1790555700,150,2026-09-28T00:37:30.419Z,149.6,150,0.4,84228.09,84342.51,-13.5661,8+,0.1,0.91,84228.09,84216.81,0.09,0.1,0.9,0.91,Down,Down,yes,ui,47,Down,1
1790555700,btc-updown-5m-1790555700,120,2026-09-28T00:38:00.532Z,119.5,120,0.5,84226.88,84342.51,-13.7096,8+,0.08,0.93,84227.49,84245.3,0.07,0.08,0.92,0.93,Down,Down,yes,ui,13,Down,1
1790555700,btc-updown-5m-1790555700,90,2026-09-28T00:38:30.145Z,89.9,90,0.1,84255.3,84342.51,-10.34,8+,0.17,0.84,84255.3,84295.19,0.16,0.17,0.83,0.84,Down,Down,yes,ui,6,Down,1
1790555700,btc-updown-5m-1790555700,75,2026-09-28T00:38:45.252Z,74.7,75,0.2,84270.63,84342.51,-8.5224,8+,0.07,0.94,84270.63,84284.01,0.08,0.09,0.91,0.92,Down,Down,yes,ui,33,Down,1
1790555700,btc-updown-5m-1790555700,60,2026-09-28T00:39:00.332Z,59.7,60,0.3,84278.03,84342.51,-7.645,4-8,0.05,0.96,84278.03,84300.24,0.04,0.05,0.95,0.96,Down,Down,yes,ui,41,Down,1
1790555700,btc-updown-5m-1790555700,45,2026-09-28T00:39:15.405Z,44.6,45,0.4,84287.24,84342.51,-6.553,4-8,0.01,,84287.24,84271.08,,0.01,0.99,,Down,Down,yes,ui,5,Down,1
1790555700,btc-updown-5m-1790555700,30,2026-09-28T00:39:30.491Z,29.5,30,0.4,84287.28,84342.51,-6.5483,4-8,0.01,,84287.28,84295.02,,0.01,0.99,,Down,Down,yes,ui,11,Down,1
1790555700,btc-updown-5m-1790555700,15,2026-09-28T00:39:45.065Z,14.9,15,0.0,84287.2,84342.51,-6.5578,4-8,0.01,,84287.2,84289.88,,0.01,0.99,,Down,Down,yes,ui,11,Down,1
1790556000,btc-updown-5m-1790556000,240,2026-09-28T00:41:00.371Z,239.6,240,0.3,84202.59,84279.63,-9.141,8+,0.27,0.74,84202.59,84212.07,0.26,0.27,0.73,0.74,Down,Down,yes,ui,7,Down,1
1790556000,btc-updown-5m-1790556000,210,2026-09-28T00:41:30.471Z,209.5,210,0.4,84206.93,84279.63,-8.626,8+,0.2,0.81,84206.93,84211.3,0.2,0.21,0.79,0.8,Down,Down,yes,ui,10,Down,1
1790556000,btc-updown-5m-1790556000,180,2026-09-28T00:42:00.066Z,179.9,181,1.0,84212.5,84279.63,-7.9652,4-8,0.33,0.68,84212.5,84230.59,0.32,0.33,0.67,0.68,Down,Down,yes,ui,7,Down,1
1790556000,btc-updown-5m-1790556000,150,2026-09-28T00:42:30.370Z,149.6,151,1.1,84222.1,84279.63,-6.8261,4-8,0.3,0.71,84222.1,84239.31,0.29,0.3,0.7,0.71,Down,Down,yes,ui,35,Down,1
1790556000,btc-updown-5m-1790556000,120,2026-09-28T00:43:00.487Z,119.5,120,0.4,84240.17,84279.63,-4.682,4-8,0.25,0.76,84240.17,84237.51,0.24,0.25,0.75,0.76,Down,Down,yes,ui,22,Down,1
1790556000,btc-updown-5m-1790556000,90,2026-09-28T00:43:30.134Z,89.9,91,1.1,84252.96,84279.63,-3.1645,2-4,0.39,0.62,84252.96,84267.94,0.4,0.41,0.59,0.6,Down,Down,yes,ui,22,Down,1
1790556000,btc-updown-5m-1790556000,75,2026-09-28T00:43:45.270Z,74.7,75,0.2,84257.46,84279.63,-2.6305,2-4,0.33,0.68,84257.46,84263.54,0.32,0.33,0.67,0.68,Down,Down,yes,ui,44,Down,1
1790556000,btc-updown-5m-1790556000,60,2026-09-28T00:44:00.402Z,59.6,60,0.4,84259.4,84279.63,-2.4003,2-4,0.07,0.94,84259.4,84244.01,0.05,0.06,0.94,0.95,Down,Down,yes,ui,74,Down,1
1790556000,btc-updown-5m-1790556000,45,2026-09-28T00:44:15.480Z,44.5,45,0.5,84261.22,84279.63,-2.1844,2-4,0.05,0.96,84261.12,84258.97,0.04,0.05,0.95,0.96,Down,Down,yes,ui,56,Down,1
1790556000,btc-updown-5m-1790556000,30,2026-09-28T00:44:30.057Z,29.9,31,1.0,84258.32,84279.63,-2.5285,2-4,0.01,,84258.32,84253.67,,0.01,0.99,,Down,Down,yes,ui,41,Down,1
1790556000,btc-updown-5m-1790556000,15,2026-09-28T00:44:45.131Z,14.9,16,1.1,84255.71,84279.63,-2.8382,2-4,0.01,,84255.71,84283.13,,0.01,0.99,,Down,Down,yes,ui,15,Down,1
1790556300,btc-updown-5m-1790556300,240,2026-09-28T00:46:00.284Z,239.7,240,0.2,84327.37,84265.18,7.3803,4-8,0.87,0.14,84327.37,84347.57,0.86,0.87,0.13,0.14,Up,Up,yes,ui,6,Up,1
1790556300,btc-updown-5m-1790556300,210,2026-09-28T00:46:30.377Z,209.6,210,0.4,84354.61,84265.18,10.6129,8+,0.96,0.05,84354.61,84392.03,0.95,0.96,0.04,0.05,Up,Up,yes,ui,38,Up,1
1790556300,btc-updown-5m-1790556300,180,2026-09-28T00:47:00.489Z,179.5,180,0.5,84380.44,84265.18,13.6782,8+,0.97,0.04,84380.44,84394.66,0.96,0.97,0.03,0.04,Up,Up,yes,ui,17,Up,1
1790556300,btc-updown-5m-1790556300,150,2026-09-28T00:47:30.117Z,149.9,150,0.1,84402.06,84265.18,16.244,8+,0.99,0.02,84402.06,84404.95,0.98,0.99,0.01,0.02,Up,Up,yes,ui,73,Up,1
1790556300,btc-updown-5m-1790556300,120,2026-09-28T00:48:00.259Z,119.7,120,0.2,84417.26,84265.18,18.0478,8+,,0.01,84417.26,84445.81,0.99,,,0.01,Up,Up,yes,ui,7,Up,1
1790556300,btc-updown-5m-1790556300,90,2026-09-28T00:48:30.371Z,89.6,90,0.4,84442.95,84265.18,21.0965,8+,,0.01,84442.95,84472.27,0.99,,,0.01,Up,Up,yes,ui,60,Up,1
1790556300,btc-updown-5m-1790556300,75,2026-09-28T00:48:45.461Z,74.5,75,0.4,84456.11,84265.18,22.6582,8+,,0.01,84456.11,84473.64,0.99,,,0.01,Up,Up,yes,ui,19,Up,1
1790556300,btc-updown-5m-1790556300,60,2026-09-28T00:49:00.530Z,59.5,88,28.5,84464.16,84265.18,23.6131,8+,,0.01,84464.16,84481.47,0.99,,,0.01,Up,Up,yes,api_fallback(ui_late),4,Up,1
1790556300,btc-updown-5m-1790556300,45,2026-09-28T00:49:15.130Z,44.9,45,0.1,84472.58,84265.18,24.6128,8+,,0.01,84472.58,84505.19,0.99,,,0.01,Up,Up,yes,ui,14,Up,1
1790556300,btc-updown-5m-1790556300,30,2026-09-28T00:49:30.230Z,29.8,30,0.2,84483.14,84265.18,25.866,8+,,0.001,84483.14,84509.2,0.999,,,0.001,Up,Up,yes,ui,7,Up,1
1790556300,btc-updown-5m-1790556300,15,2026-09-28T00:49:45.309Z,14.7,15,0.3,84493.99,84265.18,27.1536,8+,,0.001,84493.99,84507.18,0.999,,,0.001,Up,Up,yes,ui,10,Up,1
1790556600,btc-updown-5m-1790556600,240,2026-09-28T00:51:00.378Z,239.6,240,0.4,84506.58,84500.67,0.6994,0.5-1,0.62,0.39,84506.58,84547.25,0.61,0.62,0.38,0.39,Up,Up,yes,ui,35,Down,0
1790556600,btc-updown-5m-1790556600,210,2026-09-28T00:51:30.461Z,209.5,210,0.4,84538.36,84500.67,4.4603,4-8,0.86,0.15,84538.36,84593.15,0.85,0.86,0.14,0.15,Up,Up,yes,ui,20,Down,0
1790556600,btc-updown-5m-1790556600,180,2026-09-28T00:52:00.560Z,179.4,180,0.5,84577.58,84500.67,9.1017,8+,0.9,0.11,84577.58,84594.81,0.89,0.9,0.1,0.11,Up,Up,yes,ui,22,Down,0
1790556600,btc-updown-5m-1790556600,150,2026-09-28T00:52:30.181Z,149.8,150,0.1,84591.03,84500.67,10.6934,8+,0.91,0.1,84591.03,84580.66,0.9,0.91,0.09,0.1,Up,Up,yes,ui,15,Down,0
1790556600,btc-updown-5m-1790556600,120,2026-09-28T00:53:00.282Z,119.7,120,0.2,84562.63,84500.67,7.3325,4-8,0.4,0.61,84562.63,84497.07,0.39,0.4,0.6,0.61,Up,Down,no,ui,13,Down,0
1790556600,btc-updown-5m-1790556600,90,2026-09-28T00:53:30.381Z,89.6,90,0.4,84505.93,84500.67,0.6225,0.5-1,0.07,0.94,84505.93,84455.39,0.06,0.07,0.93,0.94,Up,Down,no,ui,60,Down,0
1790556600,btc-updown-5m-1790556600,75,2026-09-28T00:53:45.501Z,74.5,75,0.5,84479.7,84500.67,-2.4816,2-4,0.06,0.95,84478.67,84456.24,0.05,0.06,0.94,0.95,Down,Down,yes,ui,93,Down,1
1790556600,btc-updown-5m-1790556600,60,2026-09-28T00:54:00.093Z,59.9,61,1.0,84464.67,84500.67,-4.2603,4-8,0.02,0.99,84464.67,84446.1,0.01,0.02,0.98,0.99,Down,Down,yes,ui,17,Down,1
1790556600,btc-updown-5m-1790556600,45,2026-09-28T00:54:15.168Z,44.8,45,0.1,84454.25,84500.67,-5.4934,4-8,0.01,,84454.25,84439.16,,0.01,0.99,,Down,Down,yes,ui,25,Down,1
1790556600,btc-updown-5m-1790556600,30,2026-09-28T00:54:30.248Z,29.8,30,0.2,84446.62,84500.67,-6.3964,4-8,0.01,,84446.62,84433.92,,0.01,0.99,,Down,Down,yes,ui,5,Down,1
1790556600,btc-updown-5m-1790556600,15,2026-09-28T00:54:45.323Z,14.7,15,0.3,84437.93,84500.67,-7.4248,4-8,0.01,,84437.93,84406.54,,0.01,0.99,,Down,Down,yes,ui,8,Down,1
1790556900,btc-updown-5m-1790556900,240,2026-09-28T00:56:00.288Z,239.7,240,0.2,84342.56,84419.8,-9.1495,8+,0.09,0.92,84342.56,84284.08,0.08,0.09,0.91,0.92,Down,Down,yes,ui,11,Down,1
1790556900,btc-updown-5m-1790556900,210,2026-09-28T00:56:30.456Z,209.5,210,0.5,84303.75,84419.8,-13.7468,8+,0.03,0.98,84303.75,84235.57,0.02,0.03,0.97,0.98,Down,Down,yes,ui,53,Down,1
1790556900,btc-updown-5m-1790556900,180,2026-09-28T00:57:00.060Z,179.9,181,1.0,84248.6,84419.8,-20.2796,8+,0.02,0.99,84248.6,84214.35,0.01,0.02,0.98,0.99,Down,Down,yes,ui,9,Down,1
1790556900,btc-updown-5m-1790556900,150,2026-09-28T00:57:30.159Z,149.8,151,1.1,84214.14,84419.8,-24.3616,8+,0.01,,84213.1,84187.11,,0.01,0.99,,Down,Down,yes,ui,11,Down,1
1790556900,btc-updown-5m-1790556900,120,2026-09-28T00:58:00.260Z,119.7,120,0.2,84188.7,84419.8,-27.3751,8+,0.01,,84188.7,84164.74,,0.01,0.99,,Down,Down,yes,ui,5,Down,1
1790556900,btc-updown-5m-1790556900,90,2026-09-28T00:58:30.368Z,89.6,90,0.3,84185.86,84419.8,-27.7115,8+,0.01,,84185.86,84218.51,,0.01,0.99,,Down,Down,yes,ui,12,Down,1
1790556900,btc-updown-5m-1790556900,75,2026-09-28T00:58:45.442Z,74.6,75,0.4,84185.17,84419.8,-27.7932,8+,0.001,,84185.17,84162.44,,0.001,0.999,,Down,Down,yes,ui,9,Down,1
1790556900,btc-updown-5m-1790556900,60,2026-09-28T00:59:00.520Z,59.5,60,0.5,84182.91,84419.8,-28.061,8+,0.001,,84182.91,84155.33,,0.001,0.999,,Down,Down,yes,ui,7,Down,1
1790556900,btc-updown-5m-1790556900,45,2026-09-28T00:59:15.105Z,44.9,46,1.1,84177.48,84419.8,-28.7042,8+,0.001,,84177.48,84137.87,,0.001,0.999,,Down,Down,yes,ui,19,Down,1
1790556900,btc-updown-5m-1790556900,30,2026-09-28T00:59:30.184Z,29.8,30,0.1,84157.26,84419.8,-31.0993,8+,0.001,,84157.26,84136.24,,0.001,0.999,,Down,Down,yes,ui,14,Down,1
1790556900,btc-updown-5m-1790556900,15,2026-09-28T00:59:45.265Z,14.7,15,0.2,84144.23,84419.8,-32.6428,8+,0.001,,84144.23,84130.79,,0.001,0.999,,Down,Down,yes,ui,13,Down,1
1790557200,btc-updown-5m-1790557200,240,2026-09-28T01:01:00.361Z,239.6,240,0.3,84081.0,84136.69,-6.619,4-8,0.29,0.72,84079.91,84059.85,0.28,0.29,0.71,0.72,Down,Down,yes,ui,18,Down,1
1790557200,btc-updown-5m-1790557200,210,2026-09-28T01:01:30.475Z,209.5,210,0.5,84064.89,84136.69,-8.5337,8+,0.09,0.92,84064.89,84000.62,0.09,0.1,0.9,0.91,Down,Down,yes,ui,55,Down,1
1790557200,btc-updown-5m-1790557200,180,2026-09-28T01:02:00.159Z,179.8,180,0.2,84038.18,84136.69,-11.7083,8+,0.13,0.88,84038.18,84015.44,0.13,0.14,0.86,0.87,Down,Down,yes,ui,61,Down,1
1790557200,btc-updown-5m-1790557200,150,2026-09-28T01:02:30.258Z,149.7,150,0.2,84023.87,84136.69,-13.4091,8+,0.06,0.95,84023.87,84019.63,0.05,0.06,0.94,0.95,Down,Down,yes,ui,4,Down,1
1790557200,btc-updown-5m-1790557200,120,2026-09-28T01:03:00.371Z,119.6,120,0.4,84043.29,84136.69,-11.101,8+,0.13,0.88,84043.29,84076.16,0.14,0.17,0.83,0.86,Down,Down,yes,ui,50,Down,1
1790557200,btc-updown-5m-1790557200,90,2026-09-28T01:03:30.477Z,89.5,90,0.5,84072.71,84136.69,-7.6043,4-8,0.15,0.86,84072.71,84081.72,0.14,0.15,0.85,0.86,Down,Down,yes,ui,44,Down,1
1790557200,btc-updown-5m-1790557200,75,2026-09-28T01:03:45.552Z,74.4,75,0.5,84082.02,84136.69,-6.4978,4-8,0.02,0.99,84082.02,84029.79,0.01,0.02,0.98,0.99,Down,Down,yes,ui,41,Down,1
1790557200,btc-updown-5m-1790557200,60,2026-09-28T01:04:00.140Z,59.9,60,0.1,84072.35,84136.69,-7.6471,4-8,0.01,,84072.35,84056.69,,0.01,0.99,,Down,Down,yes,ui,4,Down,1
1790557200,btc-updown-5m-1790557200,45,2026-09-28T01:04:15.215Z,44.8,45,0.2,84061.39,84136.69,-8.9497,8+,0.01,,84061.39,84025.48,,0.01,0.99,,Down,Down,yes,ui,6,Down,1
1790557200,btc-updown-5m-1790557200,30,2026-09-28T01:04:30.290Z,29.7,30,0.3,84043.11,84136.69,-11.1224,8+,0.01,,84043.11,84049.07,,0.01,0.99,,Down,Down,yes,ui,6,Down,1
1790557200,btc-updown-5m-1790557200,15,2026-09-28T01:04:45.370Z,14.6,15,0.3,84038.92,84136.69,-11.6204,8+,0.01,,84038.92,84089.32,,0.01,0.99,,Down,Down,yes,ui,8,Down,1
1790557500,btc-updown-5m-1790557500,240,2026-09-28T01:06:00.260Z,239.7,240,0.2,84051.86,84055.07,-0.3819,0-0.5,0.28,0.73,84051.86,83992.8,0.27,0.28,0.72,0.73,Down,Down,yes,ui,9,Up,0
1790557500,btc-updown-5m-1790557500,210,2026-09-28T01:06:30.354Z,209.6,210,0.3,83982.91,84055.07,-8.5848,8+,0.11,0.9,83982.91,83917.15,0.1,0.11,0.89,0.9,Down,Down,yes,ui,5,Up,0
1790557500,btc-updown-5m-1790557500,180,2026-09-28T01:07:00.530Z,179.5,180,0.4,83966.4,84055.07,-10.549,8+,0.38,0.63,83966.4,84026.31,0.42,0.43,0.57,0.58,Down,Down,yes,ui,14,Up,0
1790557500,btc-updown-5m-1790557500,150,2026-09-28T01:07:30.177Z,149.8,150,0.2,84016.32,84055.07,-4.6101,4-8,0.82,0.19,84016.32,84120.53,0.81,0.83,0.17,0.19,Down,Up,no,ui,100,Up,0
1790557500,btc-updown-5m-1790557500,120,2026-09-28T01:08:00.285Z,119.7,120,0.2,84101.47,84055.07,5.5202,4-8,0.98,0.03,84101.47,84174.08,0.97,0.98,0.02,0.03,Up,Up,yes,ui,22,Up,1
1790557500,btc-updown-5m-1790557500,90,2026-09-28T01:08:30.390Z,89.6,90,0.3,84159.69,84055.07,12.4466,8+,0.99,0.02,84159.69,84169.5,0.98,0.99,0.01,0.02,Up,Up,yes,ui,10,Up,1
1790557500,btc-updown-5m-1790557500,75,2026-09-28T01:08:45.472Z,74.5,75,0.4,84170.07,84055.07,13.6815,8+,,0.01,84170.07,84171.27,0.99,,,0.01,Up,Up,yes,ui,10,Up,1
1790557500,btc-updown-5m-1790557500,60,2026-09-28T01:09:00.545Z,59.5,60,0.5,84173.74,84055.07,14.1181,8+,,0.01,84173.74,84201.26,0.99,,,0.01,Up,Up,yes,ui,6,Up,1
1790557500,btc-updown-5m-1790557500,45,2026-09-28T01:09:15.111Z,44.9,45,0.1,84178.0,84055.07,14.6249,8+,,0.01,84178.0,84171.79,0.99,,,0.01,Up,Up,yes,ui,11,Up,1
1790557500,btc-updown-5m-1790557500,30,2026-09-28T01:09:30.186Z,29.8,30,0.1,84173.87,84055.07,14.1336,8+,,0.01,84173.87,84132.09,0.99,,,0.01,Up,Up,yes,ui,5,Up,1
1790557500,btc-updown-5m-1790557500,15,2026-09-28T01:09:45.258Z,14.7,15,0.2,84161.89,84055.07,12.7083,8+,,0.01,84161.89,84124.22,0.99,,,0.01,Up,Up,yes,ui,12,Up,1
1790557800,btc-updown-5m-1790557800,240,2026-09-28T01:11:00.366Z,239.6,240,0.3,84079.71,84138.63,-7.0027,4-8,0.23,0.78,84079.71,84053.72,0.22,0.23,0.77,0.78,Down,Down,yes,ui,8,Down,1
1790557800,btc-updown-5m-1790557800,210,2026-09-28T01:11:30.463Z,209.5,210,0.4,84063.7,84138.63,-8.9055,8+,0.16,0.85,84063.7,84049.68,0.15,0.16,0.84,0.85,Down,Down,yes,ui,24,Down,1
1790557800,btc-updown-5m-1790557800,180,2026-09-28T01:12:00.055Z,179.9,181,1.0,84046.0,84138.63,-11.0092,8+,0.15,0.86,84045.71,84053.79,0.14,0.15,0.85,0.86,Down,Down,yes,ui,46,Down,1
1790557800,btc-updown-5m-1790557800,150,2026-09-28T01:12:30.177Z,149.8,151,1.1,84050.51,84138.63,-10.4732,8+,0.1,0.91,84050.51,84044.04,0.07,0.08,0.92,0.93,Down,Down,yes,ui,20,Down,1
1790557800,btc-updown-5m-1790557800,120,2026-09-28T01:13:00.313Z,119.7,121,1.3,84041.32,84138.63,-11.5654,8+,0.02,0.99,84041.32,84006.45,0.01,0.02,0.98,0.99,Down,Down,yes,ui,38,Down,1
1790557800,btc-updown-5m-1790557800,90,2026-09-28T01:13:30.415Z,89.6,90,0.4,83996.29,84138.63,-16.9173,8+,0.01,,83996.29,83981.37,,0.01,0.99,,Down,Down,yes,ui,20,Down,1
1790557800,btc-updown-5m-1790557800,75,2026-09-28T01:13:45.520Z,74.5,75,0.5,83987.09,84138.63,-18.0108,8+,0.01,,83987.09,83978.82,,0.01,0.99,,Down,Down,yes,ui,12,Down,1
1790557800,btc-updown-5m-1790557800,60,2026-09-28T01:14:00.137Z,59.9,61,1.1,83978.71,84138.63,-19.0067,8+,0.01,,83978.71,83975.06,,0.01,0.99,,Down,Down,yes,ui,9,Down,1
1790557800,btc-updown-5m-1790557800,45,2026-09-28T01:14:15.267Z,44.7,46,1.2,83976.69,84138.63,-19.2468,8+,0.01,,83976.69,83980.35,,0.01,0.99,,Down,Down,yes,ui,22,Down,1
1790557800,btc-updown-5m-1790557800,30,2026-09-28T01:14:30.351Z,29.6,30,0.3,83985.09,84138.63,-18.2485,8+,0.01,,83985.09,83983.82,,0.01,0.99,,Down,Down,yes,ui,13,Down,1
1790557800,btc-updown-5m-1790557800,15,2026-09-28T01:14:45.428Z,14.6,15,0.4,83980.4,84138.63,-18.8059,8+,0.01,,83980.4,83968.63,,0.01,0.99,,Down,Down,yes,ui,14,Down,1
1790558100,btc-updown-5m-1790558100,240,2026-09-28T01:16:00.526Z,239.5,240,0.5,83933.55,83975.32,-4.9741,4-8,0.39,0.62,83933.55,83936.71,0.37,0.38,0.62,0.63,Down,Down,yes,ui,20,Down,1
1790558100,btc-updown-5m-1790558100,210,2026-09-28T01:16:30.164Z,209.8,211,1.2,83923.55,83975.32,-6.1649,4-8,0.25,0.76,83923.55,83913.23,0.23,0.24,0.76,0.77,Down,Down,yes,ui,82,Down,1
1790558100,btc-updown-5m-1790558100,180,2026-09-28T01:17:00.271Z,179.7,181,1.2,83919.85,83975.32,-6.6055,4-8,0.29,0.72,83919.85,83930.93,0.27,0.28,0.72,0.73,Down,Down,yes,ui,34,Down,1
1790558100,btc-updown-5m-1790558100,150,2026-09-28T01:17:30.482Z,149.5,151,1.5,83924.42,83975.32,-6.0613,4-8,0.39,0.62,83924.42,83958.82,0.38,0.39,0.61,0.62,Down,Down,yes,ui,114,Down,1
1790558100,btc-updown-5m-1790558100,120,2026-09-28T01:18:00.081Z,119.9,121,1.1,83943.99,83975.32,-3.7309,2-4,0.1,0.91,83943.99,83909.53,0.09,0.1,0.9,0.91,Down,Down,yes,ui,26,Down,1
1790558100,btc-updown-5m-1790558100,90,2026-09-28T01:18:30.201Z,89.8,91,1.2,83927.61,83975.32,-5.6814,4-8,0.08,0.93,83927.61,83905.89,0.07,0.08,0.92,0.93,Down,Down,yes,ui,27,Down,1
1790558100,btc-updown-5m-1790558100,75,2026-09-28T01:18:45.295Z,74.7,76,1.3,83916.41,83975.32,-7.0152,4-8,0.04,0.97,83916.41,83929.92,0.03,0.04,0.96,0.97,Down,Down,yes,ui,56,Down,1
1790558100,btc-updown-5m-1790558100,60,2026-09-28T01:19:00.373Z,59.6,60,0.4,83912.41,83975.32,-7.4915,4-8,0.06,0.95,83912.41,83938.74,0.05,0.06,0.94,0.95,Down,Down,yes,ui,40,Down,1
1790558100,btc-updown-5m-1790558100,45,2026-09-28T01:19:15.447Z,44.6,45,0.4,83918.63,83975.32,-6.7508,4-8,0.01,,83918.63,83912.78,,0.01,0.99,,Down,Down,yes,ui,5,Down,1
1790558100,btc-updown-5m-1790558100,30,2026-09-28T01:19:30.539Z,29.5,30,0.5,83919.86,83975.32,-6.6043,4-8,0.01,,83919.86,83893.2,,0.01,0.99,,Down,Down,yes,ui,12,Down,1
1790558100,btc-updown-5m-1790558100,15,2026-09-28T01:19:45.122Z,14.9,16,1.1,83912.19,83975.32,-7.5177,4-8,0.01,,83912.19,83908.24,,0.01,0.99,,Down,Down,yes,ui,17,Down,1
1790558400,btc-updown-5m-1790558400,240,2026-09-28T01:21:00.381Z,239.6,240,0.4,83988.02,83910.41,9.2492,8+,0.85,0.16,83988.02,84002.71,0.84,0.85,0.15,0.16,Up,Up,yes,ui,24,Up,1
1790558400,btc-updown-5m-1790558400,210,2026-09-28T01:21:30.480Z,209.5,210,0.4,84008.69,83910.41,11.7125,8+,0.97,0.04,84008.69,84061.53,0.96,0.97,0.03,0.04,Up,Up,yes,ui,5,Up,1
1790558400,btc-updown-5m-1790558400,180,2026-09-28T01:22:00.108Z,179.9,181,1.1,84066.07,83910.41,18.5507,8+,0.99,0.02,84064.02,84126.58,0.98,0.99,0.01,0.02,Up,Up,yes,ui,10,Up,1
1790558400,btc-updown-5m-1790558400,150,2026-09-28T01:22:30.212Z,149.8,150,0.2,84099.35,83910.41,22.5169,8+,0.99,0.02,84099.35,84091.99,0.98,0.99,0.01,0.02,Up,Up,yes,ui,10,Up,1
1790558400,btc-updown-5m-1790558400,120,2026-09-28T01:23:00.332Z,119.7,120,0.3,84083.15,83910.41,20.5862,8+,0.98,0.03,84082.06,84038.8,0.97,0.98,0.02,0.03,Up,Up,yes,ui,24,Up,1
1790558400,btc-updown-5m-1790558400,90,2026-09-28T01:23:30.450Z,89.5,90,0.4,84054.52,83910.41,17.1743,8+,,0.01,84054.52,84087.37,0.99,,,0.01,Up,Up,yes,ui,6,Up,1
1790558400,btc-updown-5m-1790558400,75,2026-09-28T01:23:45.529Z,74.5,75,0.5,84054.11,83910.41,17.1254,8+,,0.01,84054.11,84073.94,0.99,,,0.01,Up,Up,yes,ui,10,Up,1
1790558400,btc-updown-5m-1790558400,60,2026-09-28T01:24:00.106Z,59.9,61,1.1,84052.95,83910.41,16.9872,8+,,0.001,84052.95,84029.21,0.999,,,0.001,Up,Up,yes,ui,14,Up,1
1790558400,btc-updown-5m-1790558400,45,2026-09-28T01:24:15.187Z,44.8,45,0.1,84054.5,83910.41,17.1719,8+,,0.001,84054.5,84024.67,0.999,,,0.001,Up,Up,yes,ui,15,Up,1
1790558400,btc-updown-5m-1790558400,30,2026-09-28T01:24:30.271Z,29.7,30,0.2,84046.06,83910.41,16.1661,8+,,0.001,84046.06,84012.26,0.999,,,0.001,Up,Up,yes,ui,11,Up,1
1790558400,btc-updown-5m-1790558400,15,2026-09-28T01:24:45.351Z,14.6,15,0.3,84027.16,83910.41,13.9136,8+,,0.001,84027.16,83992.76,0.999,,,0.001,Up,Up,yes,ui,20,Up,1
1790558700,btc-updown-5m-1790558700,240,2026-09-28T01:26:00.287Z,239.7,240,0.2,84006.57,84012.25,-0.6761,0.5-1,0.72,0.29,84006.57,84049.27,0.71,0.72,0.28,0.29,Down,Up,no,ui,6,Up,0
1790558700,btc-updown-5m-1790558700,210,2026-09-28T01:26:30.399Z,209.6,210,0.4,84033.96,84012.25,2.5841,2-4,0.88,0.13,84033.96,84091.31,0.88,0.89,0.11,0.12,Up,Up,yes,ui,21,Up,1
1790558700,btc-updown-5m-1790558700,180,2026-09-28T01:27:00.532Z,179.5,180,0.5,84086.33,84012.25,8.8178,8+,0.96,0.05,84086.33,84122.62,0.95,0.96,0.04,0.05,Up,Up,yes,ui,43,Up,1
1790558700,btc-updown-5m-1790558700,150,2026-09-28T01:27:30.182Z,149.8,150,0.1,84124.0,84012.25,13.3016,8+,0.98,0.03,84124.0,84128.88,0.96,0.97,0.03,0.04,Up,Up,yes,ui,9,Up,1
1790558700,btc-updown-5m-1790558700,120,2026-09-28T01:28:00.283Z,119.7,120,0.2,84122.99,84012.25,13.1814,8+,0.96,0.05,84122.99,84087.67,0.95,0.96,0.04,0.05,Up,Up,yes,ui,7,Up,1
1790558700,btc-updown-5m-1790558700,90,2026-09-28T01:28:30.408Z,89.6,90,0.3,84098.46,84012.25,10.2616,8+,0.98,0.03,84098.46,84073.17,0.97,0.98,0.02,0.03,Up,Up,yes,ui,8,Up,1
1790558700,btc-updown-5m-1790558700,75,2026-09-28T01:28:45.496Z,74.5,75,0.5,84082.88,84012.25,8.4071,8+,0.74,0.27,84082.88,84043.84,0.75,0.76,0.24,0.25,Up,Up,yes,ui,27,Up,1
1790558700,btc-updown-5m-1790558700,60,2026-09-28T01:29:00.086Z,59.9,61,1.1,84068.83,84012.25,6.7347,4-8,0.99,0.02,84068.83,84059.64,0.97,0.98,0.02,0.03,Up,Up,yes,ui,31,Up,1
1790558700,btc-updown-5m-1790558700,45,2026-09-28T01:29:15.167Z,44.8,45,0.1,84066.9,84012.25,6.505,4-8,,0.01,84066.9,84084.15,0.99,,,0.01,Up,Up,yes,ui,13,Up,1
1790558700,btc-updown-5m-1790558700,30,2026-09-28T01:29:30.238Z,29.8,30,0.2,84066.82,84012.25,6.4955,4-8,,0.001,84066.82,84062.94,0.999,,,0.001,Up,Up,yes,ui,17,Up,1
1790558700,btc-updown-5m-1790558700,15,2026-09-28T01:29:45.330Z,14.7,15,0.3,84065.95,84012.25,6.3919,4-8,,0.001,84066.12,84060.38,0.999,,,0.001,Up,Up,yes,ui,11,Up,1
1790559000,btc-updown-5m-1790559000,240,2026-09-28T01:31:00.350Z,239.6,241,1.3,84094.18,84071.41,2.7084,2-4,0.51,0.5,84094.18,84077.59,0.5,0.51,0.49,0.5,Up,Up,yes,ui,9,Down,0
1790559000,btc-updown-5m-1790559000,210,2026-09-28T01:31:30.452Z,209.5,210,0.4,84103.97,84071.41,3.8729,2-4,0.5,0.51,84103.97,84102.4,0.49,0.5,0.5,0.51,Up,Down,no,ui,13,Down,0
1790559000,btc-updown-5m-1790559000,180,2026-09-28T01:32:00.065Z,179.9,181,1.0,84086.25,84071.41,1.7652,1-2,0.51,0.5,84086.25,84067.7,0.5,0.51,0.49,0.5,Up,Up,yes,ui,6,Down,0
1790559000,btc-updown-5m-1790559000,150,2026-09-28T01:32:30.163Z,149.8,151,1.1,84071.39,84071.41,-0.0024,0-0.5,0.22,0.79,84071.39,84029.02,0.21,0.22,0.78,0.79,Down,Down,yes,ui,28,Down,1
1790559000,btc-updown-5m-1790559000,120,2026-09-28T01:33:00.271Z,119.7,121,1.2,84046.61,84071.41,-2.9499,2-4,0.38,0.64,84046.61,84040.95,0.34,0.35,0.65,0.66,Down,Down,yes,ui,11,Down,1
1790559000,btc-updown-5m-1790559000,90,2026-09-28T01:33:30.384Z,89.6,90,0.3,84039.99,84071.41,-3.7373,2-4,0.26,0.75,84040.1,84050.21,0.25,0.26,0.74,0.75,Down,Down,yes,ui,21,Down,1
1790559000,btc-updown-5m-1790559000,75,2026-09-28T01:33:45.469Z,74.5,75,0.4,84045.71,84071.41,-3.0569,2-4,0.34,0.67,84045.71,84046.03,0.33,0.34,0.66,0.67,Down,Down,yes,ui,35,Down,1
1790559000,btc-updown-5m-1790559000,60,2026-09-28T01:34:00.140Z,59.9,61,1.1,84048.88,84071.41,-2.6799,2-4,0.07,0.94,84048.88,84042.64,0.06,0.07,0.93,0.94,Down,Down,yes,ui,38,Down,1
1790559000,btc-updown-5m-1790559000,45,2026-09-28T01:34:15.216Z,44.8,46,1.2,84041.67,84071.41,-3.5375,2-4,0.01,,84041.67,84027.15,,0.01,0.99,,Down,Down,yes,ui,9,Down,1
1790559000,btc-updown-5m-1790559000,30,2026-09-28T01:34:30.327Z,29.7,31,1.2,84037.96,84071.41,-3.9788,2-4,0.01,,84037.96,84015.22,,0.01,0.99,,Down,Down,yes,ui,5,Down,1
1790559000,btc-updown-5m-1790559000,15,2026-09-28T01:34:45.403Z,14.6,15,0.4,84035.01,84071.41,-4.3297,4-8,0.01,,84035.01,84051.59,,0.01,0.99,,Down,Down,yes,ui,10,Down,1
1790559300,btc-updown-5m-1790559300,240,2026-09-28T01:36:00.425Z,239.6,240,0.4,83980.79,84034.77,-6.4235,4-8,0.28,0.73,83980.79,83977.59,0.27,0.28,0.72,0.73,Down,Down,yes,ui,24,Down,1
1790559300,btc-updown-5m-1790559300,210,2026-09-28T01:36:30.054Z,209.9,211,1.0,83986.5,84034.77,-5.7441,4-8,0.18,0.83,83986.5,83970.29,0.17,0.18,0.82,0.83,Down,Down,yes,ui,6,Down,1
1790559300,btc-updown-5m-1790559300,180,2026-09-28T01:37:00.191Z,179.8,180,0.1,83965.36,84034.77,-8.2597,8+,0.1,0.91,83965.36,83941.37,0.08,0.09,0.91,0.92,Down,Down,yes,ui,12,Down,1
1790559300,btc-updown-5m-1790559300,150,2026-09-28T01:37:30.292Z,149.7,150,0.3,83941.52,84034.77,-11.0966,8+,0.06,0.95,83941.52,83939.23,0.05,0.06,0.94,0.95,Down,Down,yes,ui,17,Down,1
1790559300,btc-updown-5m-1790559300,120,2026-09-28T01:38:00.392Z,119.6,120,0.4,83931.58,84034.77,-12.2794,8+,0.03,0.98,83931.58,83907.46,0.01,0.02,0.98,0.99,Down,Down,yes,ui,29,Down,1
1790559300,btc-updown-5m-1790559300,90,2026-09-28T01:38:30.498Z,89.5,90,0.5,83910.9,84034.77,-14.7403,8+,0.01,,83910.9,83894.78,,0.01,0.99,,Down,Down,yes,ui,9,Down,1
1790559300,btc-updown-5m-1790559300,75,2026-09-28T01:38:45.081Z,74.9,76,1.0,83899.32,84034.77,-16.1183,8+,0.01,,83900.23,83877.77,,0.01,0.99,,Down,Down,yes,ui,7,Down,1
1790559300,btc-updown-5m-1790559300,60,2026-09-28T01:39:00.173Z,59.8,60,0.1,83889.14,84034.77,-17.3297,8+,0.01,,83889.14,83874.77,,0.01,0.99,,Down,Down,yes,ui,14,Down,1
1790559300,btc-updown-5m-1790559300,45,2026-09-28T01:39:15.247Z,44.8,45,0.2,83879.49,84034.77,-18.4781,8+,0.01,,83878.67,83858.07,,0.01,0.99,,Down,Down,yes,ui,11,Down,1
1790559300,btc-updown-5m-1790559300,30,2026-09-28T01:39:30.327Z,29.7,30,0.3,83874.29,84034.77,-19.0969,8+,0.01,,83874.29,83870.66,,0.01,0.99,,Down,Down,yes,ui,12,Down,1
1790559300,btc-updown-5m-1790559300,15,2026-09-28T01:39:45.399Z,14.6,15,0.4,83869.83,84034.77,-19.6276,8+,0.01,,83869.83,83893.62,,0.01,0.99,,Down,Down,yes,ui,19,Down,1
1790559600,btc-updown-5m-1790559600,240,2026-09-28T01:41:00.344Z,239.7,240,0.3,83902.88,83879.09,2.8362,2-4,0.46,0.55,83902.17,83872.71,0.45,0.46,0.54,0.55,Up,Down,no,ui,74,Down,0
1790559600,btc-updown-5m-1790559600,210,2026-09-28T01:41:30.476Z,209.5,210,0.5,83879.49,83879.09,0.0477,0-0.5,0.53,0.48,83879.49,83881.3,0.52,0.53,0.47,0.48,Up,Up,yes,ui,72,Down,0
1790559600,btc-updown-5m-1790559600,180,2026-09-28T01:42:00.074Z,179.9,181,1.0,83897.4,83879.09,2.1829,2-4,0.9,0.11,83897.4,83954.65,0.89,0.9,0.1,0.11,Up,Up,yes,ui,5,Down,0
1790559600,btc-updown-5m-1790559600,150,2026-09-28T01:42:30.212Z,149.8,151,1.2,83940.74,83879.09,7.3499,4-8,0.78,0.23,83940.74,83927.8,0.79,0.8,0.2,0.21,Up,Up,yes,ui,24,Down,0
1790559600,btc-updown-5m-1790559600,120,2026-09-28T01:43:00.334Z,119.7,120,0.3,83941.93,83879.09,7.4917,4-8,0.73,0.28,83941.93,83910.88,0.72,0.73,0.27,0.28,Up,Up,yes,ui,27,Down,0
1790559600,btc-updown-5m-1790559600,90,2026-09-28T01:43:30.434Z,89.6,90,0.4,83914.21,83879.09,4.187,4-8,0.67,0.34,83914.21,83901.11,0.66,0.67,0.33,0.34,Up,Up,yes,ui,31,Down,0
1790559600,btc-updown-5m-1790559600,75,2026-09-28T01:43:45.525Z,74.5,75,0.5,83905.63,83879.09,3.1641,2-4,0.3,0.71,83905.63,83874.12,0.32,0.33,0.67,0.68,Up,Down,no,ui,45,Down,0
1790559600,btc-updown-5m-1790559600,60,2026-09-28T01:44:00.122Z,59.9,61,1.1,83893.79,83879.09,1.7525,1-2,0.32,0.69,83893.79,83872.53,0.31,0.32,0.68,0.69,Up,Down,no,ui,69,Down,0
1790559600,btc-updown-5m-1790559600,45,2026-09-28T01:44:15.234Z,44.8,46,1.2,83886.59,83879.09,0.8941,0.5-1,0.01,,83886.59,83842.83,,0.01,0.99,,Up,Down,no,ui,67,Down,0
1790559600,btc-updown-5m-1790559600,30,2026-09-28T01:44:30.325Z,29.7,30,0.3,83868.86,83879.09,-1.2196,1-2,0.01,,83868.86,83815.02,,0.01,0.99,,Down,Down,yes,ui,17,Down,1
1790559600,btc-updown-5m-1790559600,15,2026-09-28T01:44:45.398Z,14.6,15,0.4,83851.85,83879.09,-3.2475,2-4,0.01,,83851.85,83831.31,,0.01,0.99,,Down,Down,yes,ui,4,Down,1
1790559900,btc-updown-5m-1790559900,240,2026-09-28T01:46:00.470Z,239.5,240,0.4,83812.93,83833.88,-2.499,2-4,0.47,0.54,83832.11,83853.72,0.47,0.48,0.52,0.53,Down,Down,yes,ui,6,Down,1
1790559900,btc-updown-5m-1790559900,210,2026-09-28T01:46:30.070Z,209.9,210,0.0,83812.93,83833.88,-2.499,2-4,0.42,0.59,83839.83,83810.87,0.41,0.42,0.58,0.59,Down,Down,yes,ui,10,Down,1
1790559900,btc-updown-5m-1790559900,180,2026-09-28T01:47:00.158Z,179.8,180,0.1,83812.93,83833.88,-2.499,2-4,0.42,0.59,83818.71,83816.78,0.41,0.42,0.58,0.59,Down,Down,yes,ui,5,Down,1
1790559900,btc-updown-5m-1790559900,150,2026-09-28T01:47:30.275Z,149.7,150,0.2,83812.93,83833.88,-2.499,2-4,0.72,0.29,83826.22,83854.14,0.71,0.72,0.28,0.29,Down,Up,no,ui,11,Down,1
1790559900,btc-updown-5m-1790559900,120,2026-09-28T01:48:00.364Z,119.6,120,0.3,83812.93,83833.88,-2.499,2-4,0.84,0.17,83853.89,83873.34,0.83,0.85,0.15,0.17,Down,Up,no,ui,5,Down,1
1790559900,btc-updown-5m-1790559900,90,2026-09-28T01:48:30.459Z,89.5,90,0.4,83812.93,83833.88,-2.499,2-4,0.95,0.06,83874.19,83898.78,0.95,0.96,0.04,0.05,Down,Up,no,ui,5,Down,1
1790559900,btc-updown-5m-1790559900,75,2026-09-28T01:48:45.066Z,74.9,75,0.0,83812.93,83833.88,-2.499,2-4,0.68,0.33,83879.32,83849.99,0.67,0.68,0.32,0.33,Down,Up,no,ui,8,Down,1
1790559900,btc-updown-5m-1790559900,60,2026-09-28T01:49:00.185Z,59.8,60,0.1,83812.93,83833.88,-2.499,2-4,0.36,0.71,83872.53,83827.13,0.28,0.29,0.71,0.72,Down,Down,yes,ui,24,Down,1
1790559900,btc-updown-5m-1790559900,45,2026-09-28T01:49:15.279Z,44.7,45,0.2,83812.93,83833.88,-2.499,2-4,0.01,,83858.9,83797.16,,0.01,0.99,,Down,Down,yes,ui,7,Down,1
1790559900,btc-updown-5m-1790559900,30,2026-09-28T01:49:30.374Z,29.6,30,0.3,83812.93,83833.88,-2.499,2-4,0.01,,83830.28,83743.27,,0.01,0.99,,Down,Down,yes,ui,5,Down,1
1790559900,btc-updown-5m-1790559900,15,2026-09-28T01:49:45.449Z,14.6,15,0.4,83812.93,83833.88,-2.499,2-4,0.01,,83789.9,83701.22,,0.01,0.99,,Down,Down,yes,ui,6,Down,1
1790560200,btc-updown-5m-1790560200,240,2026-09-28T01:51:00.532Z,239.5,240,0.5,83684.31,83742.38,-6.9344,4-8,0.61,0.4,83686.0,83759.19,0.61,0.62,0.38,0.39,Down,Up,no,ui,19,Up,0
1790560200,btc-updown-5m-1790560200,210,2026-09-28T01:51:30.126Z,209.9,211,1.1,83755.43,83742.38,1.5584,1-2,0.79,0.22,83755.43,83802.0,0.78,0.79,0.21,0.22,Up,Up,yes,ui,20,Up,1
1790560200,btc-updown-5m-1790560200,180,2026-09-28T01:52:00.250Z,179.7,181,1.2,83782.05,83742.38,4.7371,4-8,0.61,0.4,83782.05,83771.3,0.59,0.6,0.4,0.41,Up,Up,yes,ui,11,Up,1
1790560200,btc-updown-5m-1790560200,150,2026-09-28T01:52:30.355Z,149.6,151,1.3,83785.56,83742.38,5.1563,4-8,0.81,0.2,83785.56,83795.9,0.81,0.82,0.18,0.19,Up,Up,yes,ui,41,Up,1
1790560200,btc-updown-5m-1790560200,120,2026-09-28T01:53:00.497Z,119.5,120,0.5,83765.64,83742.38,2.7776,2-4,0.65,0.36,83765.64,83749.9,0.67,0.69,0.31,0.33,Up,Up,yes,ui,77,Up,1
1790560200,btc-updown-5m-1790560200,90,2026-09-28T01:53:30.167Z,89.8,91,1.1,83755.19,83742.38,1.5297,1-2,0.75,0.26,83755.19,83762.72,0.74,0.75,0.25,0.26,Up,Up,yes,ui,89,Up,1
1790560200,btc-updown-5m-1790560200,75,2026-09-28T01:53:45.289Z,74.7,76,1.3,83754.38,83742.38,1.433,1-2,0.84,0.17,83754.38,83781.5,0.83,0.84,0.16,0.17,Up,Up,yes,ui,60,Up,1
1790560200,btc-updown-5m-1790560200,60,2026-09-28T01:54:00.415Z,59.6,61,1.4,83765.78,83742.38,2.7943,2-4,0.97,0.04,83765.78,83790.39,0.97,0.98,0.02,0.03,Up,Up,yes,ui,102,Up,1
1790560200,btc-updown-5m-1790560200,45,2026-09-28T01:54:15.496Z,44.5,45,0.5,83776.89,83742.38,4.121,4-8,,0.01,83776.89,83825.44,0.99,,,0.01,Up,Up,yes,ui,40,Up,1
1790560200,btc-updown-5m-1790560200,30,2026-09-28T01:54:30.067Z,29.9,31,1.0,83789.82,83742.38,5.665,4-8,,0.01,83789.82,83781.9,0.99,,,0.01,Up,Up,yes,ui,9,Up,1
1790560200,btc-updown-5m-1790560200,15,2026-09-28T01:54:45.150Z,14.8,16,1.1,83793.77,83742.38,6.1367,4-8,,0.01,83793.77,83795.64,0.99,,,0.01,Up,Up,yes,ui,7,Up,1
1790560500,btc-updown-5m-1790560500,240,2026-09-28T01:56:00.323Z,239.7,240,0.3,83762.73,83793.93,-3.7234,2-4,0.37,0.66,83762.73,83754.53,0.34,0.35,0.65,0.66,Down,Down,yes,ui,49,Down,1
1790560500,btc-updown-5m-1790560500,210,2026-09-28T01:56:30.436Z,209.6,210,0.4,83754.97,83793.93,-4.6495,4-8,0.25,0.76,83754.97,83750.07,0.24,0.25,0.75,0.76,Down,Down,yes,ui,29,Down,1
1790560500,btc-updown-5m-1790560500,180,2026-09-28T01:57:00.081Z,179.9,181,1.0,83748.25,83793.93,-5.4515,4-8,0.61,0.4,83748.25,83795.03,0.6,0.61,0.39,0.4,Down,Up,no,ui,15,Down,1
1790560500,btc-updown-5m-1790560500,150,2026-09-28T01:57:30.204Z,149.8,150,0.2,83782.75,83793.93,-1.3342,1-2,0.43,0.58,83782.75,83775.78,0.42,0.43,0.57,0.58,Down,Down,yes,ui,18,Down,1
1790560500,btc-updown-5m-1790560500,120,2026-09-28T01:58:00.316Z,119.7,120,0.3,83786.95,83793.93,-0.833,0.5-1,0.06,0.95,83786.95,83707.22,0.05,0.06,0.94,0.95,Down,Down,yes,ui,20,Down,1
1790560500,btc-updown-5m-1790560500,90,2026-09-28T01:58:30.447Z,89.6,90,0.4,83728.37,83793.93,-7.824,4-8,0.02,0.99,83728.37,83698.08,0.01,0.02,0.98,0.99,Down,Down,yes,ui,8,Down,1
1790560500,btc-updown-5m-1790560500,75,2026-09-28T01:58:45.566Z,74.4,75,0.6,83709.94,83793.93,-10.0234,8+,0.02,0.99,83709.94,83700.65,0.01,0.02,0.98,0.99,Down,Down,yes,ui,70,Down,1
1790560500,btc-updown-5m-1790560500,60,2026-09-28T01:59:00.146Z,59.9,60,0.1,83699.05,83793.93,-11.323,8+,0.01,,83699.05,83702.72,,0.01,0.99,,Down,Down,yes,ui,5,Down,1
1790560500,btc-updown-5m-1790560500,45,2026-09-28T01:59:15.228Z,44.8,45,0.2,83700.52,83793.93,-11.1476,8+,0.001,,83700.52,83700.53,,0.001,0.999,,Down,Down,yes,ui,5,Down,1
1790560500,btc-updown-5m-1790560500,30,2026-09-28T01:59:30.355Z,29.6,30,0.3,83701.37,83793.93,-11.0461,8+,0.001,,83701.37,83690.15,,0.001,0.999,,Down,Down,yes,ui,8,Down,1
1790560500,btc-updown-5m-1790560500,15,2026-09-28T01:59:45.429Z,14.6,15,0.4,83699.66,83793.93,-11.2502,8+,0.001,,83699.66,83692.69,,0.001,0.999,,Down,Down,yes,ui,11,Down,1
1790560800,btc-updown-5m-1790560800,240,2026-09-28T02:01:00.517Z,239.5,240,0.5,83633.22,83696.21,-7.526,4-8,0.16,0.85,83633.22,83584.23,0.15,0.16,0.84,0.85,Down,Down,yes,ui,43,Down,1
1790560800,btc-updown-5m-1790560800,210,2026-09-28T02:01:30.128Z,209.9,211,1.1,83588.09,83696.21,-12.9181,8+,0.11,0.9,83588.09,83543.03,0.1,0.11,0.89,0.9,Down,Down,yes,ui,10,Down,1
1790560800,btc-updown-5m-1790560800,180,2026-09-28T02:02:00.289Z,179.7,181,1.3,83580.21,83696.21,-13.8596,8+,0.24,0.77,83580.21,83631.05,0.23,0.24,0.76,0.77,Down,Down,yes,ui,19,Down,1
1790560800,btc-updown-5m-1790560800,150,2026-09-28T02:02:30.433Z,149.6,150,0.4,83593.51,83696.21,-12.2706,8+,0.09,0.92,83593.51,83534.93,0.08,0.09,0.91,0.92,Down,Down,yes,ui,89,Down,1
1790560800,btc-updown-5m-1790560800,120,2026-09-28T02:03:00.604Z,119.4,120,0.6,83562.84,83696.21,-15.935,8+,0.04,0.97,83562.84,83553.12,0.02,0.03,0.97,0.98,Down,Down,yes,ui,117,Down,1
1790560800,btc-updown-5m-1790560800,90,2026-09-28T02:03:30.202Z,89.8,91,1.2,83528.8,83696.21,-20.0021,8+,0.01,,83528.8,83469.39,,0.01,0.99,,Down,Down,yes,ui,5,Down,1
1790560800,btc-updown-5m-1790560800,75,2026-09-28T02:03:45.284Z,74.7,75,0.3,83517.99,83696.21,-21.2937,8+,0.01,,83517.99,83501.3,,0.01,0.99,,Down,Down,yes,ui,20,Down,1
1790560800,btc-updown-5m-1790560800,60,2026-09-28T02:04:00.383Z,59.6,60,0.3,83509.76,83696.21,-22.277,8+,0.001,,83509.76,83528.37,,0.001,0.999,,Down,Down,yes,ui,27,Down,1
1790560800,btc-updown-5m-1790560800,45,2026-09-28T02:04:15.497Z,44.5,45,0.5,83514.78,83696.21,-21.6772,8+,0.001,,83514.78,83588.0,,0.001,0.999,,Down,Down,yes,ui,36,Down,1
1790560800,btc-updown-5m-1790560800,30,2026-09-28T02:04:30.120Z,29.9,31,1.1,83540.39,83696.21,-18.6173,8+,0.001,,83540.39,83623.37,,0.001,0.999,,Down,Down,yes,ui,76,Down,1
1790560800,btc-updown-5m-1790560800,15,2026-09-28T02:04:45.251Z,14.7,16,1.2,83570.19,83696.21,-15.0568,8+,0.001,,83570.19,83595.03,,0.001,0.999,,Down,Down,yes,ui,23,Down,1
1790561100,btc-updown-5m-1790561100,240,2026-09-28T02:06:00.117Z,239.9,240,0.1,83624.73,83596.42,3.386,2-4,0.51,0.5,83624.73,83601.37,0.5,0.51,0.49,0.5,Up,Up,yes,api_fallback(ui_incomplete),15,Up,1
1790561100,btc-updown-5m-1790561100,210,2026-09-28T02:06:30.356Z,209.6,210,0.3,83601.72,83596.42,0.6345,0.5-1,0.53,0.48,83601.72,83602.53,0.56,0.57,0.43,0.44,Up,Up,yes,api_fallback(ui_incomplete),49,Up,1
1790561100,btc-updown-5m-1790561100,180,2026-09-28T02:07:00.084Z,179.9,180,0.0,83596.25,83596.42,-0.0209,0-0.5,0.54,0.47,83596.25,83593.03,0.54,0.55,0.45,0.46,Down,Up,no,api_fallback(ui_incomplete),33,Up,0
1790561100,btc-updown-5m-1790561100,150,2026-09-28T02:07:30.740Z,149.3,150,0.7,83589.47,83596.42,-0.8315,0.5-1,0.47,0.54,83589.47,83590.76,0.46,0.47,0.53,0.54,Down,Down,yes,api_fallback(ui_incomplete),248,Up,0
1790561100,btc-updown-5m-1790561100,120,2026-09-28T02:08:00.252Z,119.7,120,0.2,83577.54,83596.42,-2.2581,2-4,0.18,0.83,83577.54,83544.47,0.17,0.18,0.82,0.83,Down,Down,yes,api_fallback(ui_incomplete),12,Up,0
1790561100,btc-updown-5m-1790561100,90,2026-09-28T02:08:30.220Z,89.8,90,0.2,83563.63,83596.42,-3.9229,2-4,0.51,0.5,83563.63,83584.41,0.47,0.48,0.52,0.53,Down,Down,yes,api_fallback(ui_incomplete),45,Up,0
1790561100,btc-updown-5m-1790561100,75,2026-09-28T02:08:45.505Z,74.5,75,0.5,83567.71,83596.42,-3.4341,2-4,0.83,0.18,83567.71,83626.03,0.81,0.82,0.18,0.19,Down,Up,no,api_fallback(ui_incomplete),26,Up,0
1790561100,btc-updown-5m-1790561100,60,2026-09-28T02:09:00.251Z,59.7,60,0.2,83581.48,83596.42,-1.7872,1-2,0.79,0.22,83581.48,83620.15,0.79,0.8,0.2,0.21,Down,Up,no,api_fallback(ui_incomplete),42,Up,0
1790561100,btc-updown-5m-1790561100,45,2026-09-28T02:09:15.344Z,44.7,45,0.3,83607.05,83596.42,1.2711,1-2,,0.01,83607.05,83660.96,0.99,,,0.01,Up,Up,yes,api_fallback(ui_incomplete),7,Up,1
1790561100,btc-updown-5m-1790561100,30,2026-09-28T02:09:30.322Z,29.7,30,0.3,83628.06,83596.42,3.7849,2-4,,0.01,83628.06,83621.31,0.99,,,0.01,Up,Up,yes,api_fallback(ui_incomplete),7,Up,1
1790561100,btc-updown-5m-1790561100,15,2026-09-28T02:09:45.227Z,14.8,15,0.2,83631.44,83596.42,4.1889,4-8,,0.01,83631.44,83619.37,0.99,,,0.01,Up,Up,yes,api_fallback(ui_incomplete),9,Up,1
1790561400,btc-updown-5m-1790561400,240,2026-09-28T02:11:00.446Z,239.6,240,0.4,83638.22,83627.26,1.3106,1-2,0.69,0.32,83638.22,83650.73,0.68,0.69,0.31,0.32,Up,Up,yes,ui,9,Up,1
1790561400,btc-updown-5m-1790561400,210,2026-09-28T02:11:30.552Z,209.4,210,0.5,83659.15,83627.26,3.8133,2-4,0.75,0.26,83659.15,83674.23,0.74,0.75,0.25,0.26,Up,Up,yes,ui,50,Up,1
1790561400,btc-updown-5m-1790561400,180,2026-09-28T02:12:00.172Z,179.8,180,0.1,83677.85,83627.26,6.0495,4-8,0.9,0.11,83677.01,83704.58,0.89,0.9,0.1,0.11,Up,Up,yes,ui,20,Up,1
1790561400,btc-updown-5m-1790561400,150,2026-09-28T02:12:30.311Z,149.7,150,0.3,83700.65,83627.26,8.7758,8+,0.95,0.06,83700.65,83719.96,0.94,0.95,0.05,0.06,Up,Up,yes,ui,39,Up,1
1790561400,btc-updown-5m-1790561400,120,2026-09-28T02:13:00.413Z,119.6,120,0.4,83716.54,83627.26,10.6759,8+,0.99,0.02,83716.54,83739.93,0.98,0.99,0.01,0.02,Up,Up,yes,ui,32,Up,1
1790561400,btc-updown-5m-1790561400,90,2026-09-28T02:13:30.507Z,89.5,90,0.5,83734.54,83627.26,12.8284,8+,,0.01,83734.54,83757.39,0.99,,,0.01,Up,Up,yes,ui,5,Up,1
1790561400,btc-updown-5m-1790561400,75,2026-09-28T02:13:45.086Z,74.9,75,0.1,83743.02,83627.26,13.8424,8+,,0.01,83743.02,83767.73,0.99,,,0.01,Up,Up,yes,ui,13,Up,1
1790561400,btc-updown-5m-1790561400,60,2026-09-28T02:14:00.177Z,59.8,60,0.1,83752.31,83627.26,14.9533,8+,,0.01,83752.31,83738.58,0.99,,,0.01,Up,Up,yes,ui,12,Up,1
1790561400,btc-updown-5m-1790561400,45,2026-09-28T02:14:15.255Z,44.7,45,0.2,83753.53,83627.26,15.0991,8+,,0.001,83753.53,83743.59,0.999,,,0.001,Up,Up,yes,ui,14,Up,1
1790561400,btc-updown-5m-1790561400,30,2026-09-28T02:14:30.336Z,29.7,30,0.3,83748.7,83627.26,14.5216,8+,,0.001,83748.7,83718.95,0.999,,,0.001,Up,Up,yes,ui,7,Up,1
1790561400,btc-updown-5m-1790561400,15,2026-09-28T02:14:45.409Z,14.6,15,0.4,83737.44,83627.26,13.1751,8+,,0.001,83737.44,83715.8,0.999,,,0.001,Up,Up,yes,ui,6,Up,1
1790561700,btc-updown-5m-1790561700,240,2026-09-28T02:16:00.198Z,239.8,241,1.2,83703.31,83728.61,-3.0217,2-4,0.36,0.65,83703.31,83695.79,0.35,0.36,0.64,0.65,Down,Down,yes,ui,21,Down,1
1790561700,btc-updown-5m-1790561700,210,2026-09-28T02:16:30.320Z,209.7,210,0.3,83685.38,83728.61,-5.1631,4-8,0.3,0.71,83685.38,83690.48,0.29,0.3,0.7,0.71,Down,Down,yes,ui,69,Down,1
1790561700,btc-updown-5m-1790561700,180,2026-09-28T02:17:00.448Z,179.6,180,0.4,83692.26,83728.61,-4.3414,4-8,0.34,0.67,83692.26,83707.66,0.33,0.34,0.66,0.67,Down,Down,yes,ui,39,Down,1
1790561700,btc-updown-5m-1790561700,150,2026-09-28T02:17:30.086Z,149.9,151,1.0,83697.6,83728.61,-3.7036,2-4,0.32,0.69,83697.6,83701.74,0.31,0.32,0.68,0.69,Down,Down,yes,ui,11,Down,1
1790561700,btc-updown-5m-1790561700,120,2026-09-28T02:18:00.260Z,119.7,121,1.2,83703.17,83728.61,-3.0384,2-4,0.14,0.87,83703.17,83692.99,0.14,0.15,0.85,0.86,Down,Down,yes,ui,26,Down,1
1790561700,btc-updown-5m-1790561700,90,2026-09-28T02:18:30.357Z,89.6,93,3.3,83686.89,83728.61,-4.9828,4-8,0.04,0.97,83686.89,83658.16,0.03,0.04,0.96,0.97,Down,Down,yes,ui,7,Down,1
1790561700,btc-updown-5m-1790561700,75,2026-09-28T02:18:45.528Z,74.5,75,0.5,83676.6,83728.61,-6.2117,4-8,0.01,,83676.6,83657.59,,0.01,0.99,,Down,Down,yes,ui,136,Down,1
1790561700,btc-updown-5m-1790561700,60,2026-09-28T02:19:00.119Z,59.9,62,2.1,83661.17,83728.61,-8.0546,8+,0.01,,83661.17,83635.93,,0.01,0.99,,Down,Down,yes,ui,22,Down,1
1790561700,btc-updown-5m-1790561700,45,2026-09-28T02:19:15.202Z,44.8,46,1.2,83648.93,83728.61,-9.5165,8+,0.01,,83648.93,83616.87,,0.01,0.99,,Down,Down,yes,ui,29,Down,1
1790561700,btc-updown-5m-1790561700,30,2026-09-28T02:19:30.280Z,29.7,31,1.2,83637.48,83728.61,-10.884,8+,0.01,,83637.48,83622.35,,0.01,0.99,,Down,Down,yes,ui,6,Down,1
1790561700,btc-updown-5m-1790561700,15,2026-09-28T02:19:45.362Z,14.6,15,0.3,83626.71,83728.61,-12.1703,8+,0.01,,83626.71,83640.79,,0.01,0.99,,Down,Down,yes,ui,23,Down,1
1790562000,btc-updown-5m-1790562000,240,2026-09-28T02:21:00.247Z,239.8,,,83635.5,83627.37,0.9723,0.5-1,,,83635.5,83645.22,0.58,0.59,0.41,0.42,Up,Up,yes,api_fallback(ui_unavailable),,Down,0
1790562000,btc-updown-5m-1790562000,210,2026-09-28T02:21:30.477Z,209.5,,,83638.33,83627.37,1.3101,1-2,,,83638.33,83644.28,0.61,0.62,0.38,0.39,Up,Up,yes,api_fallback(ui_unavailable),,Down,0
1790562000,btc-updown-5m-1790562000,180,2026-09-28T02:22:00.138Z,179.9,180,0.1,83639.15,83627.37,1.4086,1-2,0.23,0.78,83639.15,83588.4,0.21,0.22,0.78,0.79,Up,Down,no,ui,64,Down,0
1790562000,btc-updown-5m-1790562000,150,2026-09-28T02:22:30.265Z,149.7,150,0.2,83604.61,83627.37,-2.7216,2-4,0.1,0.91,83604.61,83549.64,0.09,0.1,0.9,0.91,Down,Down,yes,ui,19,Down,1
1790562000,btc-updown-5m-1790562000,120,2026-09-28T02:23:00.434Z,119.6,120,0.4,83562.45,83627.37,-7.763,4-8,0.05,0.96,83562.45,83546.41,0.04,0.05,0.95,0.96,Down,Down,yes,ui,6,Down,1
1790562000,btc-updown-5m-1790562000,90,2026-09-28T02:23:30.533Z,89.5,90,0.5,83552.0,83627.37,-9.0126,8+,0.03,0.98,83552.0,83555.57,0.02,0.03,0.97,0.98,Down,Down,yes,ui,7,Down,1
1790562000,btc-updown-5m-1790562000,75,2026-09-28T02:23:45.105Z,74.9,75,0.1,83552.41,83627.37,-8.9636,8+,0.02,0.99,83552.41,83550.28,0.01,0.02,0.98,0.99,Down,Down,yes,ui,6,Down,1
1790562000,btc-updown-5m-1790562000,60,2026-09-28T02:24:00.191Z,59.8,60,0.2,83552.5,83627.37,-8.9528,8+,0.01,,83552.73,83562.2,,0.01,0.99,,Down,Down,yes,ui,11,Down,1
1790562000,btc-updown-5m-1790562000,45,2026-09-28T02:24:15.419Z,44.6,45,0.4,83557.51,83627.37,-8.3537,8+,0.01,,83557.51,83566.99,,0.01,0.99,,Down,Down,yes,ui,200,Down,1
1790562000,btc-updown-5m-1790562000,30,2026-09-28T02:24:30.503Z,29.5,30,0.5,83561.94,83627.37,-7.824,4-8,0.05,0.96,83561.94,83650.57,0.03,0.04,0.96,0.97,Down,Down,yes,ui,53,Down,1
1790562000,btc-updown-5m-1790562000,15,2026-09-28T02:24:45.089Z,14.9,15,0.0,83585.04,83627.37,-5.0617,4-8,0.01,,83585.04,83629.01,,0.01,0.99,,Down,Down,yes,ui,6,Down,1
1790562300,btc-updown-5m-1790562300,240,2026-09-28T02:26:00.363Z,239.6,240,0.3,83615.18,83605.87,1.1136,1-2,0.53,0.48,83615.18,83603.61,0.52,0.53,0.47,0.48,Up,Up,yes,ui,21,Up,1
1790562300,btc-updown-5m-1790562300,210,2026-09-28T02:26:30.452Z,209.5,210,0.4,83614.35,83605.87,1.0143,1-2,0.66,0.35,83614.35,83631.87,0.65,0.66,0.34,0.35,Up,Up,yes,ui,14,Up,1
1790562300,btc-updown-5m-1790562300,180,2026-09-28T02:27:00.550Z,179.4,180,0.5,83638.96,83605.87,3.9579,2-4,0.89,0.12,83638.96,83684.31,0.88,0.89,0.11,0.12,Up,Up,yes,ui,4,Up,1
1790562300,btc-updown-5m-1790562300,150,2026-09-28T02:27:30.149Z,149.9,150,0.1,83676.49,83605.87,8.4468,8+,0.97,0.04,83676.49,83699.67,0.96,0.97,0.03,0.04,Up,Up,yes,ui,6,Up,1
1790562300,btc-updown-5m-1790562300,120,2026-09-28T02:28:00.274Z,119.7,120,0.3,83691.28,83605.87,10.2158,8+,0.95,0.06,83691.28,83670.27,0.94,0.95,0.05,0.06,Up,Up,yes,ui,39,Up,1
1790562300,btc-updown-5m-1790562300,90,2026-09-28T02:28:30.369Z,89.6,90,0.3,83675.46,83605.87,8.3236,8+,0.97,0.04,83675.46,83669.79,0.96,0.97,0.03,0.04,Up,Up,yes,ui,15,Up,1
1790562300,btc-updown-5m-1790562300,75,2026-09-28T02:28:45.447Z,74.6,75,0.4,83668.92,83605.87,7.5413,4-8,0.98,0.03,83668.92,83668.0,0.97,0.98,0.02,0.03,Up,Up,yes,ui,6,Up,1
1790562300,btc-updown-5m-1790562300,60,2026-09-28T02:29:00.521Z,59.5,60,0.5,83665.55,83605.87,7.1383,4-8,0.99,0.02,83665.55,83651.75,0.98,0.99,0.01,0.02,Up,Up,yes,ui,8,Up,1
1790562300,btc-updown-5m-1790562300,45,2026-09-28T02:29:15.097Z,44.9,45,0.1,83660.97,83605.87,6.5904,4-8,,0.01,83660.97,83652.0,0.99,,,0.01,Up,Up,yes,ui,20,Up,1
1790562300,btc-updown-5m-1790562300,30,2026-09-28T02:29:30.170Z,29.8,30,0.1,83660.06,83605.87,6.4816,4-8,,0.01,83660.06,83654.02,0.99,,,0.01,Up,Up,yes,ui,11,Up,1
1790562300,btc-updown-5m-1790562300,15,2026-09-28T02:29:45.245Z,14.8,15,0.2,83654.34,83605.87,5.7974,4-8,,0.01,83654.34,83628.21,0.99,,,0.01,Up,Up,yes,ui,20,Up,1
1790562600,btc-updown-5m-1790562600,240,2026-09-28T02:31:00.444Z,239.6,240,0.4,83600.22,83644.49,-5.2926,4-8,0.19,0.82,83600.22,83565.38,0.18,0.19,0.81,0.82,Down,Down,yes,ui,97,Down,1
1790562600,btc-updown-5m-1790562600,210,2026-09-28T02:31:30.550Z,209.4,210,0.5,83573.92,83644.49,-8.4369,8+,0.14,0.87,83573.92,83560.25,0.13,0.14,0.86,0.87,Down,Down,yes,ui,15,Down,1
1790562600,btc-updown-5m-1790562600,180,2026-09-28T02:32:00.155Z,179.8,181,1.1,83563.64,83644.49,-9.6659,8+,0.08,0.93,83563.64,83563.29,0.07,0.08,0.92,0.93,Down,Down,yes,ui,12,Down,1
1790562600,btc-updown-5m-1790562600,150,2026-09-28T02:32:30.312Z,149.7,151,1.3,83556.5,83644.49,-10.5195,8+,0.03,0.98,83556.5,83534.7,0.02,0.03,0.97,0.98,Down,Down,yes,ui,59,Down,1
1790562600,btc-updown-5m-1790562600,120,2026-09-28T02:33:00.437Z,119.6,120,0.4,83536.56,83644.49,-12.9034,8+,0.01,,83531.88,83511.27,,0.01,0.99,,Down,Down,yes,ui,8,Down,1
1790562600,btc-updown-5m-1790562600,90,2026-09-28T02:33:30.536Z,89.5,90,0.5,83536.56,83644.49,-12.9034,8+,0.01,,83512.98,83490.16,,0.01,0.99,,Down,Down,yes,ui,17,Down,1
1790562600,btc-updown-5m-1790562600,75,2026-09-28T02:33:45.107Z,74.9,76,1.1,83536.56,83644.49,-12.9034,8+,0.01,,83501.0,83474.02,,0.01,0.99,,Down,Down,yes,ui,6,Down,1
1790562600,btc-updown-5m-1790562600,60,2026-09-28T02:34:00.187Z,59.8,61,1.1,83536.56,83644.49,-12.9034,8+,0.01,,83496.25,83489.15,,0.01,0.99,,Down,Down,yes,ui,10,Down,1
1790562600,btc-updown-5m-1790562600,45,2026-09-28T02:34:15.259Z,44.7,46,1.2,83536.56,83644.49,-12.9034,8+,0.01,,83489.95,83489.36,,0.01,0.99,,Down,Down,yes,ui,7,Down,1
1790562600,btc-updown-5m-1790562600,30,2026-09-28T02:34:30.335Z,29.7,30,0.3,83536.56,83644.49,-12.9034,8+,0.001,,83483.69,83490.81,,0.001,0.999,,Down,Down,yes,ui,36,Down,1
1790562600,btc-updown-5m-1790562600,15,2026-09-28T02:34:45.407Z,14.6,15,0.4,83536.56,83644.49,-12.9034,8+,0.001,,83488.34,83510.66,,0.001,0.999,,Down,Down,yes,ui,7,Down,1
1790562900,btc-updown-5m-1790562900,240,2026-09-28T02:36:00.450Z,239.5,240,0.4,83520.28,83494.37,3.1032,2-4,0.8,0.21,83520.28,83536.88,0.79,0.8,0.2,0.21,Up,Up,yes,ui,13,Down,0
1790562900,btc-updown-5m-1790562900,210,2026-09-28T02:36:30.570Z,209.4,210,0.6,83545.83,83494.37,6.1633,4-8,0.77,0.24,83545.83,83530.52,0.73,0.74,0.26,0.27,Up,Up,yes,ui,70,Down,0
1790562900,btc-updown-5m-1790562900,180,2026-09-28T02:37:00.183Z,179.8,181,1.2,83541.37,83494.37,5.6291,4-8,0.84,0.17,83541.37,83511.98,0.64,0.65,0.35,0.36,Up,Up,yes,ui,31,Down,0
1790562900,btc-updown-5m-1790562900,150,2026-09-28T02:37:30.330Z,149.7,150,0.3,83514.64,83494.37,2.4277,2-4,0.58,0.45,83514.64,83474.58,0.33,0.34,0.66,0.67,Up,Down,no,ui,82,Down,0
1790562900,btc-updown-5m-1790562900,120,2026-09-28T02:38:00.472Z,119.5,122,2.4,83485.76,83494.37,-1.0312,1-2,0.43,0.58,83485.76,83480.59,0.33,0.34,0.66,0.67,Down,Down,yes,ui,32,Down,1
1790562900,btc-updown-5m-1790562900,90,2026-09-28T02:38:30.140Z,89.9,92,2.1,83478.69,83494.37,-1.878,1-2,0.4,0.61,83478.69,83519.26,0.78,0.79,0.21,0.22,Down,Up,no,ui,79,Down,1
1790562900,btc-updown-5m-1790562900,75,2026-09-28T02:38:45.224Z,74.8,79,4.2,83485.98,83494.37,-1.0049,1-2,0.33,0.68,83485.98,83482.88,0.32,0.33,0.67,0.68,Down,Down,yes,ui,37,Down,1
1790562900,btc-updown-5m-1790562900,60,2026-09-28T02:39:00.409Z,59.6,62,2.4,83484.69,83494.37,-1.1594,1-2,0.32,0.69,83484.69,83463.24,0.04,0.05,0.95,0.96,Down,Down,yes,ui,135,Down,1
1790562900,btc-updown-5m-1790562900,45,2026-09-28T02:39:15.503Z,44.5,49,4.5,83477.81,83494.37,-1.9834,1-2,0.36,0.65,83477.01,83438.31,,0.01,0.99,,Down,Down,yes,ui,69,Down,1
1790562900,btc-updown-5m-1790562900,30,2026-09-28T02:39:30.111Z,29.9,32,2.1,83469.04,83494.37,-3.0337,2-4,0.34,0.67,83469.04,83434.31,,0.01,0.99,,Down,Down,yes,ui,76,Down,1
1790562900,btc-updown-5m-1790562900,15,2026-09-28T02:39:45.214Z,14.8,15,0.2,83449.75,83494.37,-5.3441,4-8,0.36,0.66,83449.75,83433.06,,0.01,0.99,,Down,Down,yes,ui,31,Down,1
1790563200,btc-updown-5m-1790563200,240,2026-09-28T02:41:00.293Z,239.7,245,5.3,83463.93,83442.79,2.5335,2-4,0.56,0.45,83463.93,83515.48,0.84,0.85,0.15,0.16,Up,Up,yes,ui,34,Up,1
1790563200,btc-updown-5m-1790563200,210,2026-09-28T02:41:31.292Z,208.7,210,1.3,83496.31,83442.79,6.414,4-8,0.59,0.42,83497.58,83536.22,0.89,0.9,0.1,0.11,Up,Up,yes,ui,936,Up,1
1790563200,btc-updown-5m-1790563200,180,2026-09-28T02:42:00.493Z,179.5,181,1.5,83519.08,83442.79,9.1428,8+,0.58,0.43,83519.08,83481.86,0.7,0.71,0.29,0.3,Up,Up,yes,ui,47,Up,1
1790563200,btc-updown-5m-1790563200,150,2026-09-28T02:42:30.144Z,149.9,152,2.1,83497.68,83442.79,6.5782,4-8,0.68,0.33,83497.68,83464.86,0.7,0.71,0.29,0.3,Up,Up,yes,ui,72,Up,1
1790563200,btc-updown-5m-1790563200,120,2026-09-28T02:43:00.272Z,119.7,120,0.3,83475.27,83442.79,3.8925,2-4,0.7,0.31,83475.27,83469.4,0.73,0.74,0.26,0.27,Up,Up,yes,ui,46,Up,1
1790563200,btc-updown-5m-1790563200,90,2026-09-28T02:43:30.387Z,89.6,93,3.4,83469.79,83442.79,3.2357,2-4,0.79,0.22,83469.79,83468.32,0.8,0.81,0.19,0.2,Up,Up,yes,ui,40,Up,1
1790563200,btc-updown-5m-1790563200,75,2026-09-28T02:43:45.381Z,74.6,78,3.4,83469.51,83442.79,3.2022,2-4,0.62,0.39,83469.09,83469.75,0.81,0.82,0.18,0.19,Up,Up,yes,ui,68,Up,1
1790563200,btc-updown-5m-1790563200,60,2026-09-28T02:44:00.511Z,59.5,62,2.5,83465.23,83442.79,2.6893,2-4,0.69,0.33,83465.2,83476.67,0.96,0.97,0.03,0.04,Up,Up,yes,ui,102,Up,1
1790563200,btc-updown-5m-1790563200,45,2026-09-28T02:44:15.092Z,44.9,47,2.1,83469.93,83442.79,3.2525,2-4,0.7,0.31,83470.59,83496.67,0.99,,,0.01,Up,Up,yes,ui,30,Up,1
1790563200,btc-updown-5m-1790563200,30,2026-09-28T02:44:30.210Z,29.8,32,2.2,83480.19,83442.79,4.4821,4-8,0.7,0.31,83481.0,83500.05,0.99,,,0.01,Up,Up,yes,ui,88,Up,1
1790563200,btc-updown-5m-1790563200,15,2026-09-28T02:44:45.313Z,14.7,16,1.2,83483.92,83442.79,4.9291,4-8,0.69,0.32,83483.92,83478.63,0.99,,,0.01,Up,Up,yes,ui,5,Up,1
1790563500,btc-updown-5m-1790563500,240,2026-09-28T02:46:00.215Z,239.8,,,83492.14,83488.59,0.4251,0-0.5,,,83492.14,83507.81,0.65,0.66,0.34,0.35,Up,Up,yes,api_fallback(ui_unavailable),,Down,0
1790563500,btc-updown-5m-1790563500,210,2026-09-28T02:46:30.938Z,209.1,210,0.9,83502.32,83488.59,1.6445,1-2,0.6,0.41,83501.9,83494.4,0.57,0.58,0.42,0.43,Up,Up,yes,ui,921,Down,0
1790563500,btc-updown-5m-1790563500,180,2026-09-28T02:47:00.546Z,179.5,181,1.5,83498.74,83488.59,1.2157,1-2,0.62,0.39,83498.74,83436.99,0.19,0.2,0.8,0.81,Up,Down,no,ui,30,Down,0
1790563500,btc-updown-5m-1790563500,150,2026-09-28T02:47:30.196Z,149.8,151,1.2,83460.46,83488.59,-3.3693,2-4,0.53,0.48,83460.46,83451.46,0.26,0.27,0.73,0.74,Down,Down,yes,ui,92,Down,1
1790563500,btc-updown-5m-1790563500,120,2026-09-28T02:48:00.319Z,119.7,120,0.3,83433.83,83488.59,-6.559,4-8,0.58,0.43,83433.52,83404.52,0.05,0.06,0.94,0.95,Down,Down,yes,ui,20,Down,1
1790563500,btc-updown-5m-1790563500,90,2026-09-28T02:48:30.479Z,89.5,92,2.5,83419.98,83488.59,-8.2179,8+,0.68,0.33,83419.09,83399.43,0.01,0.02,0.98,0.99,Down,Down,yes,ui,105,Down,1
1790563500,btc-updown-5m-1790563500,75,2026-09-28T02:48:45.092Z,74.9,79,4.1,83406.1,83488.59,-9.8804,8+,0.71,0.3,83406.1,83383.55,,0.01,0.99,,Down,Down,yes,ui,86,Down,1
1790563500,btc-updown-5m-1790563500,60,2026-09-28T02:49:00.170Z,59.8,60,0.1,83397.63,83488.59,-10.8949,8+,0.01,,83397.63,83403.39,,0.01,0.99,,Down,Down,yes,ui,10,Down,1
1790563500,btc-updown-5m-1790563500,45,2026-09-28T02:49:15.243Z,44.8,45,0.2,83396.31,83488.59,-11.053,8+,0.01,,83396.31,83397.25,,0.01,0.99,,Down,Down,yes,ui,9,Down,1
1790563500,btc-updown-5m-1790563500,30,2026-09-28T02:49:30.332Z,29.7,30,0.3,83397.79,83488.59,-10.8757,8+,0.001,,83397.79,83406.13,,0.001,0.999,,Down,Down,yes,ui,6,Down,1
1790563500,btc-updown-5m-1790563500,15,2026-09-28T02:49:45.414Z,14.6,15,0.4,83401.8,83488.59,-10.3954,8+,0.001,,83401.8,83432.29,,0.001,0.999,,Down,Down,yes,ui,9,Down,1
1790563800,btc-updown-5m-1790563800,240,2026-09-28T02:51:00.320Z,239.7,240,0.3,83442.69,83411.99,3.6805,2-4,0.69,0.32,83442.69,83439.4,0.64,0.65,0.35,0.36,Up,Up,yes,ui,5,Up,1
1790563800,btc-updown-5m-1790563800,210,2026-09-28T02:51:30.432Z,209.6,210,0.4,83441.17,83411.99,3.4983,2-4,0.6,0.41,83441.17,83429.86,0.6,0.61,0.39,0.4,Up,Up,yes,ui,31,Up,1
1790563800,btc-updown-5m-1790563800,180,2026-09-28T02:52:00.132Z,179.9,182,2.1,83431.98,83411.99,2.3965,2-4,0.6,0.41,83431.98,83405.65,0.44,0.45,0.55,0.56,Up,Down,no,ui,63,Up,1
1790563800,btc-updown-5m-1790563800,150,2026-09-28T02:52:30.289Z,149.7,151,1.3,83418.5,83411.99,0.7805,0.5-1,0.61,0.4,83418.5,83413.83,0.54,0.55,0.45,0.46,Up,Up,yes,ui,99,Up,1
1790563800,btc-updown-5m-1790563800,120,2026-09-28T02:53:00.433Z,119.6,124,4.4,83416.97,83411.99,0.597,0.5-1,0.59,0.42,83416.97,83426.99,0.72,0.73,0.27,0.28,Up,Up,yes,ui,83,Up,1
1790563800,btc-updown-5m-1790563800,90,2026-09-28T02:53:30.600Z,89.4,92,2.6,83429.14,83411.99,2.0561,2-4,0.58,0.43,83429.14,83434.76,0.73,0.74,0.26,0.27,Up,Up,yes,ui,103,Up,1
1790563800,btc-updown-5m-1790563800,75,2026-09-28T02:53:45.198Z,74.8,77,2.2,83431.86,83411.99,2.3822,2-4,0.58,0.43,83431.86,83421.48,0.79,0.8,0.2,0.21,Up,Up,yes,ui,65,Up,1
1790563800,btc-updown-5m-1790563800,60,2026-09-28T02:54:00.407Z,59.6,63,3.4,83434.8,83411.99,2.7346,2-4,0.52,0.49,83434.8,83442.41,0.86,0.89,0.11,0.14,Up,Up,yes,ui,179,Up,1
1790563800,btc-updown-5m-1790563800,45,2026-09-28T02:54:15.572Z,44.4,52,7.6,83432.63,83411.99,2.4749,2-4,0.49,0.52,83432.63,83419.41,0.87,0.88,0.12,0.13,Up,Up,yes,api_fallback(ui_late),132,Up,1
1790563800,btc-updown-5m-1790563800,30,2026-09-28T02:54:30.205Z,29.8,35,5.2,83430.48,83411.99,2.2167,2-4,0.5,0.51,83428.53,83422.13,0.96,0.97,0.03,0.04,Up,Up,yes,ui,101,Up,1
1790563800,btc-updown-5m-1790563800,15,2026-09-28T02:54:45.348Z,14.7,25,10.3,83428.42,83411.99,1.9698,1-2,0.5,0.51,83428.42,83445.76,0.99,,,0.01,Up,Up,yes,api_fallback(ui_late),112,Up,1
1790564100,btc-updown-5m-1790564100,240,2026-09-28T02:56:00.189Z,239.8,,,83418.05,83429.61,-1.3849,1-2,,,83418.05,83406.07,0.35,0.36,0.64,0.65,Down,Down,yes,api_fallback(ui_unavailable),,Down,1
1790564100,btc-updown-5m-1790564100,210,2026-09-28T02:56:30.384Z,209.6,,,83408.23,83429.61,-2.5625,2-4,,,83408.23,83401.92,0.28,0.29,0.71,0.72,Down,Down,yes,api_fallback(ui_unavailable),,Down,1
1790564100,btc-updown-5m-1790564100,180,2026-09-28T02:57:00.643Z,179.4,181,1.6,83401.56,83429.61,-3.3621,2-4,0.51,0.5,83401.56,83385.94,0.16,0.17,0.83,0.84,Down,Down,yes,ui,232,Down,1
1790564100,btc-updown-5m-1790564100,150,2026-09-28T02:57:30.255Z,149.7,151,1.2,83391.21,83429.61,-4.6027,4-8,0.51,0.5,83391.21,83385.95,0.12,0.13,0.87,0.88,Down,Down,yes,ui,36,Down,1
1790564100,btc-updown-5m-1790564100,120,2026-09-28T02:58:00.378Z,119.6,123,3.4,83386.95,83429.61,-5.1133,4-8,0.18,0.83,83386.91,83385.99,0.1,0.11,0.89,0.9,Down,Down,yes,ui,35,Down,1
1790564100,btc-updown-5m-1790564100,90,2026-09-28T02:58:30.651Z,89.3,94,4.7,83391.79,83429.61,-4.5332,4-8,0.15,0.86,83391.79,83405.62,0.15,0.16,0.84,0.85,Down,Down,yes,ui,157,Down,1
1790564100,btc-updown-5m-1790564100,75,2026-09-28T02:58:45.582Z,74.4,77,2.6,83396.94,83429.61,-3.9159,2-4,0.15,0.86,83397.13,83406.15,0.1,0.11,0.89,0.9,Down,Down,yes,ui,398,Down,1
1790564100,btc-updown-5m-1790564100,60,2026-09-28T02:59:00.179Z,59.8,65,5.2,83399.14,83429.61,-3.6522,2-4,0.15,0.86,83399.14,83401.84,0.03,0.04,0.96,0.97,Down,Down,yes,ui,66,Down,1
1790564100,btc-updown-5m-1790564100,45,2026-09-28T02:59:15.274Z,44.7,48,3.3,83400.45,83429.61,-3.4952,2-4,0.15,0.86,83400.45,83389.33,,0.01,0.99,,Down,Down,yes,ui,54,Down,1
1790564100,btc-updown-5m-1790564100,30,2026-09-28T02:59:30.474Z,29.5,31,1.4,83398.22,83429.61,-3.7625,2-4,0.15,0.86,83398.22,83384.71,,0.01,0.99,,Down,Down,yes,ui,5,Down,1
1790564100,btc-updown-5m-1790564100,15,2026-09-28T02:59:45.055Z,14.9,16,1.0,83392.6,83429.61,-4.4361,4-8,0.15,0.86,83392.6,83382.15,,0.01,0.99,,Down,Down,yes,ui,37,Down,1
1790564400,btc-updown-5m-1790564400,240,2026-09-28T03:01:00.189Z,239.8,,,83479.59,83386.66,11.1435,8+,,,83479.59,83506.34,0.92,0.93,0.07,0.08,Up,Up,yes,api_fallback(ui_unavailable),,Up,1
1790564400,btc-updown-5m-1790564400,210,2026-09-28T03:01:30.484Z,209.5,,,83505.4,83386.66,14.2392,8+,,,83505.4,83492.48,0.94,0.95,0.05,0.06,Up,Up,yes,api_fallback(ui_unavailable),,Up,1
1790564400,btc-updown-5m-1790564400,180,2026-09-28T03:02:00.208Z,179.8,,,83502.96,83386.66,13.9461,8+,,,83502.96,83488.03,0.94,0.95,0.05,0.06,Up,Up,yes,api_fallback(ui_unavailable),,Up,1
1790564400,btc-updown-5m-1790564400,150,2026-09-28T03:02:30.241Z,149.8,152,2.2,83490.2,83386.66,12.4169,8+,0.95,0.06,83490.2,83469.02,0.94,0.95,0.05,0.06,Up,Up,yes,ui,213,Up,1
1790564400,btc-updown-5m-1790564400,120,2026-09-28T03:03:00.685Z,119.3,122,2.7,83474.69,83386.66,10.5568,8+,0.92,0.09,83473.84,83441.87,0.9,0.91,0.09,0.1,Up,Up,yes,ui,311,Up,1
1790564400,btc-updown-5m-1790564400,90,2026-09-28T03:03:30.342Z,89.7,92,2.3,83454.41,83386.66,8.1248,8+,0.96,0.05,83454.41,83442.41,0.95,0.96,0.04,0.05,Up,Up,yes,ui,11,Up,1
1790564400,btc-updown-5m-1790564400,75,2026-09-28T03:03:45.414Z,74.6,77,2.4,83447.97,83386.66,7.3525,4-8,0.98,0.03,83447.97,83429.5,0.97,0.98,0.02,0.03,Up,Up,yes,ui,19,Up,1
1790564400,btc-updown-5m-1790564400,60,2026-09-28T03:04:00.490Z,59.5,62,2.5,83438.78,83386.66,6.2504,4-8,0.99,0.02,83438.78,83435.83,0.99,,,0.01,Up,Up,yes,ui,23,Up,1
1790564400,btc-updown-5m-1790564400,45,2026-09-28T03:04:15.084Z,44.9,47,2.0,83439.67,83386.66,6.3571,4-8,,0.01,83439.67,83457.51,0.99,,,0.01,Up,Up,yes,ui,5,Up,1
1790564400,btc-updown-5m-1790564400,30,2026-09-28T03:04:30.152Z,29.8,32,2.1,83442.99,83386.66,6.7553,4-8,,0.01,83442.99,83469.32,0.99,,,0.01,Up,Up,yes,ui,13,Up,1
1790564400,btc-updown-5m-1790564400,15,2026-09-28T03:04:45.234Z,14.8,17,2.2,83449.83,83386.66,7.5756,4-8,,0.01,83449.83,83445.99,0.99,,,0.01,Up,Up,yes,ui,12,Up,1
1790564700,btc-updown-5m-1790564700,240,2026-09-28T03:06:00.237Z,239.8,242,2.1,83466.95,83454.78,1.4583,1-2,0.36,0.65,83466.95,83444.03,0.33,0.34,0.66,0.67,Up,Down,no,ui,19,Down,0
1790564700,btc-updown-5m-1790564700,210,2026-09-28T03:06:30.345Z,209.7,212,2.3,83450.52,83454.78,-0.5105,0.5-1,0.34,0.67,83450.52,83439.42,0.33,0.34,0.66,0.67,Down,Down,yes,ui,8,Down,1
1790564700,btc-updown-5m-1790564700,180,2026-09-28T03:07:00.459Z,179.5,182,2.4,83438.88,83454.78,-1.9052,1-2,0.28,0.73,83438.88,83438.67,0.27,0.28,0.72,0.73,Down,Down,yes,ui,24,Down,1
1790564700,btc-updown-5m-1790564700,150,2026-09-28T03:07:30.309Z,149.7,152,2.0,83437.72,83454.78,-2.0442,2-4,0.62,0.39,83437.72,83457.96,0.64,0.65,0.35,0.36,Down,Up,no,ui,18,Down,1
1790564700,btc-updown-5m-1790564700,120,2026-09-28T03:08:00.431Z,119.6,122,2.4,83455.43,83454.78,0.0779,0-0.5,0.71,0.3,83455.43,83474.08,0.71,0.72,0.28,0.29,Up,Up,yes,ui,45,Down,0
1790564700,btc-updown-5m-1790564700,90,2026-09-28T03:08:30.549Z,89.5,92,2.5,83468.9,83454.78,1.6919,1-2,0.47,0.54,83468.9,83455.41,0.45,0.46,0.54,0.55,Up,Down,no,ui,6,Down,0
1790564700,btc-updown-5m-1790564700,75,2026-09-28T03:08:45.179Z,74.8,77,2.2,83466.42,83454.78,1.3948,1-2,0.5,0.51,83465.97,83453.28,0.49,0.5,0.5,0.51,Up,Down,no,ui,60,Down,0
1790564700,btc-updown-5m-1790564700,60,2026-09-28T03:09:00.261Z,59.7,62,2.2,83458.95,83454.78,0.4997,0-0.5,0.29,0.72,83458.95,83444.56,0.29,0.3,0.7,0.71,Up,Down,no,ui,11,Down,0
1790564700,btc-updown-5m-1790564700,45,2026-09-28T03:09:15.341Z,44.7,47,2.3,83451.96,83454.78,-0.3379,0-0.5,0.1,0.91,83451.96,83448.37,0.09,0.1,0.9,0.91,Down,Down,yes,ui,16,Down,1
1790564700,btc-updown-5m-1790564700,30,2026-09-28T03:09:30.421Z,29.6,32,2.4,83448.05,83454.78,-0.8064,0.5-1,0.03,0.98,83448.05,83447.56,0.02,0.03,0.97,0.98,Down,Down,yes,ui,42,Down,1
1790564700,btc-updown-5m-1790564700,15,2026-09-28T03:09:45.513Z,14.5,17,2.4,83446.16,83454.78,-1.0329,1-2,0.01,,83446.16,83440.98,,0.01,0.99,,Down,Down,yes,ui,8,Down,1
1790565000,btc-updown-5m-1790565000,240,2026-09-28T03:11:00.280Z,239.7,242,2.2,83460.91,83446.95,1.6729,1-2,0.55,0.46,83460.91,83457.19,0.53,0.54,0.46,0.47,Up,Up,yes,ui,9,Down,0
1790565000,btc-updown-5m-1790565000,210,2026-09-28T03:11:30.418Z,209.6,212,2.4,83440.96,83446.95,-0.7178,0.5-1,0.23,0.78,83440.96,83405.66,0.22,0.23,0.77,0.78,Down,Down,yes,ui,6,Down,1
1790565000,btc-updown-5m-1790565000,180,2026-09-28T03:12:00.551Z,179.4,182,2.6,83408.19,83446.95,-4.6449,4-8,0.09,0.92,83408.19,83378.99,0.08,0.09,0.91,0.92,Down,Down,yes,ui,62,Down,1
1790565000,btc-updown-5m-1790565000,150,2026-09-28T03:12:30.152Z,149.8,152,2.1,83388.13,83446.95,-7.0488,4-8,0.09,0.92,83388.13,83390.09,0.08,0.09,0.91,0.92,Down,Down,yes,ui,26,Down,1
1790565000,btc-updown-5m-1790565000,120,2026-09-28T03:13:00.252Z,119.7,122,2.2,83382.7,83446.95,-7.6995,4-8,0.03,0.98,83382.7,83368.66,0.02,0.03,0.97,0.98,Down,Down,yes,ui,5,Down,1
1790565000,btc-updown-5m-1790565000,90,2026-09-28T03:13:30.384Z,89.6,92,2.4,83388.91,83446.95,-6.9553,4-8,0.23,0.78,83388.91,83433.43,0.22,0.23,0.77,0.78,Down,Down,yes,ui,69,Down,1
1790565000,btc-updown-5m-1790565000,75,2026-09-28T03:13:45.457Z,74.5,77,2.4,83400.45,83446.95,-5.5724,4-8,0.06,0.95,83400.45,83409.63,0.05,0.06,0.94,0.95,Down,Down,yes,ui,22,Down,1
1790565000,btc-updown-5m-1790565000,60,2026-09-28T03:14:00.545Z,59.5,62,2.5,83410.08,83446.95,-4.4184,4-8,0.07,0.94,83410.08,83427.32,0.05,0.06,0.94,0.95,Down,Down,yes,ui,54,Down,1
1790565000,btc-updown-5m-1790565000,45,2026-09-28T03:14:15.147Z,44.9,47,2.1,83422.37,83446.95,-2.9456,2-4,0.02,0.99,83422.37,83418.4,0.01,0.02,0.98,0.99,Down,Down,yes,ui,50,Down,1
1790565000,btc-updown-5m-1790565000,30,2026-09-28T03:14:30.238Z,29.8,32,2.2,83420.6,83446.95,-3.1577,2-4,0.01,,83420.6,83420.97,,0.01,0.99,,Down,Down,yes,ui,13,Down,1
1790565000,btc-updown-5m-1790565000,15,2026-09-28T03:14:45.308Z,14.7,17,2.3,83422.22,83446.95,-2.9636,2-4,0.01,,83422.22,83425.38,,0.01,0.99,,Down,Down,yes,ui,24,Down,1
1790565300,btc-updown-5m-1790565300,240,2026-09-28T03:16:00.331Z,239.7,241,1.3,83406.56,83424.25,-2.1205,2-4,0.3,0.71,83406.56,83394.91,0.29,0.3,0.7,0.71,Down,Down,yes,ui,13,Up,0
1790565300,btc-updown-5m-1790565300,210,2026-09-28T03:16:30.449Z,209.6,211,1.4,83396.11,83424.25,-3.3731,2-4,0.37,0.64,83396.11,83389.17,0.36,0.37,0.63,0.64,Down,Down,yes,ui,20,Up,0
1790565300,btc-updown-5m-1790565300,180,2026-09-28T03:17:00.551Z,179.4,181,1.6,83393.02,83424.25,-3.7435,2-4,0.66,0.35,83393.55,83446.04,0.65,0.66,0.34,0.35,Down,Up,no,ui,60,Up,0
1790565300,btc-updown-5m-1790565300,150,2026-09-28T03:17:30.153Z,149.8,152,2.1,83427.45,83424.25,0.3836,0-0.5,0.86,0.15,83427.45,83469.15,0.87,0.88,0.12,0.13,Up,Up,yes,ui,28,Up,1
1790565300,btc-updown-5m-1790565300,120,2026-09-28T03:18:00.272Z,119.7,122,2.2,83461.42,83424.25,4.4555,4-8,0.94,0.07,83461.42,83483.49,0.93,0.94,0.06,0.07,Up,Up,yes,ui,12,Up,1
1790565300,btc-updown-5m-1790565300,90,2026-09-28T03:18:30.438Z,89.6,91,1.4,83476.23,83424.25,6.2308,4-8,0.92,0.09,83476.23,83462.53,0.9,0.91,0.09,0.1,Up,Up,yes,ui,34,Up,1
1790565300,btc-updown-5m-1790565300,75,2026-09-28T03:18:45.544Z,74.5,76,1.5,83471.78,83424.25,5.6974,4-8,0.67,0.34,83471.78,83432.19,0.66,0.67,0.33,0.34,Up,Up,yes,ui,5,Up,1
1790565300,btc-updown-5m-1790565300,60,2026-09-28T03:19:00.134Z,59.9,62,2.1,83461.37,83424.25,4.4495,4-8,0.79,0.22,83461.37,83433.68,0.78,0.79,0.21,0.22,Up,Up,yes,ui,22,Up,1
1790565300,btc-updown-5m-1790565300,45,2026-09-28T03:19:15.222Z,44.8,47,2.2,83450.29,83424.25,3.1214,2-4,,0.01,83450.29,83462.14,0.99,,,0.01,Up,Up,yes,ui,28,Up,1
1790565300,btc-updown-5m-1790565300,30,2026-09-28T03:19:30.297Z,29.7,31,1.3,83448.85,83424.25,2.9488,2-4,,0.01,83448.85,83482.58,0.99,,,0.01,Up,Up,yes,ui,21,Up,1
1790565300,btc-updown-5m-1790565300,15,2026-09-28T03:19:45.368Z,14.6,16,1.3,83456.06,83424.25,3.813,2-4,,0.01,83456.86,83477.86,0.99,,,0.01,Up,Up,yes,ui,6,Up,1
1790565600,btc-updown-5m-1790565600,240,2026-09-28T03:21:00.469Z,239.5,242,2.4,83459.28,83463.34,-0.4864,0-0.5,0.59,0.42,83459.28,83472.05,0.58,0.59,0.41,0.42,Down,Up,no,ui,31,Down,1
1790565600,btc-updown-5m-1790565600,210,2026-09-28T03:21:30.107Z,209.9,213,3.1,83463.95,83463.34,0.0731,0-0.5,0.35,0.66,83463.95,83450.26,0.34,0.35,0.65,0.66,Up,Down,no,ui,99,Down,0
1790565600,btc-updown-5m-1790565600,180,2026-09-28T03:22:00.226Z,179.8,182,2.2,83454.6,83463.34,-1.0472,1-2,0.22,0.79,83454.6,83426.03,0.21,0.22,0.78,0.79,Down,Down,yes,ui,42,Down,1
1790565600,btc-updown-5m-1790565600,150,2026-09-28T03:22:30.415Z,149.6,152,2.4,83425.28,83463.34,-4.5601,4-8,0.04,0.97,83424.07,83356.07,0.04,0.05,0.95,0.96,Down,Down,yes,ui,120,Down,1
1790565600,btc-updown-5m-1790565600,120,2026-09-28T03:23:00.114Z,119.9,122,2.1,83387.49,83463.34,-9.0878,8+,0.04,0.97,83387.49,83371.68,0.03,0.04,0.96,0.97,Down,Down,yes,ui,28,Down,1
1790565600,btc-updown-5m-1790565600,90,2026-09-28T03:23:30.233Z,89.8,92,2.2,83370.58,83463.34,-11.1139,8+,0.03,0.98,83370.58,83389.76,0.02,0.03,0.97,0.98,Down,Down,yes,ui,67,Down,1
1790565600,btc-updown-5m-1790565600,75,2026-09-28T03:23:45.306Z,74.7,77,2.3,83378.11,83463.34,-10.2117,8+,0.01,,83378.11,83382.19,,0.01,0.99,,Down,Down,yes,ui,6,Down,1
1790565600,btc-updown-5m-1790565600,60,2026-09-28T03:24:00.427Z,59.6,62,2.4,83380.56,83463.34,-9.9181,8+,0.01,,83380.38,83378.46,,0.01,0.99,,Down,Down,yes,ui,73,Down,1
1790565600,btc-updown-5m-1790565600,45,2026-09-28T03:24:15.519Z,44.5,47,2.5,83379.74,83463.34,-10.0164,8+,0.01,,83379.74,83363.01,,0.01,0.99,,Down,Down,yes,ui,5,Down,1
1790565600,btc-updown-5m-1790565600,30,2026-09-28T03:24:30.203Z,29.8,32,2.2,83381.91,83463.34,-9.7564,8+,0.01,,83381.91,83416.07,,0.01,0.99,,Down,Down,yes,ui,145,Down,1
1790565600,btc-updown-5m-1790565600,15,2026-09-28T03:24:45.282Z,14.7,17,2.2,83384.83,83463.34,-9.4065,8+,0.01,,83384.83,83397.56,,0.01,0.99,,Down,Down,yes,ui,11,Down,1
1790565900,btc-updown-5m-1790565900,240,2026-09-28T03:26:00.336Z,239.7,241,1.3,83364.91,83387.03,-2.6527,2-4,0.35,0.66,83364.35,83356.54,0.33,0.34,0.66,0.67,Down,Down,yes,ui,28,Down,1
1790565900,btc-updown-5m-1790565900,210,2026-09-28T03:26:30.437Z,209.6,211,1.4,83359.2,83387.03,-3.3374,2-4,0.37,0.64,83359.2,83363.55,0.36,0.37,0.63,0.64,Down,Down,yes,ui,38,Down,1
1790565900,btc-updown-5m-1790565900,180,2026-09-28T03:27:00.550Z,179.4,181,1.5,83355.24,83387.03,-3.8123,2-4,0.12,0.89,83355.24,83315.7,0.11,0.12,0.88,0.89,Down,Down,yes,ui,41,Down,1
1790565900,btc-updown-5m-1790565900,150,2026-09-28T03:27:30.217Z,149.8,151,1.2,83335.11,83387.03,-6.2264,4-8,0.17,0.84,83335.11,83326.9,0.16,0.17,0.83,0.84,Down,Down,yes,ui,78,Down,1
1790565900,btc-updown-5m-1790565900,120,2026-09-28T03:28:00.344Z,119.7,121,1.3,83324.96,83387.03,-7.4436,4-8,0.08,0.93,83324.96,83322.71,0.07,0.08,0.92,0.93,Down,Down,yes,ui,16,Down,1
1790565900,btc-updown-5m-1790565900,90,2026-09-28T03:28:30.456Z,89.5,91,1.5,83331.24,83387.03,-6.6905,4-8,0.19,0.82,83331.86,83362.81,0.18,0.19,0.81,0.82,Down,Down,yes,ui,69,Down,1
1790565900,btc-updown-5m-1790565900,75,2026-09-28T03:28:45.544Z,74.5,76,1.5,83338.01,83387.03,-5.8786,4-8,0.05,0.96,83338.19,83342.55,0.04,0.05,0.95,0.96,Down,Down,yes,ui,38,Down,1
1790565900,btc-updown-5m-1790565900,60,2026-09-28T03:29:00.151Z,59.8,62,2.2,83342.01,83387.03,-5.3989,4-8,0.01,,83342.01,83331.73,,0.01,0.99,,Down,Down,yes,ui,71,Down,1
1790565900,btc-updown-5m-1790565900,45,2026-09-28T03:29:15.238Z,44.8,46,1.2,83341.33,83387.03,-5.4805,4-8,0.01,,83341.33,83322.74,,0.01,0.99,,Down,Down,yes,ui,21,Down,1
1790565900,btc-updown-5m-1790565900,30,2026-09-28T03:29:30.315Z,29.7,31,1.3,83333.5,83387.03,-6.4195,4-8,0.01,,83333.5,83314.1,,0.01,0.99,,Down,Down,yes,ui,5,Down,1
1790565900,btc-updown-5m-1790565900,15,2026-09-28T03:29:45.388Z,14.6,16,1.3,83323.96,83387.03,-7.5635,4-8,0.01,,83323.96,83290.34,,0.01,0.99,,Down,Down,yes,ui,8,Down,1
1790566200,btc-updown-5m-1790566200,240,2026-09-28T03:31:00.326Z,239.7,242,2.3,83283.3,83315.48,-3.8624,2-4,0.31,0.7,83283.3,83271.87,0.29,0.3,0.7,0.71,Down,Down,yes,ui,41,Down,1
1790566200,btc-updown-5m-1790566200,210,2026-09-28T03:31:30.593Z,209.4,211,1.6,83269.83,83315.48,-5.4792,4-8,0.2,0.81,83269.83,83273.15,0.19,0.2,0.8,0.81,Down,Down,yes,ui,103,Down,1
1790566200,btc-updown-5m-1790566200,180,2026-09-28T03:32:00.193Z,179.8,182,2.2,83261.67,83315.48,-6.4586,4-8,0.14,0.87,83261.67,83251.42,0.13,0.14,0.86,0.87,Down,Down,yes,ui,60,Down,1
1790566200,btc-updown-5m-1790566200,150,2026-09-28T03:32:30.301Z,149.7,152,2.3,83252.44,83315.48,-7.5664,4-8,0.1,0.91,83252.44,83240.79,0.09,0.1,0.9,0.91,Down,Down,yes,ui,26,Down,1
1790566200,btc-updown-5m-1790566200,120,2026-09-28T03:33:00.419Z,119.6,122,2.4,83243.21,83315.48,-8.6743,8+,0.02,0.99,83243.21,83210.8,0.01,0.02,0.98,0.99,Down,Down,yes,ui,62,Down,1
1790566200,btc-updown-5m-1790566200,90,2026-09-28T03:33:30.533Z,89.5,91,1.5,83228.28,83315.48,-10.4662,8+,0.01,,83228.28,83208.34,,0.01,0.99,,Down,Down,yes,ui,26,Down,1
1790566200,btc-updown-5m-1790566200,75,2026-09-28T03:33:45.112Z,74.9,77,2.1,83221.26,83315.48,-11.3088,8+,0.01,,83221.26,83222.03,,0.01,0.99,,Down,Down,yes,ui,25,Down,1
1790566200,btc-updown-5m-1790566200,60,2026-09-28T03:34:00.199Z,59.8,62,2.2,83217.05,83315.48,-11.8141,8+,0.01,,83216.48,83201.66,,0.01,0.99,,Down,Down,yes,ui,24,Down,1
1790566200,btc-updown-5m-1790566200,45,2026-09-28T03:34:15.283Z,44.7,47,2.2,83214.51,83315.48,-12.119,8+,0.01,,83214.51,83226.05,,0.01,0.99,,Down,Down,yes,ui,7,Down,1
1790566200,btc-updown-5m-1790566200,30,2026-09-28T03:34:30.364Z,29.6,32,2.3,83217.07,83315.48,-11.8117,8+,0.01,,83217.07,83235.25,,0.01,0.99,,Down,Down,yes,ui,23,Down,1
1790566200,btc-updown-5m-1790566200,15,2026-09-28T03:34:45.448Z,14.6,16,1.4,83225.49,83315.48,-10.8011,8+,0.01,,83225.49,83266.43,,0.01,0.99,,Down,Down,yes,ui,27,Down,1
1790566500,btc-updown-5m-1790566500,240,2026-09-28T03:36:00.405Z,239.6,242,2.4,83265.55,83237.27,3.3975,2-4,0.84,0.17,83265.55,83299.58,0.84,0.85,0.15,0.16,Up,Up,yes,ui,70,Up,1
1790566500,btc-updown-5m-1790566500,210,2026-09-28T03:36:30.510Z,209.5,212,2.5,83301.17,83237.27,7.6768,4-8,0.95,0.06,83301.17,83327.78,0.94,0.95,0.05,0.06,Up,Up,yes,ui,5,Up,1
1790566500,btc-updown-5m-1790566500,180,2026-09-28T03:37:00.165Z,179.8,182,2.1,83327.38,83237.27,10.8257,8+,0.98,0.03,83327.38,83356.09,0.97,0.98,0.02,0.03,Up,Up,yes,ui,26,Up,1
1790566500,btc-updown-5m-1790566500,150,2026-09-28T03:37:30.279Z,149.7,152,2.2,83362.09,83237.27,14.9957,8+,,0.01,83362.09,83412.34,0.99,,,0.01,Up,Up,yes,ui,6,Up,1
1790566500,btc-updown-5m-1790566500,120,2026-09-28T03:38:00.404Z,119.6,122,2.4,83390.84,83237.27,18.4497,8+,,0.01,83390.84,83393.25,0.99,,,0.01,Up,Up,yes,ui,14,Up,1
1790566500,btc-updown-5m-1790566500,90,2026-09-28T03:38:30.514Z,89.5,92,2.5,83402.14,83237.27,19.8072,8+,,0.01,83402.14,83412.08,0.99,,,0.01,Up,Up,yes,ui,7,Up,1
1790566500,btc-updown-5m-1790566500,75,2026-09-28T03:38:45.101Z,74.9,77,2.1,83404.97,83237.27,20.1472,8+,,0.01,83404.97,83427.22,0.99,,,0.01,Up,Up,yes,ui,45,Up,1
1790566500,btc-updown-5m-1790566500,60,2026-09-28T03:39:00.194Z,59.8,62,2.2,83413.69,83237.27,21.1948,8+,,0.01,83413.69,83423.98,0.99,,,0.01,Up,Up,yes,ui,20,Up,1
1790566500,btc-updown-5m-1790566500,45,2026-09-28T03:39:15.282Z,44.7,47,2.2,83420.12,83237.27,21.9673,8+,,0.01,83420.12,83430.49,0.99,,,0.01,Up,Up,yes,ui,14,Up,1
1790566500,btc-updown-5m-1790566500,30,2026-09-28T03:39:30.368Z,29.6,32,2.3,83424.84,83237.27,22.5344,8+,,0.01,83424.84,83420.66,0.99,,,0.01,Up,Up,yes,ui,9,Up,1
1790566500,btc-updown-5m-1790566500,15,2026-09-28T03:39:45.455Z,14.5,17,2.4,83421.79,83237.27,22.168,8+,,0.001,83421.79,83410.81,0.999,,,0.001,Up,Up,yes,ui,14,Up,1
1790566800,btc-updown-5m-1790566800,240,2026-09-28T03:41:00.501Z,239.5,242,2.5,83419.42,83420.84,-0.1702,0-0.5,0.32,0.69,83418.95,83403.24,0.31,0.32,0.68,0.69,Down,Down,yes,ui,53,Up,0
1790566800,btc-updown-5m-1790566800,210,2026-09-28T03:41:30.139Z,209.9,212,2.1,83402.5,83420.84,-2.1985,2-4,0.31,0.7,83402.5,83389.7,0.3,0.31,0.69,0.7,Down,Down,yes,ui,17,Up,0
1790566800,btc-updown-5m-1790566800,180,2026-09-28T03:42:00.243Z,179.8,182,2.2,83400.48,83420.84,-2.4406,2-4,0.6,0.41,83400.48,83432.56,0.59,0.6,0.4,0.41,Down,Up,no,ui,28,Up,0
1790566800,btc-updown-5m-1790566800,150,2026-09-28T03:42:30.338Z,149.7,152,2.3,83426.0,83420.84,0.6186,0.5-1,0.77,0.24,83426.0,83455.81,0.76,0.77,0.23,0.24,Up,Up,yes,ui,7,Up,1
1790566800,btc-updown-5m-1790566800,120,2026-09-28T03:43:00.350Z,119.6,122,2.3,83447.18,83420.84,3.1575,2-4,0.8,0.21,83447.18,83450.1,0.79,0.8,0.2,0.21,Up,Up,yes,ui,7,Up,1
1790566800,btc-updown-5m-1790566800,90,2026-09-28T03:43:30.450Z,89.5,91,1.4,83455.13,83420.84,4.1105,4-8,0.97,0.04,83455.13,83468.01,0.96,0.97,0.03,0.04,Up,Up,yes,ui,21,Up,1
1790566800,btc-updown-5m-1790566800,75,2026-09-28T03:43:45.056Z,74.9,77,2.0,83459.14,83420.84,4.5912,4-8,0.98,0.03,83459.14,83461.64,0.97,0.98,0.02,0.03,Up,Up,yes,ui,5,Up,1
1790566800,btc-updown-5m-1790566800,60,2026-09-28T03:44:00.125Z,59.9,62,2.1,83462.76,83420.84,5.0251,4-8,,0.01,83462.76,83465.08,0.99,,,0.01,Up,Up,yes,ui,7,Up,1
1790566800,btc-updown-5m-1790566800,45,2026-09-28T03:44:15.205Z,44.8,47,2.2,83466.47,83420.84,5.4699,4-8,,0.01,83466.47,83464.77,0.99,,,0.01,Up,Up,yes,ui,10,Up,1
1790566800,btc-updown-5m-1790566800,30,2026-09-28T03:44:30.278Z,29.7,32,2.2,83465.1,83420.84,5.3056,4-8,,0.01,83465.1,83458.76,0.99,,,0.01,Up,Up,yes,ui,11,Up,1
1790566800,btc-updown-5m-1790566800,15,2026-09-28T03:44:45.352Z,14.6,17,2.3,83462.44,83420.84,4.9868,4-8,,0.01,83462.44,83452.67,0.99,,,0.01,Up,Up,yes,ui,12,Up,1
1790567100,btc-updown-5m-1790567100,240,2026-09-28T03:46:00.281Z,239.7,242,2.3,83424.78,83460.25,-4.2499,4-8,0.26,0.75,83424.78,83424.14,0.25,0.26,0.74,0.75,Down,Down,yes,ui,31,Down,1
1790567100,btc-updown-5m-1790567100,210,2026-09-28T03:46:30.375Z,209.6,212,2.3,83423.92,83460.25,-4.353,4-8,0.25,0.76,83423.92,83418.35,0.24,0.25,0.75,0.76,Down,Down,yes,ui,26,Down,1
1790567100,btc-updown-5m-1790567100,180,2026-09-28T03:47:00.474Z,179.5,182,2.4,83418.36,83460.25,-5.0192,4-8,0.15,0.86,83418.36,83408.72,0.14,0.15,0.85,0.86,Down,Down,yes,ui,5,Down,1
1790567100,btc-updown-5m-1790567100,150,2026-09-28T03:47:30.122Z,149.9,152,2.1,83413.07,83460.25,-5.653,4-8,0.34,0.71,83413.07,83429.09,0.32,0.33,0.67,0.68,Down,Down,yes,ui,13,Down,1
1790567100,btc-updown-5m-1790567100,120,2026-09-28T03:48:00.217Z,119.8,122,2.2,83422.48,83460.25,-4.5255,4-8,0.27,0.74,83422.48,83438.63,0.26,0.27,0.73,0.74,Down,Down,yes,ui,5,Down,1
1790567100,btc-updown-5m-1790567100,90,2026-09-28T03:48:30.341Z,89.7,92,2.3,83429.6,83460.25,-3.6724,2-4,0.07,0.94,83429.6,83424.29,0.04,0.05,0.95,0.96,Down,Down,yes,ui,19,Down,1
1790567100,btc-updown-5m-1790567100,75,2026-09-28T03:48:45.493Z,74.5,77,2.4,83427.31,83460.25,-3.9468,2-4,0.04,0.97,83427.31,83424.52,0.03,0.04,0.96,0.97,Down,Down,yes,ui,6,Down,1
1790567100,btc-updown-5m-1790567100,60,2026-09-28T03:49:00.075Z,59.9,62,2.0,83423.58,83460.25,-4.3937,4-8,0.03,0.98,83423.58,83424.05,0.02,0.03,0.97,0.98,Down,Down,yes,ui,14,Down,1
1790567100,btc-updown-5m-1790567100,45,2026-09-28T03:49:15.161Z,44.8,47,2.1,83422.04,83460.25,-4.5782,4-8,0.01,,83422.04,83420.52,,0.01,0.99,,Down,Down,yes,ui,6,Down,1
1790567100,btc-updown-5m-1790567100,30,2026-09-28T03:49:30.239Z,29.8,32,2.2,83421.29,83460.25,-4.6681,4-8,0.01,,83421.29,83420.59,,0.01,0.99,,Down,Down,yes,ui,5,Down,1
1790567100,btc-updown-5m-1790567100,15,2026-09-28T03:49:45.332Z,14.7,17,2.3,83423.4,83460.25,-4.4153,4-8,0.01,,83423.4,83458.14,,0.01,0.99,,Down,Down,yes,ui,4,Down,1
1790567400,btc-updown-5m-1790567400,240,2026-09-28T03:51:00.385Z,239.6,242,2.3,83397.2,83432.19,-4.1938,4-8,0.5,0.51,83396.84,83418.49,0.49,0.5,0.5,0.51,Down,Down,yes,ui,10,Down,1
1790567400,btc-updown-5m-1790567400,210,2026-09-28T03:51:30.483Z,209.5,212,2.4,83422.11,83432.19,-1.2082,1-2,0.42,0.59,83422.11,83418.45,0.41,0.42,0.58,0.59,Down,Down,yes,ui,6,Down,1
1790567400,btc-updown-5m-1790567400,180,2026-09-28T03:52:00.121Z,179.9,182,2.1,83420.81,83432.19,-1.364,1-2,0.43,0.58,83420.81,83421.48,0.42,0.43,0.57,0.58,Down,Down,yes,ui,11,Down,1
1790567400,btc-updown-5m-1790567400,150,2026-09-28T03:52:30.259Z,149.7,152,2.2,83405.68,83432.19,-3.1774,2-4,0.12,0.89,83405.68,83383.85,0.11,0.12,0.88,0.89,Down,Down,yes,ui,20,Down,1
1790567400,btc-updown-5m-1790567400,120,2026-09-28T03:53:00.395Z,119.6,122,2.4,83389.07,83432.19,-5.1683,4-8,0.08,0.93,83389.07,83380.31,0.07,0.08,0.92,0.93,Down,Down,yes,ui,17,Down,1
1790567400,btc-updown-5m-1790567400,90,2026-09-28T03:53:30.507Z,89.5,92,2.5,83390.63,83432.19,-4.9813,4-8,0.12,0.89,83390.63,83408.88,0.11,0.12,0.88,0.89,Down,Down,yes,ui,42,Down,1
1790567400,btc-updown-5m-1790567400,75,2026-09-28T03:53:45.188Z,74.8,77,2.2,83395.54,83432.19,-4.3928,4-8,0.04,0.97,83395.54,83385.94,0.03,0.04,0.96,0.97,Down,Down,yes,ui,153,Down,1
1790567400,btc-updown-5m-1790567400,60,2026-09-28T03:54:00.270Z,59.7,62,2.2,83397.61,83432.19,-4.1447,4-8,0.03,0.98,83397.61,83387.42,0.02,0.03,0.97,0.98,Down,Down,yes,ui,17,Down,1
1790567400,btc-updown-5m-1790567400,45,2026-09-28T03:54:15.352Z,44.6,47,2.3,83397.78,83432.19,-4.1243,4-8,0.01,,83397.78,83401.74,,0.01,0.99,,Down,Down,yes,ui,10,Down,1
1790567400,btc-updown-5m-1790567400,30,2026-09-28T03:54:30.429Z,29.6,32,2.4,83396.81,83432.19,-4.2406,4-8,0.01,,83396.81,83406.25,,0.01,0.99,,Down,Down,yes,ui,11,Down,1
1790567400,btc-updown-5m-1790567400,15,2026-09-28T03:54:45.506Z,14.5,17,2.5,83395.95,83432.19,-4.3436,4-8,0.01,,83395.95,83390.58,,0.01,0.99,,Down,Down,yes,ui,21,Down,1
1790567700,btc-updown-5m-1790567700,240,2026-09-28T03:56:00.178Z,239.8,242,2.2,83383.42,83397.78,-1.7219,1-2,0.35,0.66,83383.42,83381.26,0.34,0.35,0.65,0.66,Down,Down,yes,ui,97,Down,1
1790567700,btc-updown-5m-1790567700,210,2026-09-28T03:56:30.276Z,209.7,212,2.2,83381.4,83397.78,-1.9641,1-2,0.34,0.67,83381.4,83378.44,0.33,0.34,0.66,0.67,Down,Down,yes,ui,23,Down,1
1790567700,btc-updown-5m-1790567700,180,2026-09-28T03:57:01.223Z,178.8,183,4.2,83378.43,83397.78,-2.3202,2-4,0.2,0.82,83378.21,83365.98,0.18,0.19,0.81,0.82,Down,Down,yes,ui,895,Down,1
1790567700,btc-updown-5m-1790567700,150,2026-09-28T03:57:30.627Z,149.4,152,2.6,83370.25,83397.78,-3.301,2-4,0.19,0.82,83369.78,83347.23,0.07,0.08,0.92,0.93,Down,Down,yes,ui,342,Down,1
1790567700,btc-updown-5m-1790567700,120,2026-09-28T03:58:00.299Z,119.7,123,3.3,83354.96,83397.78,-5.1344,4-8,0.04,0.97,83354.96,83337.25,0.03,0.04,0.96,0.97,Down,Down,yes,ui,7,Down,1
1790567700,btc-updown-5m-1790567700,90,2026-09-28T03:58:30.560Z,89.4,92,2.6,83339.34,83397.78,-7.0074,4-8,0.03,0.98,83339.34,83328.54,,0.01,0.99,,Down,Down,yes,ui,210,Down,1
1790567700,btc-updown-5m-1790567700,75,2026-09-28T03:58:45.181Z,74.8,77,2.2,83332.89,83397.78,-7.7808,4-8,0.01,,83332.89,83294.77,,0.01,0.99,,Down,Down,yes,ui,93,Down,1
1790567700,btc-updown-5m-1790567700,60,2026-09-28T03:59:00.258Z,59.7,62,2.2,83321.6,83397.78,-9.1345,8+,0.01,,83321.6,83306.34,,0.01,0.99,,Down,Down,yes,ui,38,Down,1
1790567700,btc-updown-5m-1790567700,45,2026-09-28T03:59:15.360Z,44.6,47,2.3,83315.88,83397.78,-9.8204,8+,0.001,,83315.68,83318.82,,0.001,0.999,,Down,Down,yes,ui,5,Down,1
1790567700,btc-updown-5m-1790567700,30,2026-09-28T03:59:30.447Z,29.6,32,2.4,83313.49,83397.78,-10.107,8+,0.001,,83313.49,83317.97,,0.001,0.999,,Down,Down,yes,ui,7,Down,1
1790567700,btc-updown-5m-1790567700,15,2026-09-28T03:59:45.526Z,14.5,17,2.5,83313.76,83397.78,-10.0746,8+,0.001,,83313.76,83320.42,,0.001,0.999,,Down,Down,yes,ui,4,Down,1
1790568000,btc-updown-5m-1790568000,240,2026-09-28T04:01:00.248Z,239.8,,,83288.2,83318.56,-3.6449,2-4,,,83288.2,83235.69,0.12,0.13,0.87,0.88,Down,Down,yes,api_fallback(ui_unavailable),,Down,1
1790568000,btc-updown-5m-1790568000,210,2026-09-28T04:01:30.485Z,209.5,,,83242.53,83318.56,-9.1254,8+,,,83242.53,83217.71,0.06,0.07,0.93,0.94,Down,Down,yes,api_fallback(ui_unavailable),,Down,1
1790568000,btc-updown-5m-1790568000,180,2026-09-28T04:02:00.196Z,179.8,,,83229.57,83318.56,-10.681,8+,,,83229.57,83231.89,0.07,0.08,0.92,0.93,Down,Down,yes,api_fallback(ui_unavailable),,Down,1
1790568000,btc-updown-5m-1790568000,150,2026-09-28T04:02:30.369Z,149.6,,,83233.81,83318.56,-10.1722,8+,,,83233.81,83254.37,0.07,0.08,0.92,0.93,Down,Down,yes,api_fallback(ui_unavailable),,Down,1
1790568000,btc-updown-5m-1790568000,120,2026-09-28T04:03:00.217Z,119.8,122,2.2,83243.45,83318.56,-9.0148,8+,0.05,0.96,83243.45,83248.0,0.03,0.04,0.96,0.97,Down,Down,yes,ui,149,Down,1
1790568000,btc-updown-5m-1790568000,90,2026-09-28T04:03:31.320Z,88.7,91,2.3,83251.6,83318.56,-8.0366,8+,0.03,0.98,83251.6,83240.24,0.01,0.02,0.98,0.99,Down,Down,yes,ui,913,Down,1
1790568000,btc-updown-5m-1790568000,75,2026-09-28T04:03:45.395Z,74.6,76,1.4,83251.02,83318.56,-8.1062,8+,0.01,,83251.02,83236.5,,0.01,0.99,,Down,Down,yes,ui,8,Down,1
1790568000,btc-updown-5m-1790568000,60,2026-09-28T04:04:00.465Z,59.5,61,1.4,83248.65,83318.56,-8.3907,8+,0.01,,83248.74,83250.43,,0.01,0.99,,Down,Down,yes,ui,8,Down,1
1790568000,btc-updown-5m-1790568000,45,2026-09-28T04:04:15.549Z,44.5,46,1.5,83251.05,83318.56,-8.1026,8+,0.01,,83251.05,83267.12,,0.01,0.99,,Down,Down,yes,ui,5,Down,1
1790568000,btc-updown-5m-1790568000,30,2026-09-28T04:04:30.124Z,29.9,31,1.1,83250.81,83318.56,-8.1314,8+,0.01,,83250.81,83237.56,,0.01,0.99,,Down,Down,yes,ui,8,Down,1
1790568000,btc-updown-5m-1790568000,15,2026-09-28T04:04:45.205Z,14.8,16,1.2,83247.6,83318.56,-8.5167,8+,0.01,,83247.6,83230.65,,0.01,0.99,,Down,Down,yes,ui,15,Down,1
1790568300,btc-updown-5m-1790568300,240,2026-09-28T04:06:00.330Z,239.7,241,1.3,83241.78,83243.46,-0.2018,0-0.5,0.74,0.28,83241.78,83268.9,0.72,0.73,0.27,0.28,Down,Up,no,ui,23,Up,0
1790568300,btc-updown-5m-1790568300,210,2026-09-28T04:06:30.423Z,209.6,210,0.4,83268.35,83243.46,2.99,2-4,0.7,0.31,83268.35,83288.27,0.69,0.7,0.3,0.31,Up,Up,yes,ui,39,Up,1
1790568300,btc-updown-5m-1790568300,180,2026-09-28T04:07:00.540Z,179.5,180,0.5,83290.81,83243.46,5.6881,4-8,0.95,0.06,83290.81,83319.04,0.94,0.95,0.05,0.06,Up,Up,yes,ui,49,Up,1
1790568300,btc-updown-5m-1790568300,150,2026-09-28T04:07:30.194Z,149.8,151,1.2,83316.92,83243.46,8.8247,8+,0.98,0.03,83316.92,83346.21,0.97,0.98,0.02,0.03,Up,Up,yes,ui,16,Up,1
1790568300,btc-updown-5m-1790568300,120,2026-09-28T04:08:00.324Z,119.7,120,0.3,83342.37,83243.46,11.882,8+,,0.01,83342.37,83360.92,0.99,,,0.01,Up,Up,yes,ui,6,Up,1
1790568300,btc-updown-5m-1790568300,90,2026-09-28T04:08:30.428Z,89.6,90,0.4,83361.16,83243.46,14.1392,8+,,0.01,83361.16,83350.2,0.99,,,0.01,Up,Up,yes,ui,6,Up,1
1790568300,btc-updown-5m-1790568300,75,2026-09-28T04:08:45.510Z,74.5,75,0.5,83358.92,83243.46,13.8702,8+,,0.01,83358.92,83326.71,0.99,,,0.01,Up,Up,yes,ui,15,Up,1
1790568300,btc-updown-5m-1790568300,60,2026-09-28T04:09:00.101Z,59.9,61,1.0,83352.56,83243.46,13.1061,8+,,0.01,83352.56,83301.92,0.99,,,0.01,Up,Up,yes,ui,8,Up,1
1790568300,btc-updown-5m-1790568300,45,2026-09-28T04:09:15.198Z,44.8,46,1.2,83335.74,83243.46,11.0856,8+,,0.01,83335.74,83308.3,0.99,,,0.01,Up,Up,yes,ui,5,Up,1
1790568300,btc-updown-5m-1790568300,30,2026-09-28T04:09:30.270Z,29.7,31,1.2,83318.04,83243.46,8.9593,8+,,0.001,83317.54,83326.24,0.999,,,0.001,Up,Up,yes,ui,18,Up,1
1790568300,btc-updown-5m-1790568300,15,2026-09-28T04:09:45.348Z,14.7,15,0.3,83313.1,83243.46,8.3658,8+,,0.001,83313.1,83301.85,0.999,,,0.001,Up,Up,yes,ui,6,Up,1
1790568600,btc-updown-5m-1790568600,240,2026-09-28T04:11:00.312Z,239.7,240,0.3,83324.59,83308.8,1.8954,1-2,0.77,0.24,83324.59,83346.44,0.76,0.77,0.23,0.24,Up,Up,yes,ui,8,Up,1
1790568600,btc-updown-5m-1790568600,210,2026-09-28T04:11:30.442Z,209.6,210,0.4,83344.11,83308.8,4.2384,4-8,0.79,0.22,83344.11,83346.03,0.78,0.79,0.21,0.22,Up,Up,yes,ui,29,Up,1
1790568600,btc-updown-5m-1790568600,180,2026-09-28T04:12:00.057Z,179.9,180,0.0,83342.97,83308.8,4.1016,4-8,0.75,0.26,83342.97,83334.98,0.74,0.75,0.25,0.26,Up,Up,yes,ui,6,Up,1
1790568600,btc-updown-5m-1790568600,150,2026-09-28T04:12:30.157Z,149.8,150,0.1,83336.34,83308.8,3.3058,2-4,0.84,0.17,83336.25,83341.47,0.83,0.84,0.16,0.17,Up,Up,yes,ui,19,Up,1
1790568600,btc-updown-5m-1790568600,120,2026-09-28T04:13:00.254Z,119.7,120,0.2,83347.06,83308.8,4.5926,4-8,0.96,0.05,83347.06,83368.52,0.95,0.96,0.04,0.05,Up,Up,yes,ui,26,Up,1
1790568600,btc-updown-5m-1790568600,90,2026-09-28T04:13:30.352Z,89.6,90,0.3,83368.81,83308.8,7.2033,4-8,,0.01,83368.81,83408.72,0.99,,,0.01,Up,Up,yes,ui,18,Up,1
1790568600,btc-updown-5m-1790568600,75,2026-09-28T04:13:45.461Z,74.5,75,0.4,83382.8,83308.8,8.8826,8+,,0.01,83382.8,83406.74,0.99,,,0.01,Up,Up,yes,ui,28,Up,1
1790568600,btc-updown-5m-1790568600,60,2026-09-28T04:14:00.532Z,59.5,60,0.5,83389.77,83308.8,9.7193,8+,,0.01,83390.66,83393.39,0.99,,,0.01,Up,Up,yes,ui,5,Up,1
1790568600,btc-updown-5m-1790568600,45,2026-09-28T04:14:15.124Z,44.9,45,0.1,83396.64,83308.8,10.5439,8+,,0.01,83397.2,83404.17,0.99,,,0.01,Up,Up,yes,ui,5,Up,1
1790568600,btc-updown-5m-1790568600,30,2026-09-28T04:14:30.233Z,29.8,30,0.2,83402.35,83308.8,11.2293,8+,,0.01,83402.35,83402.57,0.99,,,0.01,Up,Up,yes,ui,12,Up,1
1790568600,btc-updown-5m-1790568600,15,2026-09-28T04:14:45.320Z,14.7,15,0.3,83401.58,83308.8,11.1369,8+,,0.01,83401.58,83407.48,0.99,,,0.01,Up,Up,yes,ui,6,Up,1
1790568900,btc-updown-5m-1790568900,240,2026-09-28T04:16:00.095Z,239.9,241,1.1,83396.86,83404.11,-0.8693,0.5-1,0.42,0.59,83396.86,83399.85,0.41,0.42,0.58,0.59,Down,Down,yes,ui,9,Up,0
1790568900,btc-updown-5m-1790568900,210,2026-09-28T04:16:30.204Z,209.8,211,1.2,83390.58,83404.11,-1.6222,1-2,0.34,0.67,83390.58,83383.4,0.33,0.34,0.66,0.67,Down,Down,yes,ui,19,Up,0
1790568900,btc-updown-5m-1790568900,180,2026-09-28T04:17:00.347Z,179.7,180,0.3,83380.17,83404.11,-2.8704,2-4,0.12,0.89,83380.17,83348.15,0.11,0.12,0.88,0.89,Down,Down,yes,ui,20,Up,0
1790568900,btc-updown-5m-1790568900,150,2026-09-28T04:17:30.445Z,149.6,150,0.4,83370.48,83404.11,-4.0322,4-8,0.58,0.45,83370.48,83413.65,0.55,0.58,0.42,0.45,Down,Up,no,ui,13,Up,0
1790568900,btc-updown-5m-1790568900,120,2026-09-28T04:18:00.066Z,119.9,121,1.1,83396.72,83404.11,-0.886,0.5-1,0.83,0.18,83396.72,83440.27,0.82,0.83,0.17,0.18,Down,Up,no,ui,50,Up,0
1790568900,btc-updown-5m-1790568900,90,2026-09-28T04:18:30.269Z,89.7,91,1.3,83436.23,83404.11,3.8511,2-4,0.96,0.05,83436.23,83454.82,0.95,0.96,0.04,0.05,Up,Up,yes,ui,155,Up,1
1790568900,btc-updown-5m-1790568900,75,2026-09-28T04:18:45.348Z,74.7,75,0.3,83446.48,83404.11,5.0801,4-8,0.98,0.03,83446.48,83455.48,0.97,0.98,0.02,0.03,Up,Up,yes,ui,52,Up,1
1790568900,btc-updown-5m-1790568900,60,2026-09-28T04:19:00.446Z,59.6,60,0.4,83453.11,83404.11,5.875,4-8,,0.01,83453.11,83466.58,0.99,,,0.01,Up,Up,yes,ui,10,Up,1
1790568900,btc-updown-5m-1790568900,45,2026-09-28T04:19:15.520Z,44.5,45,0.5,83460.65,83404.11,6.779,4-8,,0.01,83460.65,83471.66,0.99,,,0.01,Up,Up,yes,ui,9,Up,1
1790568900,btc-updown-5m-1790568900,30,2026-09-28T04:19:30.087Z,29.9,31,1.1,83464.58,83404.11,7.2502,4-8,,0.01,83464.58,83477.97,0.99,,,0.01,Up,Up,yes,ui,5,Up,1
1790568900,btc-updown-5m-1790568900,15,2026-09-28T04:19:45.154Z,14.8,16,1.1,83470.95,83404.11,8.014,8+,,0.01,83470.95,83478.07,0.99,,,0.01,Up,Up,yes,ui,15,Up,1
1790569200,btc-updown-5m-1790569200,240,2026-09-28T04:21:00.126Z,239.9,241,1.1,83480.09,83476.2,0.466,0-0.5,0.42,0.59,83480.09,83472.42,0.41,0.42,0.58,0.59,Up,Down,no,ui,8,Up,1
1790569200,btc-updown-5m-1790569200,210,2026-09-28T04:21:30.229Z,209.8,210,0.2,83475.51,83476.2,-0.0827,0-0.5,0.53,0.48,83475.51,83467.46,0.52,0.53,0.47,0.48,Down,Up,no,ui,13,Up,0
1790569200,btc-updown-5m-1790569200,180,2026-09-28T04:22:00.864Z,179.1,181,1.8,83471.4,83476.2,-0.575,0.5-1,0.32,0.69,83471.4,83464.22,0.24,0.26,0.74,0.75,Down,Down,yes,ui,548,Up,0
1790569200,btc-updown-5m-1790569200,150,2026-09-28T04:22:30.464Z,149.5,150,0.4,83459.64,83476.2,-1.9838,1-2,0.19,0.82,83459.64,83444.6,0.18,0.19,0.81,0.82,Down,Down,yes,ui,8,Up,0
1790569200,btc-updown-5m-1790569200,120,2026-09-28T04:23:00.117Z,119.9,121,1.1,83450.0,83476.2,-3.1386,2-4,0.42,0.59,83450.0,83456.03,0.41,0.42,0.58,0.59,Down,Down,yes,ui,113,Up,0
1790569200,btc-updown-5m-1790569200,90,2026-09-28T04:23:30.254Z,89.7,90,0.2,83458.59,83476.2,-2.1096,2-4,0.21,0.8,83458.59,83461.43,0.2,0.21,0.79,0.8,Down,Down,yes,ui,20,Up,0
1790569200,btc-updown-5m-1790569200,75,2026-09-28T04:23:45.334Z,74.7,75,0.3,83463.37,83476.2,-1.537,1-2,0.25,0.76,83463.37,83462.49,0.24,0.25,0.75,0.76,Down,Down,yes,ui,48,Up,0
1790569200,btc-updown-5m-1790569200,60,2026-09-28T04:24:00.417Z,59.6,60,0.4,83464.81,83476.2,-1.3645,1-2,0.11,0.9,83464.81,83465.98,0.09,0.1,0.9,0.91,Down,Down,yes,ui,27,Up,0
1790569200,btc-updown-5m-1790569200,45,2026-09-28T04:24:15.526Z,44.5,45,0.5,83465.67,83476.2,-1.2614,1-2,0.67,0.34,83465.67,83486.84,0.67,0.68,0.32,0.33,Down,Up,no,ui,78,Up,0
1790569200,btc-updown-5m-1790569200,30,2026-09-28T04:24:30.123Z,29.9,31,1.1,83470.29,83476.2,-0.708,0.5-1,0.87,0.14,83470.29,83482.58,0.86,0.87,0.14,0.19,Down,Up,no,ui,33,Up,0
1790569200,btc-updown-5m-1790569200,15,2026-09-28T04:24:45.219Z,14.8,15,0.2,83475.37,83476.2,-0.0994,0-0.5,0.93,0.12,83475.37,83484.17,0.92,0.93,0.07,0.08,Down,Up,no,ui,5,Up,0
1790569500,btc-updown-5m-1790569500,240,2026-09-28T04:26:00.783Z,239.2,240,0.8,83465.7,83478.77,-1.5657,1-2,0.53,0.48,83465.64,83475.81,0.5,0.51,0.49,0.5,Down,Up,no,ui,429,Down,1
1790569500,btc-updown-5m-1790569500,210,2026-09-28T04:26:30.813Z,209.2,211,1.8,83468.25,83478.77,-1.2602,1-2,0.36,0.65,83468.62,83470.21,0.36,0.37,0.63,0.64,Down,Down,yes,ui,329,Down,1
1790569500,btc-updown-5m-1790569500,180,2026-09-28T04:27:00.465Z,179.5,180,0.4,83469.08,83478.77,-1.1608,1-2,0.28,0.73,83469.08,83460.32,0.27,0.28,0.72,0.73,Down,Down,yes,ui,7,Down,1
1790569500,btc-updown-5m-1790569500,150,2026-09-28T04:27:30.065Z,149.9,150,0.0,83462.18,83478.77,-1.9873,1-2,0.2,0.81,83462.18,83459.19,0.21,0.22,0.78,0.79,Down,Down,yes,ui,7,Down,1
1790569500,btc-updown-5m-1790569500,120,2026-09-28T04:28:00.161Z,119.8,120,0.1,83458.15,83478.77,-2.4701,2-4,0.19,0.82,83458.04,83455.38,0.18,0.19,0.81,0.82,Down,Down,yes,ui,13,Down,1
1790569500,btc-updown-5m-1790569500,90,2026-09-28T04:28:30.340Z,89.7,90,0.3,83458.77,83478.77,-2.3958,2-4,0.13,0.88,83459.07,83457.88,0.12,0.13,0.87,0.88,Down,Down,yes,ui,5,Down,1
1790569500,btc-updown-5m-1790569500,75,2026-09-28T04:28:45.444Z,74.6,75,0.4,83458.77,83478.77,-2.3958,2-4,0.14,0.87,83459.21,83465.45,0.13,0.14,0.86,0.87,Down,Down,yes,ui,18,Down,1
1790569500,btc-updown-5m-1790569500,60,2026-09-28T04:29:00.510Z,59.5,60,0.5,83458.77,83478.77,-2.3958,2-4,0.06,0.95,83460.91,83459.1,0.06,0.07,0.93,0.94,Down,Down,yes,ui,6,Down,1
1790569500,btc-updown-5m-1790569500,45,2026-09-28T04:29:15.105Z,44.9,45,0.0,83458.77,83478.77,-2.3958,2-4,0.05,0.96,83460.24,83460.14,0.04,0.05,0.95,0.96,Down,Down,yes,ui,5,Down,1
1790569500,btc-updown-5m-1790569500,30,2026-09-28T04:29:30.177Z,29.8,30,0.1,83458.77,83478.77,-2.3958,2-4,0.01,,83459.81,83468.25,,0.01,0.99,,Down,Down,yes,ui,9,Down,1
1790569500,btc-updown-5m-1790569500,15,2026-09-28T04:29:45.250Z,14.7,15,0.2,83458.77,83478.77,-2.3958,2-4,0.01,,83463.69,83469.07,,0.01,0.99,,Down,Down,yes,ui,4,Down,1
1790569800,btc-updown-5m-1790569800,240,2026-09-28T04:31:00.265Z,239.7,240,0.2,83454.45,83463.33,-1.0639,1-2,0.38,0.63,83454.45,83452.16,0.37,0.38,0.62,0.63,Down,Down,yes,ui,6,Down,1
1790569800,btc-updown-5m-1790569800,210,2026-09-28T04:31:30.358Z,209.6,210,0.3,83449.33,83463.33,-1.6774,1-2,0.29,0.72,83449.52,83442.68,0.28,0.29,0.71,0.72,Down,Down,yes,ui,6,Down,1
1790569800,btc-updown-5m-1790569800,180,2026-09-28T04:32:00.454Z,179.5,180,0.4,83441.23,83463.33,-2.6479,2-4,0.26,0.75,83441.23,83439.96,0.29,0.3,0.7,0.71,Down,Down,yes,ui,44,Down,1
1790569800,btc-updown-5m-1790569800,150,2026-09-28T04:32:30.483Z,149.5,150,0.4,83438.64,83463.33,-2.9582,2-4,0.22,0.79,83438.64,83439.02,0.21,0.22,0.78,0.79,Down,Down,yes,ui,7,Down,1
1790569800,btc-updown-5m-1790569800,120,2026-09-28T04:33:00.124Z,119.9,120,0.1,83438.16,83463.33,-3.0157,2-4,0.07,0.94,83438.16,83431.17,0.06,0.07,0.93,0.94,Down,Down,yes,ui,22,Down,1
1790569800,btc-updown-5m-1790569800,90,2026-09-28T04:33:30.222Z,89.8,90,0.2,83430.44,83463.33,-3.9407,2-4,0.09,0.92,83430.44,83419.3,0.08,0.09,0.91,0.93,Down,Down,yes,ui,10,Down,1
1790569800,btc-updown-5m-1790569800,75,2026-09-28T04:33:45.325Z,74.7,75,0.3,83427.8,83463.33,-4.257,4-8,0.02,0.99,83427.8,83426.14,0.01,0.02,0.98,0.99,Down,Down,yes,ui,32,Down,1
1790569800,btc-updown-5m-1790569800,60,2026-09-28T04:34:00.415Z,59.6,60,0.4,83425.35,83463.33,-4.5505,4-8,0.01,,83425.35,83421.91,,0.01,0.99,,Down,Down,yes,ui,32,Down,1
1790569800,btc-updown-5m-1790569800,45,2026-09-28T04:34:15.500Z,44.5,45,0.4,83424.48,83463.33,-4.6547,4-8,0.01,,83424.48,83424.54,,0.01,0.99,,Down,Down,yes,ui,4,Down,1
1790569800,btc-updown-5m-1790569800,30,2026-09-28T04:34:30.081Z,29.9,30,0.0,83425.53,83463.33,-4.5289,4-8,0.01,,83425.53,83426.19,,0.01,0.99,,Down,Down,yes,ui,6,Down,1
1790569800,btc-updown-5m-1790569800,15,2026-09-28T04:34:45.158Z,14.8,15,0.1,83423.37,83463.33,-4.7877,4-8,0.01,,83423.06,83412.03,,0.01,0.99,,Down,Down,yes,ui,6,Down,1
1790570100,btc-updown-5m-1790570100,240,2026-09-28T04:36:00.498Z,239.5,240,0.4,83426.09,83419.88,0.7444,0.5-1,0.57,0.44,83426.26,83421.73,0.56,0.57,0.43,0.44,Up,Up,yes,ui,5,Up,1
1790570100,btc-updown-5m-1790570100,210,2026-09-28T04:36:30.097Z,209.9,211,1.1,83423.63,83419.88,0.4495,0-0.5,0.5,0.51,83423.63,83422.37,0.49,0.5,0.5,0.51,Up,Down,no,ui,14,Up,1
1790570100,btc-updown-5m-1790570100,180,2026-09-28T04:37:00.193Z,179.8,180,0.2,83424.57,83419.88,0.5622,0.5-1,0.57,0.44,83424.57,83430.97,0.56,0.57,0.43,0.44,Up,Up,yes,ui,23,Up,1
1790570100,btc-updown-5m-1790570100,150,2026-09-28T04:37:30.290Z,149.7,150,0.3,83428.95,83419.88,1.0873,1-2,0.61,0.4,83428.95,83433.21,0.6,0.61,0.39,0.4,Up,Up,yes,ui,34,Up,1
1790570100,btc-updown-5m-1790570100,120,2026-09-28T04:38:00.395Z,119.6,120,0.4,83427.16,83419.88,0.8727,0.5-1,0.77,0.24,83427.11,83431.9,0.73,0.74,0.26,0.27,Up,Up,yes,ui,34,Up,1
1790570100,btc-updown-5m-1790570100,90,2026-09-28T04:38:30.492Z,89.5,90,0.5,83427.98,83419.88,0.971,0.5-1,0.85,0.16,83427.98,83435.28,0.83,0.84,0.16,0.17,Up,Up,yes,ui,55,Up,1
1790570100,btc-updown-5m-1790570100,75,2026-09-28T04:38:45.139Z,74.9,76,1.1,83431.29,83419.88,1.3678,1-2,0.97,0.04,83431.29,83448.44,0.96,0.97,0.03,0.04,Up,Up,yes,ui,79,Up,1
1790570100,btc-updown-5m-1790570100,60,2026-09-28T04:39:00.216Z,59.8,60,0.2,83439.47,83419.88,2.3484,2-4,0.99,0.02,83439.47,83453.49,0.98,0.99,0.01,0.02,Up,Up,yes,ui,23,Up,1
1790570100,btc-updown-5m-1790570100,45,2026-09-28T04:39:15.333Z,44.7,45,0.3,83444.41,83419.88,2.9405,2-4,,0.01,83444.41,83454.46,0.99,,,0.01,Up,Up,yes,ui,41,Up,1
1790570100,btc-updown-5m-1790570100,30,2026-09-28T04:39:30.424Z,29.6,30,0.4,83449.73,83419.88,3.5783,2-4,,0.01,83449.73,83455.23,0.99,,,0.01,Up,Up,yes,ui,4,Up,1
1790570100,btc-updown-5m-1790570100,15,2026-09-28T04:39:45.508Z,14.5,15,0.5,83454.4,83419.88,4.1381,4-8,,0.01,83454.4,83458.23,0.99,,,0.01,Up,Up,yes,ui,16,Up,1
1790570400,btc-updown-5m-1790570400,240,2026-09-28T04:41:00.301Z,239.7,240,0.3,83442.45,83454.26,-1.4151,1-2,0.42,0.59,83442.45,83443.06,0.41,0.42,0.58,0.59,Down,Down,yes,ui,11,Up,0
1790570400,btc-updown-5m-1790570400,210,2026-09-28T04:41:30.406Z,209.6,210,0.4,83442.98,83454.26,-1.3516,1-2,0.65,0.36,83442.98,83443.06,0.64,0.65,0.35,0.36,Down,Up,no,ui,14,Up,0
1790570400,btc-updown-5m-1790570400,180,2026-09-28T04:42:00.503Z,179.5,180,0.5,83444.84,83454.26,-1.1288,1-2,0.81,0.2,83444.84,83446.22,0.79,0.8,0.2,0.21,Down,Up,no,ui,6,Up,0
1790570400,btc-updown-5m-1790570400,150,2026-09-28T04:42:30.120Z,149.9,151,1.1,83449.26,83454.26,-0.5991,0.5-1,0.94,0.07,83449.26,83469.69,0.93,0.94,0.06,0.07,Down,Up,no,ui,70,Up,0
1790570400,btc-updown-5m-1790570400,120,2026-09-28T04:43:00.254Z,119.7,120,0.2,83464.86,83454.26,1.2702,1-2,0.94,0.07,83465.49,83484.48,0.94,0.95,0.05,0.06,Up,Up,yes,ui,17,Up,1
1790570400,btc-updown-5m-1790570400,90,2026-09-28T04:43:30.365Z,89.6,90,0.4,83482.55,83454.26,3.3899,2-4,0.93,0.08,83482.55,83491.75,0.94,0.95,0.05,0.06,Up,Up,yes,ui,55,Up,1
1790570400,btc-updown-5m-1790570400,75,2026-09-28T04:43:45.486Z,74.5,75,0.5,83485.85,83454.26,3.7853,2-4,0.96,0.05,83485.85,83480.83,0.95,0.96,0.04,0.05,Up,Up,yes,ui,96,Up,1
1790570400,btc-updown-5m-1790570400,60,2026-09-28T04:44:00.073Z,59.9,61,1.0,83485.64,83454.26,3.7601,2-4,0.98,0.03,83485.64,83480.01,0.97,0.98,0.02,0.03,Up,Up,yes,ui,9,Up,1
1790570400,btc-updown-5m-1790570400,45,2026-09-28T04:44:15.155Z,44.8,45,0.1,83483.99,83454.26,3.5624,2-4,,0.01,83483.99,83477.15,0.99,,,0.01,Up,Up,yes,ui,15,Up,1
1790570400,btc-updown-5m-1790570400,30,2026-09-28T04:44:30.258Z,29.7,30,0.3,83480.8,83454.26,3.1802,2-4,,0.01,83480.8,83479.01,0.99,,,0.01,Up,Up,yes,ui,62,Up,1
1790570400,btc-updown-5m-1790570400,15,2026-09-28T04:44:45.334Z,14.7,15,0.3,83478.51,83454.26,2.9058,2-4,,0.01,83478.51,83477.41,0.99,,,0.01,Up,Up,yes,ui,16,Up,1
1790570700,btc-updown-5m-1790570700,240,2026-09-28T04:46:00.357Z,239.6,240,0.3,83469.34,83477.64,-0.9943,0.5-1,0.38,0.63,83469.34,83465.55,0.37,0.38,0.62,0.63,Down,Down,yes,ui,5,Down,1
1790570700,btc-updown-5m-1790570700,210,2026-09-28T04:46:30.452Z,209.5,210,0.4,83465.47,83477.64,-1.4579,1-2,0.27,0.74,83465.47,83462.95,0.26,0.27,0.73,0.74,Down,Down,yes,ui,8,Down,1
1790570700,btc-updown-5m-1790570700,180,2026-09-28T04:47:00.552Z,179.4,180,0.5,83462.09,83477.64,-1.8628,1-2,0.17,0.84,83462.09,83454.51,0.16,0.17,0.83,0.84,Down,Down,yes,ui,8,Down,1
1790570700,btc-updown-5m-1790570700,150,2026-09-28T04:47:30.143Z,149.9,150,0.1,83454.77,83477.64,-2.7397,2-4,0.09,0.92,83454.77,83446.2,0.08,0.09,0.91,0.92,Down,Down,yes,ui,5,Down,1
1790570700,btc-updown-5m-1790570700,120,2026-09-28T04:48:00.293Z,119.7,120,0.3,83443.49,83477.64,-4.0909,4-8,0.03,0.98,83443.49,83427.39,0.02,0.03,0.97,0.98,Down,Down,yes,ui,44,Down,1
1790570700,btc-updown-5m-1790570700,90,2026-09-28T04:48:30.393Z,89.6,90,0.3,83427.94,83477.64,-5.9537,4-8,0.01,,83427.94,83415.5,,0.01,0.99,,Down,Down,yes,ui,6,Down,1
1790570700,btc-updown-5m-1790570700,75,2026-09-28T04:48:45.470Z,74.5,75,0.4,83420.82,83477.64,-6.8066,4-8,0.01,,83421.08,83415.15,,0.01,0.99,,Down,Down,yes,ui,24,Down,1
1790570700,btc-updown-5m-1790570700,60,2026-09-28T04:49:00.545Z,59.5,60,0.5,83417.0,83477.64,-7.2642,4-8,0.01,,83417.0,83418.95,,0.01,0.99,,Down,Down,yes,ui,14,Down,1
1790570700,btc-updown-5m-1790570700,45,2026-09-28T04:49:15.145Z,44.9,45,0.1,83415.94,83477.64,-7.3912,4-8,0.01,,83415.94,83412.88,,0.01,0.99,,Down,Down,yes,ui,5,Down,1
1790570700,btc-updown-5m-1790570700,30,2026-09-28T04:49:30.218Z,29.8,30,0.2,83415.23,83477.64,-7.4763,4-8,0.001,,83415.23,83415.13,,0.001,0.999,,Down,Down,yes,ui,5,Down,1
1790570700,btc-updown-5m-1790570700,15,2026-09-28T04:49:45.302Z,14.7,15,0.3,83415.59,83477.64,-7.4331,4-8,0.001,,83415.59,83415.08,,0.001,0.999,,Down,Down,yes,ui,12,Down,1
1790571000,btc-updown-5m-1790571000,240,2026-09-28T04:51:00.233Z,239.8,240,0.2,83435.8,83415.71,2.4084,2-4,0.87,0.14,83435.8,83456.39,0.86,0.87,0.13,0.14,Up,Up,yes,ui,5,Up,1
1790571000,btc-updown-5m-1790571000,210,2026-09-28T04:51:30.330Z,209.7,210,0.3,83448.86,83415.71,3.9741,2-4,0.88,0.13,83449.2,83456.53,0.87,0.88,0.12,0.13,Up,Up,yes,ui,6,Up,1
1790571000,btc-updown-5m-1790571000,180,2026-09-28T04:52:00.454Z,179.5,180,0.4,83455.97,83415.71,4.8264,4-8,0.91,0.1,83455.97,83455.16,0.9,0.91,0.09,0.1,Up,Up,yes,ui,6,Up,1
1790571000,btc-updown-5m-1790571000,150,2026-09-28T04:52:30.098Z,149.9,150,0.1,83457.09,83415.71,4.9607,4-8,0.98,0.03,83457.09,83476.18,0.97,0.98,0.02,0.03,Up,Up,yes,ui,5,Up,1
1790571000,btc-updown-5m-1790571000,120,2026-09-28T04:53:00.189Z,119.8,120,0.2,83467.51,83415.71,6.2099,4-8,0.98,0.03,83467.51,83475.21,0.97,0.98,0.02,0.03,Up,Up,yes,ui,23,Up,1
1790571000,btc-updown-5m-1790571000,90,2026-09-28T04:53:30.283Z,89.7,90,0.3,83475.52,83415.71,7.1701,4-8,0.99,0.02,83475.52,83474.02,0.99,,,0.01,Up,Up,yes,ui,16,Up,1
1790571000,btc-updown-5m-1790571000,75,2026-09-28T04:53:45.361Z,74.6,75,0.3,83474.68,83415.71,7.0694,4-8,,0.01,83474.68,83474.38,0.99,,,0.01,Up,Up,yes,ui,5,Up,1
1790571000,btc-updown-5m-1790571000,60,2026-09-28T04:54:00.437Z,59.6,60,0.4,83474.52,83415.71,7.0502,4-8,,0.01,83474.52,83474.75,0.99,,,0.01,Up,Up,yes,ui,4,Up,1
1790571000,btc-updown-5m-1790571000,45,2026-09-28T04:54:15.518Z,44.5,45,0.5,83474.49,83415.71,7.0466,4-8,,0.001,83474.49,83474.6,0.999,,,0.001,Up,Up,yes,ui,5,Up,1
1790571000,btc-updown-5m-1790571000,30,2026-09-28T04:54:30.115Z,29.9,30,0.1,83474.48,83415.71,7.0454,4-8,,0.001,83474.5,83475.01,0.999,,,0.001,Up,Up,yes,ui,21,Up,1
1790571000,btc-updown-5m-1790571000,15,2026-09-28T04:54:45.201Z,14.8,15,0.2,83474.55,83415.71,7.0538,4-8,,0.001,83474.55,83462.15,0.999,,,0.001,Up,Up,yes,ui,11,Up,1
1790571300,btc-updown-5m-1790571300,240,2026-09-28T04:56:00.369Z,239.6,240,0.3,83443.11,83470.36,-3.2646,2-4,0.27,0.74,83443.11,83439.12,0.26,0.27,0.73,0.74,Down,Down,yes,ui,13,Up,0
1790571300,btc-updown-5m-1790571300,210,2026-09-28T04:56:30.464Z,209.5,210,0.4,83442.46,83470.36,-3.3425,2-4,0.46,0.55,83442.46,83453.48,0.45,0.46,0.54,0.55,Down,Down,yes,ui,27,Up,0
1790571300,btc-updown-5m-1790571300,180,2026-09-28T04:57:00.076Z,179.9,181,1.0,83448.87,83470.36,-2.5746,2-4,0.26,0.75,83448.87,83436.15,0.25,0.26,0.74,0.75,Down,Down,yes,ui,11,Up,0
1790571300,btc-updown-5m-1790571300,150,2026-09-28T04:57:30.178Z,149.8,150,0.1,83443.47,83470.36,-3.2215,2-4,0.3,0.71,83443.47,83435.42,0.29,0.3,0.7,0.71,Down,Down,yes,ui,11,Up,0
1790571300,btc-updown-5m-1790571300,120,2026-09-28T04:58:00.346Z,119.7,120,0.3,83438.97,83470.36,-3.7606,2-4,0.9,0.11,83438.97,83482.21,0.89,0.9,0.1,0.11,Down,Up,no,ui,52,Up,0
1790571300,btc-updown-5m-1790571300,90,2026-09-28T04:58:30.439Z,89.6,90,0.4,83464.26,83470.36,-0.7308,0.5-1,0.9,0.11,83464.26,83488.07,0.89,0.9,0.1,0.11,Down,Up,no,ui,7,Up,0
1790571300,btc-updown-5m-1790571300,75,2026-09-28T04:58:45.556Z,74.4,75,0.5,83477.57,83470.36,0.8638,0.5-1,0.93,0.08,83477.57,83488.95,0.92,0.93,0.07,0.08,Up,Up,yes,ui,46,Up,1
1790571300,btc-updown-5m-1790571300,60,2026-09-28T04:59:00.144Z,59.9,61,1.1,83487.32,83470.36,2.0319,2-4,0.98,0.03,83487.32,83487.36,0.97,0.98,0.02,0.03,Up,Up,yes,ui,68,Up,1
1790571300,btc-updown-5m-1790571300,45,2026-09-28T04:59:15.228Z,44.8,45,0.2,83487.7,83470.36,2.0774,2-4,0.99,0.02,83487.7,83485.78,0.98,0.99,0.01,0.02,Up,Up,yes,ui,31,Up,1
1790571300,btc-updown-5m-1790571300,30,2026-09-28T04:59:30.299Z,29.7,30,0.3,83487.22,83470.36,2.0199,2-4,,0.01,83487.22,83482.85,0.99,,,0.01,Up,Up,yes,ui,23,Up,1
1790571300,btc-updown-5m-1790571300,15,2026-09-28T04:59:45.377Z,14.6,15,0.3,83485.94,83470.36,1.8665,1-2,,0.01,83485.94,83483.76,0.99,,,0.01,Up,Up,yes,ui,4,Up,1
1790571600,btc-updown-5m-1790571600,240,2026-09-28T05:01:00.538Z,239.5,240,0.5,83489.97,83484.56,0.648,0.5-1,0.62,0.39,83489.97,83508.97,0.63,0.66,0.34,0.35,Up,Up,yes,ui,83,Down,0
1790571600,btc-updown-5m-1790571600,210,2026-09-28T05:01:30.152Z,209.8,211,1.1,83501.91,83484.56,2.0782,2-4,0.58,0.43,83501.91,83499.86,0.57,0.58,0.42,0.43,Up,Up,yes,ui,38,Down,0
1790571600,btc-updown-5m-1790571600,180,2026-09-28T05:02:00.138Z,179.9,181,1.1,83500.9,83484.56,1.9572,1-2,0.49,0.52,83500.63,83493.37,0.48,0.49,0.51,0.52,Up,Down,no,ui,34,Down,0
1790571600,btc-updown-5m-1790571600,150,2026-09-28T05:02:30.250Z,149.7,150,0.2,83483.97,83484.56,-0.0707,0-0.5,0.08,0.93,83483.97,83434.87,0.06,0.07,0.93,0.94,Down,Down,yes,ui,31,Down,1
1790571600,btc-updown-5m-1790571600,120,2026-09-28T05:03:00.381Z,119.6,121,1.4,83444.44,83484.56,-4.8057,4-8,0.03,0.98,83442.94,83401.5,0.01,0.02,0.98,0.99,Down,Down,yes,ui,67,Down,1
1790571600,btc-updown-5m-1790571600,90,2026-09-28T05:03:30.500Z,89.5,90,0.5,83406.54,83484.56,-9.3454,8+,0.01,,83404.31,83363.15,,0.01,0.99,,Down,Down,yes,ui,8,Down,1
1790571600,btc-updown-5m-1790571600,75,2026-09-28T05:03:45.073Z,74.9,76,1.0,83389.64,83484.56,-11.3698,8+,0.01,,83388.96,83361.38,,0.01,0.99,,Down,Down,yes,ui,22,Down,1
1790571600,btc-updown-5m-1790571600,60,2026-09-28T05:04:00.154Z,59.8,61,1.1,83383.16,83484.56,-12.146,8+,0.01,,83383.16,83383.19,,0.01,0.99,,Down,Down,yes,ui,7,Down,1
1790571600,btc-updown-5m-1790571600,45,2026-09-28T05:04:15.245Z,44.8,45,0.2,83377.84,83484.56,-12.7832,8+,0.01,,83377.84,83361.07,,0.01,0.99,,Down,Down,yes,ui,22,Down,1
1790571600,btc-updown-5m-1790571600,30,2026-09-28T05:04:30.327Z,29.7,30,0.3,83369.31,83484.56,-13.8049,8+,0.01,,83369.31,83360.74,,0.01,0.99,,Down,Down,yes,ui,15,Down,1
1790571600,btc-updown-5m-1790571600,15,2026-09-28T05:04:45.408Z,14.6,15,0.4,83369.84,83484.56,-13.7415,8+,0.01,,83369.89,83372.84,,0.01,0.99,,Down,Down,yes,ui,7,Down,1
1790571900,btc-updown-5m-1790571900,240,2026-09-28T05:06:08.407Z,231.6,,,83397.8,83368.79,3.4806,2-4,,,83397.8,83382.59,0.56,0.57,0.43,0.44,Up,Up,yes,api_fallback(ui_unavailable),,Down,0
1790571900,btc-updown-5m-1790571900,210,2026-09-28T05:06:35.733Z,204.3,,,83397.23,83368.79,3.4123,2-4,,,83397.23,83398.37,0.74,0.75,0.25,0.26,Up,Up,yes,api_fallback(ui_unavailable),,Down,0
1790571900,btc-updown-5m-1790571900,180,2026-09-28T05:07:05.828Z,174.2,,,83392.1,83368.79,2.7969,2-4,,,83392.1,83373.23,0.57,0.58,0.42,0.43,Up,Up,yes,api_fallback(ui_unavailable),,Down,0
1790571900,btc-updown-5m-1790571900,150,2026-09-28T05:07:30.513Z,149.5,150,0.5,83380.49,83368.79,1.4034,1-2,0.37,0.64,83380.49,83358.41,0.31,0.32,0.68,0.69,Up,Down,no,ui,120,Down,0
1790571900,btc-updown-5m-1790571900,120,2026-09-28T05:08:00.288Z,119.7,121,1.2,83361.76,83368.79,-0.8432,0.5-1,0.33,0.68,83361.76,83355.9,0.36,0.37,0.63,0.64,Down,Down,yes,ui,24,Down,1
1790571900,btc-updown-5m-1790571900,90,2026-09-28T05:08:30.409Z,89.6,91,1.4,83356.48,83368.79,-1.4766,1-2,0.31,0.7,83356.48,83353.46,0.08,0.1,0.91,0.92,Down,Down,yes,ui,42,Down,1
1790571900,btc-updown-5m-1790571900,75,2026-09-28T05:08:45.513Z,74.5,76,1.5,83355.45,83368.79,-1.6001,1-2,0.38,0.63,83355.47,83357.01,0.12,0.13,0.87,0.88,Down,Down,yes,ui,45,Down,1
1790571900,btc-updown-5m-1790571900,60,2026-09-28T05:09:00.236Z,59.8,60,0.2,83353.93,83368.79,-1.7824,1-2,0.35,0.66,83353.93,83347.87,0.02,0.03,0.97,0.98,Down,Down,yes,ui,189,Down,1
1790571900,btc-updown-5m-1790571900,45,2026-09-28T05:09:15.317Z,44.7,46,1.3,83351.77,83368.79,-2.0415,2-4,0.36,0.65,83351.61,83339.99,,0.01,0.99,,Down,Down,yes,ui,32,Down,1
1790571900,btc-updown-5m-1790571900,30,2026-09-28T05:09:30.401Z,29.6,30,0.4,83347.25,83368.79,-2.5837,2-4,0.32,0.69,83347.25,83336.11,,0.01,0.99,,Down,Down,yes,ui,34,Down,1
1790571900,btc-updown-5m-1790571900,15,2026-09-28T05:09:45.486Z,14.5,15,0.4,83343.4,83368.79,-3.0455,2-4,0.36,0.65,83342.75,83340.31,,0.01,0.99,,Down,Down,yes,ui,13,Down,1
1790572200,btc-updown-5m-1790572200,240,2026-09-28T05:11:07.169Z,232.8,,,83337.35,83340.02,-0.3202,0-0.5,,,83337.35,83337.82,0.45,0.46,0.54,0.55,Down,Down,yes,api_fallback(ui_unavailable),,Down,1
1790572200,btc-updown-5m-1790572200,210,2026-09-28T05:11:36.073Z,203.9,220,16.1,83338.66,83340.02,-0.1631,0-0.5,0.44,0.57,83338.66,83336.92,0.44,0.45,0.55,0.56,Down,Down,yes,api_fallback(ui_late),4307,Down,1
1790572200,btc-updown-5m-1790572200,180,2026-09-28T05:12:00.371Z,179.6,181,1.4,83336.3,83340.02,-0.4464,0-0.5,0.36,0.65,83336.3,83330.98,0.21,0.22,0.78,0.79,Down,Down,yes,ui,247,Down,1
1790572200,btc-updown-5m-1790572200,150,2026-09-28T05:12:30.193Z,149.8,151,1.2,83328.72,83340.02,-1.3559,1-2,0.28,0.73,83328.49,83323.54,0.25,0.26,0.74,0.75,Down,Down,yes,ui,74,Down,1
1790572200,btc-updown-5m-1790572200,120,2026-09-28T05:13:00.391Z,119.6,121,1.4,83324.36,83340.02,-1.879,1-2,0.27,0.74,83324.36,83319.77,0.17,0.18,0.82,0.83,Down,Down,yes,ui,49,Down,1
1790572200,btc-updown-5m-1790572200,90,2026-09-28T05:13:30.779Z,89.2,90,0.8,83313.87,83340.02,-3.1377,2-4,0.28,0.73,83313.18,83285.13,0.01,0.02,0.98,0.99,Down,Down,yes,ui,323,Down,1
1790572200,btc-updown-5m-1790572200,75,2026-09-28T05:13:45.374Z,74.6,77,2.3,83304.16,83340.02,-4.3029,4-8,0.31,0.7,83304.16,83286.85,,0.01,0.99,,Down,Down,yes,ui,37,Down,1
1790572200,btc-updown-5m-1790572200,60,2026-09-28T05:14:00.593Z,59.4,60,0.6,83293.87,83340.02,-5.5376,4-8,0.27,0.74,83293.87,83285.63,,0.01,0.99,,Down,Down,yes,ui,186,Down,1
1790572200,btc-updown-5m-1790572200,45,2026-09-28T05:14:15.180Z,44.8,47,2.2,83287.65,83340.02,-6.2839,4-8,0.33,0.7,83287.65,83265.49,,0.01,0.99,,Down,Down,yes,ui,57,Down,1
1790572200,btc-updown-5m-1790572200,30,2026-09-28T05:14:30.328Z,29.7,30,0.3,83278.91,83340.02,-7.3326,4-8,0.53,0.48,83278.91,83242.87,,0.01,0.99,,Down,Down,yes,ui,114,Down,1
1790572200,btc-updown-5m-1790572200,15,2026-09-28T05:14:45.440Z,14.6,15,0.4,83270.31,83340.02,-8.3645,8+,0.53,0.48,83270.31,83298.35,,0.01,0.99,,Down,Down,yes,ui,61,Down,1
1790572800,btc-updown-5m-1790572800,240,2026-09-28T05:21:00.485Z,239.5,241,1.5,83226.6,83224.12,0.298,0-0.5,0.46,0.55,83226.6,83226.35,0.45,0.46,0.54,0.55,Up,Down,no,ui,9,Down,0
1790572800,btc-updown-5m-1790572800,210,2026-09-28T05:21:30.077Z,209.9,211,1.0,83222.89,83224.12,-0.1478,0-0.5,0.35,0.66,83222.89,83206.12,0.34,0.35,0.65,0.66,Down,Down,yes,ui,5,Down,1
1790572800,btc-updown-5m-1790572800,180,2026-09-28T05:22:00.194Z,179.8,181,1.2,83211.24,83224.12,-1.5476,1-2,0.38,0.63,83211.24,83210.88,0.37,0.38,0.62,0.63,Down,Down,yes,ui,65,Down,1
1790572800,btc-updown-5m-1790572800,150,2026-09-28T05:22:30.303Z,149.7,151,1.3,83210.77,83224.12,-1.6041,1-2,0.28,0.73,83210.77,83212.04,0.26,0.27,0.73,0.74,Down,Down,yes,ui,6,Down,1
1790572800,btc-updown-5m-1790572800,120,2026-09-28T05:23:00.399Z,119.6,121,1.4,83209.08,83224.12,-1.8072,1-2,0.08,0.93,83209.08,83173.4,0.07,0.08,0.92,0.93,Down,Down,yes,ui,6,Down,1
1790572800,btc-updown-5m-1790572800,90,2026-09-28T05:23:30.526Z,89.5,91,1.5,83171.3,83224.12,-6.3467,4-8,0.01,,83176.02,83068.99,,0.01,0.99,,Down,Down,yes,ui,9,Down,1
1790572800,btc-updown-5m-1790572800,75,2026-09-28T05:23:45.095Z,74.9,76,1.1,83142.07,83224.12,-9.8589,8+,0.01,,83142.07,83077.97,,0.01,0.99,,Down,Down,yes,ui,10,Down,1
1790572800,btc-updown-5m-1790572800,60,2026-09-28T05:24:00.180Z,59.8,61,1.2,83104.92,83224.12,-14.3228,8+,0.01,,83104.92,83051.37,,0.01,0.99,,Down,Down,yes,ui,23,Down,1
1790572800,btc-updown-5m-1790572800,45,2026-09-28T05:24:15.271Z,44.7,46,1.2,83078.13,83224.12,-17.5418,8+,0.01,,83078.13,83075.51,,0.01,0.99,,Down,Down,yes,ui,4,Down,1
1790572800,btc-updown-5m-1790572800,30,2026-09-28T05:24:30.378Z,29.6,31,1.3,83068.59,83224.12,-18.6881,8+,0.01,,83068.59,83079.83,,0.01,0.99,,Down,Down,yes,ui,29,Down,1
1790572800,btc-updown-5m-1790572800,15,2026-09-28T05:24:45.446Z,14.6,16,1.4,83068.64,83224.12,-18.6821,8+,0.01,,83068.64,83056.81,,0.01,0.99,,Down,Down,yes,ui,5,Down,1
1790573100,btc-updown-5m-1790573100,240,2026-09-28T05:26:00.378Z,239.6,240,0.3,83046.92,83066.63,-2.3728,2-4,0.23,0.78,83046.92,83010.88,0.22,0.23,0.77,0.78,Down,Down,yes,ui,16,Up,0
1790573100,btc-updown-5m-1790573100,210,2026-09-28T05:26:30.501Z,209.5,210,0.5,83033.1,83066.63,-4.0365,4-8,0.39,0.62,83033.1,83035.87,0.38,0.39,0.61,0.62,Down,Down,yes,ui,59,Up,0
1790573100,btc-updown-5m-1790573100,180,2026-09-28T05:27:00.098Z,179.9,181,1.1,83031.47,83066.63,-4.2327,4-8,0.5,0.51,83031.47,83053.04,0.49,0.5,0.5,0.51,Down,Down,yes,ui,23,Up,0
1790573100,btc-updown-5m-1790573100,150,2026-09-28T05:27:30.184Z,149.8,150,0.2,83060.91,83066.63,-0.6886,0.5-1,0.77,0.24,83060.91,83093.17,0.76,0.77,0.23,0.24,Down,Up,no,ui,21,Up,0
1790573100,btc-updown-5m-1790573100,120,2026-09-28T05:28:00.292Z,119.7,120,0.3,83081.13,83066.63,1.7456,1-2,0.74,0.27,83081.13,83088.45,0.73,0.74,0.26,0.27,Up,Up,yes,ui,32,Up,1
1790573100,btc-updown-5m-1790573100,90,2026-09-28T05:28:30.488Z,89.5,90,0.5,83092.87,83066.63,3.1589,2-4,0.96,0.05,83092.87,83108.49,0.95,0.96,0.04,0.05,Up,Up,yes,ui,17,Up,1
1790573100,btc-updown-5m-1790573100,75,2026-09-28T05:28:48.723Z,71.3,76,4.7,83097.99,83066.63,3.7753,2-4,0.84,0.17,83098.59,83084.3,0.79,0.8,0.21,0.22,Up,Up,yes,ui,3580,Up,1
1790573100,btc-updown-5m-1790573100,60,2026-09-28T05:29:00.859Z,59.1,61,1.9,83098.34,83066.63,3.8174,2-4,0.97,0.04,83098.31,83087.78,0.96,0.97,0.03,0.04,Up,Up,yes,ui,455,Up,1
1790573100,btc-updown-5m-1790573100,45,2026-09-28T05:29:15.599Z,44.4,45,0.6,83099.21,83066.63,3.9222,2-4,0.99,0.02,83098.87,83086.74,0.98,0.99,0.01,0.02,Up,Up,yes,ui,125,Up,1
1790573100,btc-updown-5m-1790573100,30,2026-09-28T05:29:31.099Z,28.9,31,2.1,83092.66,83066.63,3.1336,2-4,0.95,0.06,83091.95,83065.16,0.84,0.88,0.12,0.16,Up,Up,yes,ui,922,Up,1
1790573100,btc-updown-5m-1790573100,15,2026-09-28T05:29:45.171Z,14.8,15,0.1,83080.45,83066.63,1.6637,1-2,,0.01,83080.45,83056.13,0.99,,,0.01,Up,Up,yes,ui,14,Up,1
1790573400,btc-updown-5m-1790573400,240,2026-09-28T05:31:00.484Z,239.5,241,1.5,83038.07,83071.84,-4.0652,4-8,0.34,0.67,83038.28,83045.05,0.33,0.34,0.66,0.67,Down,Down,yes,ui,22,Down,1
1790573400,btc-updown-5m-1790573400,210,2026-09-28T05:31:30.119Z,209.9,211,1.1,83044.1,83071.84,-3.3393,2-4,0.27,0.74,83044.1,83024.89,0.26,0.27,0.73,0.74,Down,Down,yes,ui,63,Down,1
1790573400,btc-updown-5m-1790573400,180,2026-09-28T05:32:00.241Z,179.8,181,1.2,83047.83,83071.84,-2.8903,2-4,0.22,0.79,83047.83,83028.85,0.21,0.22,0.78,0.79,Down,Down,yes,ui,47,Down,1
1790573400,btc-updown-5m-1790573400,150,2026-09-28T05:32:30.356Z,149.6,151,1.3,83029.05,83071.84,-5.151,4-8,0.1,0.91,83029.05,82995.0,0.09,0.1,0.9,0.91,Down,Down,yes,ui,31,Down,1
1790573400,btc-updown-5m-1790573400,120,2026-09-28T05:33:00.164Z,119.8,121,1.2,83003.09,83071.84,-8.276,8+,0.03,0.98,83003.09,82980.8,0.03,0.04,0.96,0.97,Down,Down,yes,ui,36,Down,1
1790573400,btc-updown-5m-1790573400,90,2026-09-28T05:33:30.271Z,89.7,91,1.2,82985.99,83071.84,-10.3344,8+,0.01,,82985.99,82949.57,,0.01,0.99,,Down,Down,yes,ui,6,Down,1
1790573400,btc-updown-5m-1790573400,75,2026-09-28T05:33:45.337Z,74.7,76,1.3,82974.81,83071.84,-11.6803,8+,0.01,,82974.81,82961.28,,0.01,0.99,,Down,Down,yes,ui,9,Down,1
1790573400,btc-updown-5m-1790573400,60,2026-09-28T05:34:00.406Z,59.6,61,1.4,82967.24,83071.84,-12.5915,8+,0.01,,82967.24,82933.35,,0.01,0.99,,Down,Down,yes,ui,8,Down,1
1790573400,btc-updown-5m-1790573400,45,2026-09-28T05:34:15.492Z,44.5,46,1.4,82955.64,83071.84,-13.9879,8+,0.01,,82955.64,82926.53,,0.01,0.99,,Down,Down,yes,ui,6,Down,1
1790573400,btc-updown-5m-1790573400,30,2026-09-28T05:34:30.077Z,29.9,31,1.0,82940.29,83071.84,-15.8357,8+,0.01,,82940.29,82910.62,,0.01,0.99,,Down,Down,yes,ui,22,Down,1
1790573400,btc-updown-5m-1790573400,15,2026-09-28T05:34:45.147Z,14.9,16,1.1,82930.06,83071.84,-17.0672,8+,0.01,,82930.06,82910.19,,0.01,0.99,,Down,Down,yes,ui,9,Down,1
